# set	id	path	place	photographer	handle	mean	accent
world-scenery	MdTtpxGlrz8	/photo-1563789031959-4c02bcb41319?ixid=M3w5NjU0NTR8MHwxfHNlYXJjaHwxfHxzYW50b3JpbmklMjBncmVlY2UlMjBjYWxkZXJhfGVufDF8MHx8fDE3ODQ5NTE1Mjd8MA	Santorini, Greece	Dan	dgw_unsplash	#9aa8b7	#577797
world-scenery	gd3ysFyrsTQ	/photo-1578469645742-46cae010e5d4?ixid=M3w5NjU0NTR8MHwxfHNlYXJjaHwxfHxreW90byUyMGphcGFuJTIwdGVtcGxlfGVufDF8MHx8fDE3ODQ5NTE1Mjh8MA	Kyoto, Japan	Cosmin Georgian	cosmingeorgian	#678788	#68dae7
world-scenery	oMneOBYhJxY	/photo-1503614472-8c93d56e92ce?ixid=M3w5NjU0NTR8MHwxfHNlYXJjaHwxfHxtb3JhaW5lJTIwbGFrZSUyMGJhbmZmJTIwY2FuYWRhfGVufDF8MHx8fDE3ODQ5NTE1Mjh8MA	Moraine Lake, Canada	John Lee	john_artifexfilm	#548094	#064767
world-scenery	ySIhrENsguE	/photo-1628087236657-0cc963ad15fd?ixid=M3w5NjU0NTR8MHwxfHNlYXJjaHwxfHx0cmUlMjBjaW1lJTIwZG9sb21pdGVzJTIwaXRhbHl8ZW58MXwwfHx8MTc4NDk1MTUyOXww	Tre Cime, Italy	Nicola Pavan	pavan_nicola	#a9afb4	#89a3c9
world-scenery	ut7XZMquCoU	/photo-1663428520845-056989f8a664?ixid=M3w5NjU0NTR8MHwxfHNlYXJjaHwxfHxsb2ZvdGVuJTIwaXNsYW5kcyUyMG5vcndheXxlbnwxfDB8fHwxNzg0OTUxNTI5fDA	Lofoten, Norway	Benoît Deschasaux	benowa	#707f8b	#57a8e8
world-scenery	oXgPDa0OtAk	/photo-1591640040362-f55d95a6b2bc?ixid=M3w5NjU0NTR8MHwxfHNlYXJjaHwxfHxtaWxmb3JkJTIwc291bmQlMjBuZXclMjB6ZWFsYW5kfGVufDF8MHx8fDE3ODQ5NTE1MzB8MA	Milford Sound, New Zealand	Sébastien Goldberg	sebastiengoldberg	#829dae	#67b8e7
world-scenery	uAcg4PZ_f-o	/photo-1586752488885-6ce47fdfd874?ixid=M3w5NjU0NTR8MHwxfHNlYXJjaHwxfHxtYXR0ZXJob3JuJTIwemVybWF0dCUyMHN3aXR6ZXJsYW5kfGVufDF8MHx8fDE3ODQ5NTE1MzB8MA	Zermatt, Switzerland	Victor He	victorhwn725	#82888b	#455963
world-scenery	H3oXiq7_bII	/photo-1558517286-8a9cb0b8c793?ixid=M3w5NjU0NTR8MHwxfHNlYXJjaHwxfHx0b3JyZXMlMjBkZWwlMjBwYWluZSUyMHBhdGFnb25pYSUyMGNoaWxlfGVufDF8MHx8fDE3ODQ5NTE1MzF8MA	Torres del Paine, Chile	Snowscat	snowscat	#536a7b	#4676a6
world-scenery	54Pfu4EK4pc	/photo-1621959721891-d297dfd9d6ee?ixid=M3w5NjU0NTR8MHwxfHNlYXJjaHwxfHxza29nYWZvc3MlMjB3YXRlcmZhbGwlMjBpY2VsYW5kfGVufDF8MHx8fDE3ODQ5NTE1MzF8MA	Skógafoss, Iceland	Lukas Tennie	luk10	#636b68	#4a5557
world-scenery	p2RbLnqWPVY	/photo-1604156789095-3348604c0f43?ixid=M3w5NjU0NTR8MHwxfHNlYXJjaHwxfHxjYXBwYWRvY2lhJTIwdHVya2V5JTIwYmFsbG9vbnN8ZW58MXwwfHx8MTc4NDk1MTUzMnww	Cappadocia, Türkiye	Timur Garifov	timgarifov	#958679	#d4cab8
world-scenery	5_Bu25SV6X8	/photo-1580834341580-8c17a3a630ca?ixid=M3w5NjU0NTR8MHwxfHNlYXJjaHwxfHxwZXRyYSUyMGpvcmRhbiUyMHRyZWFzdXJ5fGVufDF8MHx8fDE3ODQ5NTE1MzN8MA	Petra, Jordan	Alex Vasey	alexrvasey	#a27160	#a86956
world-scenery	twm0BhBTPE0	/photo-1505598872760-6090aa9ed603?ixid=M3w5NjU0NTR8MHwxfHNlYXJjaHwxfHxzb3NzdXN2bGVpJTIwbmFtaWJpYSUyMGR1bmVzfGVufDF8MHx8fDE3ODQ5NTE1MzN8MA	Sossusvlei, Namibia	Joe McDaniel	bookcrafters	#6f5949	#f2a534
world-scenery	iVYTAfsN9hk	/photo-1567266565446-d9c40ccf59a4?ixid=M3w5NjU0NTR8MHwxfHNlYXJjaHwxfHx6aGFuZ2ppYWppZSUyMGNoaW5hJTIwbW91bnRhaW5zfGVufDF8MHx8fDE3ODQ5NTE1MzN8MA	Zhangjiajie, China	Robynne O	roborobs	#5f6465	#030409
world-scenery	kG7pOXbBfNs	/photo-1643029891412-92f9a81a8c16?ixid=M3w5NjU0NTR8MHwxfHNlYXJjaHwxfHxoYSUyMGxvbmclMjBiYXklMjB2aWV0bmFtfGVufDF8MHx8fDE3ODQ5NTE1MzR8MA	Ha Long Bay, Vietnam	Marina Lobato	mlobatopl	#75978f	#96b4d9
world-scenery	9ZXHUr5aCwM	/photo-1518509562904-e7ef99cdcc86?ixid=M3w5NjU0NTR8MHwxfHNlYXJjaHwxfHxlbCUyMG5pZG8lMjBwYWxhd2FuJTIwcGhpbGlwcGluZXN8ZW58MXwwfHx8MTc4NDk1MTUzNHww	El Nido, Philippines	Cris Tagupa	cjtagupa	#547a80	#056798
world-scenery	qMpo9X4hbFc	/photo-1633820313053-fa030b13ef94?ixid=M3w5NjU0NTR8MHwxfHNlYXJjaHwxfHx0ZWdhbGFsYW5nJTIwcmljZSUyMHRlcnJhY2UlMjBiYWxpJTIwaW5kb25lc2lhfGVufDF8MHx8fDE3ODQ5NTE1MzV8MA	Ubud, Indonesia	Stefan Meier	okokstefan	#748364	#769a38
world-scenery	4hMET7vYTAQ	/photo-1526392060635-9d6019884377?ixid=M3w5NjU0NTR8MHwxfHNlYXJjaHwxfHxtYWNodSUyMHBpY2NodSUyMHBlcnV8ZW58MXwwfHx8MTc4NDk1MTUzNXww	Machu Picchu, Peru	Willian Justen de Vasconcellos	willianjusten	#7d828a	#253849
world-scenery	lYv3hXpFdeY	/photo-1556918936-3e73b945d24f?ixid=M3w5NjU0NTR8MHwxfHNlYXJjaHwxfHxpZ3VhenUlMjBmYWxscyUyMGFyZ2VudGluYXxlbnwxfDB8fHwxNzg0OTUxNTM1fDA	Iguazu Falls, Argentina	Derek Oyen	goosegrease	#3d565b	#185694
world-scenery	GkIGSLW04Nc	/photo-1617374128851-c84e37dc9f37?ixid=M3w5NjU0NTR8MHwxfHNlYXJjaHwxfHxtZXJ6b3VnYSUyMHNhaGFyYSUyMG1vcm9jY28lMjBkdW5lc3xlbnwxfDB8fHwxNzg0OTUxNTM2fDA	Merzouga, Morocco	Emma Van Sant	emma	#ae9485	#a66837
world-scenery	NfkWUOkB78c	/photo-1589312133722-eab40c686ebb?ixid=M3w5NjU0NTR8MHwxfHNlYXJjaHwxfHxwbGl0dmljZSUyMGxha2VzJTIwY3JvYXRpYXxlbnwxfDB8fHwxNzg0OTUxNTM2fDA	Plitvice Lakes, Croatia	Mike Swigunski	mike_swigunski	#718853	#466828
world-scenery	fUZWpaUknyI	/photo-1546706872-9c90b8d0c94f?ixid=M3w5NjU0NTR8MHwxfHNlYXJjaHwxfHxpc2xlJTIwb2YlMjBza3llJTIwc2NvdGxhbmR8ZW58MXwwfHx8MTc4NDk1MTUzN3ww	Isle of Skye, United Kingdom	Reuben Teo	reubenteo	#696e64	#666748
world-scenery	pOWBHdgy1Lo	/photo-1478088913771-e3a36f50bb63?ixid=M3w5NjU0NTR8MHwxfHNlYXJjaHwxfHxsYWtlJTIwYmxlZCUyMHNsb3ZlbmlhfGVufDF8MHx8fDE3ODQ5NTE1Mzd8MA	Lake Bled, Slovenia	Neven Krcmarek	nevenkrcmarek	#546971	#376587
world-scenery	oSWpYjgLuoc	/photo-1620998051604-95ff17ccc537?ixid=M3w5NjU0NTR8MHwxfHNlYXJjaHwxfHxzZXRlJTIwY2lkYWRlcyUyMGF6b3JlcyUyMHBvcnR1Z2FsfGVufDF8MHx8fDE3ODQ5NTE1Mzh8MA	Sete Cidades, Portugal	Damir Babacic	onemorephoto	#6e8a86	#7699a7
world-scenery	DOKH2miZEL0	/photo-1707074111761-3f1db359269e?ixid=M3w5NjU0NTR8MHwxfHNlYXJjaHwxfHxhcmVuYWwlMjB2b2xjYW5vJTIwY29zdGElMjByaWNhfGVufDF8MHx8fDE3ODQ5NTE1Mzh8MA	Arenal, Costa Rica	Vlad D	hiking_corgi	#5e7c8d	#045a96
world-scenery	LKBW3401d-0	/photo-1597086831879-756db15e81d3?ixid=M3w5NjU0NTR8MHwxfHNlYXJjaHwxfHxoYWxsc3RhdHQlMjBhdXN0cmlhJTIwbGFrZSUyMG1vdW50YWluc3xlbnwxfDB8fHwxNzg1MzEzNzk5fDA	Hallstatt, Austria	Hasmik Ghazaryan Olson	find_something_pretty_everyday	#657d83	#396798
world-scenery	-bth-fBljNo	/photo-1504713194693-2afd8cf6fa99?ixid=M3w5NjU0NTR8MHwxfHNlYXJjaHwyfHxoYWxsc3RhdHQlMjBhdXN0cmlhJTIwbGFrZSUyMG1vdW50YWluc3xlbnwxfDB8fHwxNzg1MzEzNzk5fDA	Hallstatt, Austria	Willian Justen de Vasconcellos	willianjusten	#76929b	#153a38
world-scenery	4gmmzoXr0nI	/photo-1709595008029-a8ab573d8325?ixid=M3w5NjU0NTR8MHwxfHNlYXJjaHwxfHxzYXhvbiUyMHN3aXR6ZXJsYW5kJTIwZ2VybWFueSUyMGJhc3Rpb24lMjBicmlkZ2V8ZW58MXwwfHx8MTc4NTMxMzc5OXww	Saxon Switzerland, Germany	Aravind Balabhaskar	aravind_balabhaskar	#595855	#292723
world-scenery	ALiHfJ8vdVw	/photo-1711730423092-14b95476846d?ixid=M3w5NjU0NTR8MHwxfHNlYXJjaHwyfHxzYXhvbiUyMHN3aXR6ZXJsYW5kJTIwZ2VybWFueSUyMGJhc3Rpb24lMjBicmlkZ2V8ZW58MXwwfHx8MTc4NTMxMzc5OXww	Saxon Switzerland, Germany	Anton Etmanov	anton_etmanov	#727781	#95a2bc
world-scenery	DKKkMfzQE3o	/photo-1671010496251-22eab06e3292?ixid=M3w5NjU0NTR8MHwxfHNlYXJjaHwxfHxtb250JTIwc2FpbnQlMjBtaWNoZWwlMjBmcmFuY2V8ZW58MXwwfHx8MTc4NTMxMzc5OXww	Mont Saint-Michel, France	Customerly	customerly	#947165	#987969
world-scenery	EaEEml67Ws8	/photo-1596436831831-87dd84a69101?ixid=M3w5NjU0NTR8MHwxfHNlYXJjaHwyfHxtb250JTIwc2FpbnQlMjBtaWNoZWwlMjBmcmFuY2V8ZW58MXwwfHx8MTc4NTMxMzc5OXww	Mont Saint-Michel, France	Bas van Breukelen	bvanbreukelen	#868e8a	#584506
world-scenery	p2D3wsu5pQM	/photo-1664825381616-5cb8397fd9b1?ixid=M3w5NjU0NTR8MHwxfHNlYXJjaHwxfHxnZWlyYW5nZXJmam9yZCUyMG5vcndheXxlbnwxfDB8fHwxNzg1MzEzNzk5fDA	Geirangerfjord, Norway	admiratio	admiratio	#47564d	#485307
world-scenery	mgmzUNuIFRE	/photo-1721463890748-87863c8f37a7?ixid=M3w5NjU0NTR8MHwxfHNlYXJjaHwyfHxnZWlyYW5nZXJmam9yZCUyMG5vcndheXxlbnwxfDB8fHwxNzg1MzEzNzk5fDA	Geirangerfjord, Norway	Sven	sphotos_00	#52727a	#052538
world-scenery	0Am44gefIUs	/photo-1563555856467-9c34d536240b?ixid=M3w5NjU0NTR8MHwxfHNlYXJjaHwxfHxmYXJvZSUyMGlzbGFuZHMlMjB3YXRlcmZhbGwlMjB2aWxsYWdlfGVufDF8MHx8fDE3ODUzMTM3OTl8MA	Faroe Islands, Denmark	Conor Rees	conorrees	#9c988c	#a6a776
world-scenery	wOoRrNY7L28	/photo-1731772073108-ca6f4ce6c93e?ixid=M3w5NjU0NTR8MHwxfHNlYXJjaHwyfHxmYXJvZSUyMGlzbGFuZHMlMjB3YXRlcmZhbGwlMjB2aWxsYWdlfGVufDF8MHx8fDE3ODUzMTM3OTl8MA	Faroe Islands, Denmark	Tim G	tim1001	#717b71	#263a45
world-scenery	sKm0RZjOgIE	/photo-1602354817989-b9664561ae84?ixid=M3w5NjU0NTR8MHwxfHNlYXJjaHwxfHxjbGlmZnMlMjBvZiUyMG1vaGVyJTIwaXJlbGFuZHxlbnwxfDB8fHwxNzg1MzEzNzk5fDA	Cliffs of Moher, Ireland	Sean Kuriyan	sean189	#8c8066	#664928
world-scenery	Xm5jDcBv_oE	/photo-1570875450638-044bca38ec92?ixid=M3w5NjU0NTR8MHwxfHNlYXJjaHwyfHxjbGlmZnMlMjBvZiUyMG1vaGVyJTIwaXJlbGFuZHxlbnwxfDB8fHwxNzg1MzEzNzk5fDA	Cliffs of Moher, Ireland	Saad Chaudhry	saadchdhry	#878d8b	#b7c6d4
world-scenery	t1N6iM0U9zc	/photo-1595742744735-415fc20ef88f?ixid=M3w5NjU0NTR8MHwxfHNlYXJjaHwxfHxraXJranVmZWxsJTIwbW91bnRhaW4lMjBpY2VsYW5kfGVufDF8MHx8fDE3ODUzMTM3OTl8MA	Kirkjufell, Iceland	Yves Alarie	yvesalarie	#7d7c64	#867629
world-scenery	-pnawSG96Ls	/photo-1605025169915-987049301f31?ixid=M3w5NjU0NTR8MHwxfHNlYXJjaHwyfHxraXJranVmZWxsJTIwbW91bnRhaW4lMjBpY2VsYW5kfGVufDF8MHx8fDE3ODUzMTM3OTl8MA	Kirkjufell, Iceland	Federico Di Dio photography	didiofederico_photographer	#879097	#c7d7e8
world-scenery	HjxxjTwxRdc	/photo-1584565169355-cc2c1b381589?ixid=M3w5NjU0NTR8MHwxfHNlYXJjaHwxfHxzZWNlZGElMjBkb2xvbWl0ZXMlMjBpdGFseXxlbnwxfDB8fHwxNzg1MzEzNzk5fDA	Seceda, Italy	Chris Henry	chrishenryphoto	#777568	#261d15
world-scenery	2fBxIn9YniI	/photo-1663806260665-ca5c96bf0110?ixid=M3w5NjU0NTR8MHwxfHNlYXJjaHwyfHxzZWNlZGElMjBkb2xvbWl0ZXMlMjBpdGFseXxlbnwxfDB8fHwxNzg1MzEzNzk5fDA	Seceda, Italy	Andrew Spencer	iam_aspencer	#afa7a8	#e8e5f4
world-scenery	QuZ6kOAeW2o	/photo-1630009574406-a9b21b77c015?ixid=M3w5NjU0NTR8MHwxfHNlYXJjaHwxfHxsYXV0ZXJicnVubmVuJTIwdmFsbGV5JTIwc3dpdHplcmxhbmR8ZW58MXwwfHx8MTc4NTMxMzc5OXww	Lauterbrunnen, Switzerland	Robin Ulrich	rocoweb	#4e6867	#04abf7
world-scenery	XiW0Zu6yu84	/photo-1515179984198-74497483a356?ixid=M3w5NjU0NTR8MHwxfHNlYXJjaHwyfHxsYXV0ZXJicnVubmVuJTIwdmFsbGV5JTIwc3dpdHplcmxhbmR8ZW58MXwwfHx8MTc4NTMxMzc5OXww	Lauterbrunnen, Switzerland	Michael Lammli	michaellammli	#727869	#737a24
world-scenery	rb32QictaOA	/photo-1733413182592-b0e7a489256d?ixid=M3w5NjU0NTR8MHwxfHNlYXJjaHwxfHxwcm9rbGV0aWplJTIwYWxiYW5pYW4lMjBhbHBzfGVufDF8MHx8fDE3ODUzMTM3OTl8MA	Prokletije, Albania	Alex B	sane124	#658590	#57c8fd
world-scenery	5ThW2r9pl0A	/photo-1748969429956-b662542664b0?ixid=M3w5NjU0NTR8MHwxfHNlYXJjaHwyfHxwcm9rbGV0aWplJTIwYWxiYW5pYW4lMjBhbHBzfGVufDF8MHx8fDE3ODUzMTM3OTl8MA	Prokletije, Albania	Adventure Albania	adventurealbania	#388295	#01a5da
world-scenery	_nupO8tu6sg	/photo-1614122027743-50a9e6e8002f?ixid=M3w5NjU0NTR8MHwxfHNlYXJjaHwxfHxrb3RvciUyMGJheSUyMG1vbnRlbmVncm98ZW58MXwwfHx8MTc4NTMxMzc5OXww	Kotor Bay, Montenegro	olga brajnovic	olgabrajnovic	#697f8b	#6699c5
world-scenery	b_e5K7B3MzQ	/photo-1502824420498-012d4c4f0c42?ixid=M3w5NjU0NTR8MHwxfHNlYXJjaHwyfHxrb3RvciUyMGJheSUyMG1vbnRlbmVncm98ZW58MXwwfHx8MTc4NTMxMzc5OXww	Kotor Bay, Montenegro	Faruk Kaymak	fkaymak	#5d797f	#0088d3
world-scenery	BETurN_ZZPs	/photo-1495386217358-4ffdde036fe7?ixid=M3w5NjU0NTR8MHwxfHNlYXJjaHwxfHxtZXRlb3JhJTIwbW9uYXN0ZXJpZXMlMjBncmVlY2V8ZW58MXwwfHx8MTc4NTMxMzc5OXww	Meteora, Greece	Vangelis Batsikostas	vbatsigr	#5a5a60	#181818
world-scenery	nmz5K3ZYrh8	/photo-1552482496-3c03befc5c25?ixid=M3w5NjU0NTR8MHwxfHNlYXJjaHwyfHxtZXRlb3JhJTIwbW9uYXN0ZXJpZXMlMjBncmVlY2V8ZW58MXwwfHx8MTc4NTMxMzc5OXww	Meteora, Greece	George Tasios	george_tasios	#7f8583	#b6c4ca
world-scenery	lSwy-mj3h4M	/photo-1597241673028-8ee11ba6fe8c?ixid=M3w5NjU0NTR8MHwxfHNlYXJjaHwxfHxwaWNvcyUyMGRlJTIwZXVyb3BhJTIwc3BhaW4lMjBtb3VudGFpbnN8ZW58MXwwfHx8MTc4NTMxMzc5OXww	Picos de Europa, Spain	Javier Rincón	mj_rincon	#6f7b61	#162706
world-scenery	HWdvT20lGFk	/photo-1578318099756-6e3134cbfad0?ixid=M3w5NjU0NTR8MHwxfHNlYXJjaHwyfHxwaWNvcyUyMGRlJTIwZXVyb3BhJTIwc3BhaW4lMjBtb3VudGFpbnN8ZW58MXwwfHx8MTc4NTMxMzc5OXww	Picos de Europa, Spain	Quick PS	quickps	#6d7f5b	#587706
world-scenery	WJQ39Q1rpgA	/photo-1703194887679-406a9b5e7cf6?ixid=M3w5NjU0NTR8MHwxfHNlYXJjaHwxfHxiZW5hZ2lsJTIwY2F2ZSUyMGFsZ2FydmUlMjBwb3J0dWdhbHxlbnwxfDB8fHwxNzg1MzEzNzk5fDA	Benagil Cave, Portugal	Sokmean Nou	missxnou	#778488	#87aad9
world-scenery	NvirgXMLaaY	/photo-1605908082547-0ac083174627?ixid=M3w5NjU0NTR8MHwxfHNlYXJjaHwyfHxiZW5hZ2lsJTIwY2F2ZSUyMGFsZ2FydmUlMjBwb3J0dWdhbHxlbnwxfDB8fHwxNzg1MzEzNzk5fDA	Benagil Cave, Portugal	Artem Zhukov	artemioz	#7f6a57	#573527
world-scenery	2uLztwbU--U	/photo-1621719310529-48540f1e1a50?ixid=M3w5NjU0NTR8MHwxfHNlYXJjaHwxfHxldHJldGF0JTIwY2xpZmZzJTIwbm9ybWFuZHklMjBmcmFuY2V8ZW58MXwwfHx8MTc4NTMxMzgwMHww	Étretat, France	Ophélie Authier	ophelieau	#adada9	#e3e3e4
world-scenery	bgDj0oiknGo	/photo-1697371023937-37c3d5e4eb60?ixid=M3w5NjU0NTR8MHwxfHNlYXJjaHwyfHxldHJldGF0JTIwY2xpZmZzJTIwbm9ybWFuZHklMjBmcmFuY2V8ZW58MXwwfHx8MTc4NTMxMzgwMHww	Étretat, France	Daniela Holzer	matscha	#71989d	#66b5c9
world-scenery	66JOmOvYoKE	/photo-1593616040388-df0aa9049cd2?ixid=M3w5NjU0NTR8MHwxfHNlYXJjaHwxfHxzZXZlbiUyMHJpbGElMjBsYWtlcyUyMGJ1bGdhcmlhfGVufDF8MHx8fDE3ODUzMTM4MDB8MA	Rila Lakes, Bulgaria	Ivan Nedelchev	inedelchev	#6c8668	#455827
world-scenery	rYcPflMWxBU	/photo-1717592018084-7c6a1399e78a?ixid=M3w5NjU0NTR8MHwxfHNlYXJjaHwyfHxzZXZlbiUyMHJpbGElMjBsYWtlcyUyMGJ1bGdhcmlhfGVufDF8MHx8fDE3ODUzMTM4MDB8MA	Rila Lakes, Bulgaria	Мария Вачева	mar4ety20	#84999b	#87c6f9
world-scenery	Tokc7PKfSGM	/photo-1627923983397-c43942747395?ixid=M3w5NjU0NTR8MHwxfHNlYXJjaHwxfHx0cmFuc2ZhZ2FyYXNhbiUyMHJvYWQlMjByb21hbmlhJTIwbW91bnRhaW5zfGVufDF8MHx8fDE3ODUzMTM4MDB8MA	Transfăgărășan, Romania	Tiberiu Potec	wckd_official	#797567	#775927
world-scenery	GcKwoxWvoZo	/photo-1661288246731-a214a17bcf51?ixid=M3w5NjU0NTR8MHwxfHNlYXJjaHwyfHx0cmFuc2ZhZ2FyYXNhbiUyMHJvYWQlMjByb21hbmlhJTIwbW91bnRhaW5zfGVufDF8MHx8fDE3ODUzMTM4MDB8MA	Transfăgărășan, Romania	Cristian Coaja	coajacristian	#444741	#272807
world-scenery	K6CrV4AyF20	/photo-1634842543395-1f502123e081?ixid=M3w5NjU0NTR8MHwxfHNlYXJjaHwxfHxjZXNreSUyMGtydW1sb3YlMjBjemVjaCUyMHJlcHVibGljfGVufDF8MHx8fDE3ODUzMTM4MDB8MA	Český Krumlov, Czechia	Nick Night	nicknight	#74756d	#855946
world-scenery	xzGgJ7AJvZw	/photo-1634842543077-4ff83edb7d9f?ixid=M3w5NjU0NTR8MHwxfHNlYXJjaHwyfHxjZXNreSUyMGtydW1sb3YlMjBjemVjaCUyMHJlcHVibGljfGVufDF8MHx8fDE3ODUzMTM4MDB8MA	Český Krumlov, Czechia	Nick Night	nicknight	#6c7571	#5893b8
world-scenery	TX97Lri0jOA	/photo-1762087464181-26d8bae857b4?ixid=M3w5NjU0NTR8MHwxfHNlYXJjaHwxfHxiaWFsb3dpZXphJTIwZm9yZXN0JTIwcG9sYW5kfGVufDF8MHx8fDE3ODUzMTM4MDB8MA	Białowieża Forest, Poland	Oskar Jabłoński	oj_wildframe	#64664f	#494536
world-scenery	HLXl1Yb6RRA	/photo-1660985238617-de9e2b880f77?ixid=M3w5NjU0NTR8MHwxfHNlYXJjaHwxfHxzYWFyZW1hYSUyMGVzdG9uaWElMjBjb2FzdHxlbnwxfDB8fHwxNzg1MzEzODAwfDA	Saaremaa, Estonia	Ilja Tulit	iljatulit	#5c493b	#271709
world-scenery	InET0AwCX48	/photo-1643611657752-fb0ce6989d88?ixid=M3w5NjU0NTR8MHwxfHNlYXJjaHwxfHxmaW5uaXNoJTIwbGFwbGFuZCUyMGF1cm9yYSUyMGNhYmlufGVufDF8MHx8fDE3ODUzMTM4MDF8MA	Lapland, Finland	Hendrik Morkel	hendrikmorkel	#2d3d36	#212c32
world-scenery	EwwVAaxZ4DM	/photo-1741948924635-13a7ddbc6a05?ixid=M3w5NjU0NTR8MHwxfHNlYXJjaHwyfHxmaW5uaXNoJTIwbGFwbGFuZCUyMGF1cm9yYSUyMGNhYmlufGVufDF8MHx8fDE3ODUzMTM4MDF8MA	Lapland, Finland	Sean C Davis	seancdavis	#373f48	#020403
world-scenery	XNOGg2MsGpk	/photo-1610620746460-de78cf3d1705?ixid=M3w5NjU0NTR8MHwxfHNlYXJjaHwxfHxhYmlza28lMjBzd2VkZW4lMjBub3J0aGVybiUyMGxpZ2h0c3xlbnwxfDB8fHwxNzg1MzEzODAwfDA	Abisko, Sweden	Dylan Shaw	dylanshaw	#3e6b5d	#020604
world-scenery	qYXmOe0ok8k	/photo-1656068697136-b8afb8f484ec?ixid=M3w5NjU0NTR8MHwxfHNlYXJjaHwyfHxhYmlza28lMjBzd2VkZW4lMjBub3J0aGVybiUyMGxpZ2h0c3xlbnwxfDB8fHwxNzg1MzEzODAwfDA	Abisko, Sweden	Jian Liu	jian_leo	#142207	#060a02
world-scenery	uX56v1DplUc	/photo-1695982206459-2d99a05f6637?ixid=M3w5NjU0NTR8MHwxfHNlYXJjaHwxfHxzZW5qYSUyMG5vcndheSUyMG1vdW50YWlucyUyMG9jZWFufGVufDF8MHx8fDE3ODUzMTM4MDF8MA	Senja, Norway	David Becker	beckerworks	#758091	#5584ba
world-scenery	MfJ2x8dfbgE	/photo-1778606987832-1801a6cd4e6d?ixid=M3w5NjU0NTR8MHwxfHNlYXJjaHwyfHxzZW5qYSUyMG5vcndheSUyMG1vdW50YWlucyUyMG9jZWFufGVufDF8MHx8fDE3ODUzMTM4MDF8MA	Senja, Norway	Danny Rienecker	danny_rienecker	#797f74	#464829
world-scenery	z0d5mXs-lI8	/photo-1595538853083-dc3160ca6881?ixid=M3w5NjU0NTR8MHwxfHNlYXJjaHwxfHxnaWFudHMlMjBjYXVzZXdheSUyMG5vcnRoZXJuJTIwaXJlbGFuZHxlbnwxfDB8fHwxNzg1MzEzODAxfDA	Giant's Causeway, United Kingdom	Sean Kuriyan	sean189	#787d7d	#6889b3
world-scenery	AoqaZkN-Tmk	/photo-1667018579852-829a0e6051ba?ixid=M3w5NjU0NTR8MHwxfHNlYXJjaHwyfHxnaWFudHMlMjBjYXVzZXdheSUyMG5vcnRoZXJuJTIwaXJlbGFuZHxlbnwxfDB8fHwxNzg1MzEzODAxfDA	Giant's Causeway, United Kingdom	Korng Sok	korng_sok	#52696a	#0594c8
world-scenery	dGyshquBzOc	/photo-1557316655-8715fdecd2d1?ixid=M3w5NjU0NTR8MHwxfHNlYXJjaHwxfHxzbm93ZG9uaWElMjB3YWxlcyUyMG1vdW50YWlucyUyMGxha2V8ZW58MXwwfHx8MTc4NTMxMzgwMXww	Snowdonia, United Kingdom	Neil Thomas	neilthomas	#9b999c	#787886
world-scenery	tQ5tpj68V-c	/photo-1554111584-944e91192e3c?ixid=M3w5NjU0NTR8MHwxfHNlYXJjaHwyfHxzbm93ZG9uaWElMjB3YWxlcyUyMG1vdW50YWlucyUyMGxha2V8ZW58MXwwfHx8MTc4NTMxMzgwMXww	Snowdonia, United Kingdom	Patrick Gillespie	patrick_gillespie	#746866	#563a33
world-scenery	nZmzYEX1ibU	/photo-1643560074465-f1cac4eea822?ixid=M3w5NjU0NTR8MHwxfHNlYXJjaHwxfHxjYWxhbnF1ZXMlMjBjYXNzaXMlMjBmcmFuY2UlMjB0dXJxdW9pc2V8ZW58MXwwfHx8MTc4NTMxMzgwMHww	Calanques, France	Chloé Mormin	_chloe_photo	#859079	#868837
world-scenery	B9Fg4wrFu5Q	/photo-1657751476211-6f72a937020d?ixid=M3w5NjU0NTR8MHwxfHNlYXJjaHwyfHxjYWxhbnF1ZXMlMjBjYXNzaXMlMjBmcmFuY2UlMjB0dXJxdW9pc2V8ZW58MXwwfHx8MTc4NTMxMzgwMHww	Calanques, France	Manuel Rheinschmidt	litschigraphie	#466e6f	#0287c7
world-scenery	Hrmayke-v8g	/photo-1516132006923-6cf348e5dee2?ixid=M3w5NjU0NTR8MHwxfHNlYXJjaHwxfHxrb25pZ3NzZWUlMjBiYXZhcmlhJTIwZ2VybWFueSUyMGxha2V8ZW58MXwwfHx8MTc4NTMxMzgwMXww	Lake Königssee, Germany	dirk von loen-wagner	dvlw	#69807d	#668599
world-scenery	ahgZ_A6PJXA	/photo-1558070988-1d54ba496536?ixid=M3w5NjU0NTR8MHwxfHNlYXJjaHwyfHxrb25pZ3NzZWUlMjBiYXZhcmlhJTIwZ2VybWFueSUyMGxha2V8ZW58MXwwfHx8MTc4NTMxMzgwMXww	Lake Königssee, Germany	Mario Dobelmann	mariodobelmann	#686968	#7b93ab
world-scenery	Re-gxLyd_D0	/photo-1691161867158-c3aa5ba131c4?ixid=M3w5NjU0NTR8MHwxfHNlYXJjaHwxfHxncm9zc2dsb2NrbmVyJTIwYXVzdHJpYSUyMGFscGluZSUyMHJvYWR8ZW58MXwwfHx8MTc4NTMxMzgwMXww	Grossglockner, Austria	Tim D	timdep	#6a7983	#7386a8
world-scenery	ESnNaiV1Plw	/photo-1620983379290-71e02d8ca563?ixid=M3w5NjU0NTR8MHwxfHNlYXJjaHwyfHxncm9zc2dsb2NrbmVyJTIwYXVzdHJpYSUyMGFscGluZSUyMHJvYWR8ZW58MXwwfHx8MTc4NTMxMzgwMXww	Grossglockner, Austria	Lukas Marek	krtek	#bfc3c6	#c4c8cb
world-scenery	w3zQoRh0QGg	/photo-1656833232728-c017b87fef45?ixid=M3w5NjU0NTR8MHwxfHNlYXJjaHwxfHxzb2NhJTIwcml2ZXIlMjB2YWxsZXklMjBzbG92ZW5pYXxlbnwxfDB8fHwxNzg1MzEzODAxfDA	Soča Valley, Slovenia	Ulrich Knoll	us_knoll	#686f5f	#242917
world-scenery	gGV10-1QTlg	/photo-1624200562245-f48444e25252?ixid=M3w5NjU0NTR8MHwxfHNlYXJjaHwyfHxzb2NhJTIwcml2ZXIlMjB2YWxsZXklMjBzbG92ZW5pYXxlbnwxfDB8fHwxNzg1MzEzODAxfDA	Soča Valley, Slovenia	Žan Janžekovič	zanjanzekovic	#9ea6a1	#87a7ab
world-scenery	zxVmxhaYQnY	/photo-1564477444376-36d692cd2c0c?ixid=M3w5NjU0NTR8MHwxfHNlYXJjaHwxfHxodmFyJTIwY3JvYXRpYSUyMGFkcmlhdGljfGVufDF8MHx8fDE3ODUzMTM4MDF8MA	Hvar, Croatia	Call Me Fred	callmefred	#7d8fa2	#a5c8f2
world-scenery	cLqBsu92gas	/photo-1606385838986-57ac699129a2?ixid=M3w5NjU0NTR8MHwxfHNlYXJjaHwyfHxodmFyJTIwY3JvYXRpYSUyMGFkcmlhdGljfGVufDF8MHx8fDE3ODUzMTM4MDF8MA	Hvar, Croatia	Håkon Grimstad	grimstad	#5e626b	#0759a7
world-scenery	24gpYnCoUpk	/photo-1503147943191-8935764b7a68?ixid=M3w5NjU0NTR8MHwxfHNlYXJjaHwxfHxkdXJtaXRvciUyMG5hdGlvbmFsJTIwcGFyayUyMG1vbnRlbmVncm98ZW58MXwwfHx8MTc4NTMxMzgwMXww	Durmitor, Montenegro	Shant Dem	shantdotme	#6e8682	#0589f9
world-scenery	vktU9VU_CYk	/photo-1656200088379-5b725a1bd4fe?ixid=M3w5NjU0NTR8MHwxfHNlYXJjaHwyfHxkdXJtaXRvciUyMG5hdGlvbmFsJTIwcGFyayUyMG1vbnRlbmVncm98ZW58MXwwfHx8MTc4NTMxMzgwMXww	Durmitor, Montenegro	Illia Panasenko	ipanasenko	#3b544c	#263517
world-scenery	GZjH4cVGgCs	/photo-1544329095-a7c19df83018?ixid=M3w5NjU0NTR8MHwxfHNlYXJjaHwxfHxtb3N0YXIlMjBvbGQlMjBicmlkZ2UlMjBib3NuaWF8ZW58MXwwfHx8MTc4NTMxMzgwMXww	Mostar, Bosnia and Herzegovina	Yu Siang Teo	cloneyusiang	#7c827b	#262c2b
world-scenery	EkjkHpDyVZI	/photo-1526997237335-45a11b46ecb3?ixid=M3w5NjU0NTR8MHwxfHNlYXJjaHwyfHxtb3N0YXIlMjBvbGQlMjBicmlkZ2UlMjBib3NuaWF8ZW58MXwwfHx8MTc4NTMxMzgwMXww	Mostar, Bosnia and Herzegovina	Luka Korica	lkorica_photo	#737663	#668559
world-scenery	cglvZ6SMKTY	/photo-1619371620133-1c4b489a0569?ixid=M3w5NjU0NTR8MHwxfHNlYXJjaHwxfHxsYWtlJTIwb2hyaWQlMjBub3J0aCUyMG1hY2Vkb25pYXxlbnwxfDB8fHwxNzg1MzEzODAxfDA	Ohrid, North Macedonia	Kristijan Arsov	aarsoph	#867e92	#7987b8
world-scenery	9sJdYf-TjRg	/photo-1603554894262-5fe6dab441ed?ixid=M3w5NjU0NTR8MHwxfHNlYXJjaHwyfHxsYWtlJTIwb2hyaWQlMjBub3J0aCUyMG1hY2Vkb25pYXxlbnwxfDB8fHwxNzg1MzEzODAxfDA	Ohrid, North Macedonia	Bojan Bogdanovski	momak	#758ead	#548ac2
world-scenery	cg78NV0c_Ow	/photo-1512679186997-081a6da4e083?ixid=M3w5NjU0NTR8MHwxfHNlYXJjaHwxfHxnb3pvJTIwbWFsdGElMjBjb2FzdHxlbnwxfDB8fHwxNzg1MzEzODAyfDA	Gozo, Malta	Ferenc Horvath	designhorf	#9ba19b	#998659
world-scenery	HY71xubYZDY	/photo-1717234638084-2ba6bdd52ca1?ixid=M3w5NjU0NTR8MHwxfHNlYXJjaHwyfHxnb3pvJTIwbWFsdGElMjBjb2FzdHxlbnwxfDB8fHwxNzg1MzEzODAyfDA	Gozo, Malta	Alexis Careaga	alexis_careaga	#51899a	#01a6da
world-scenery	MLKrf51NV8w	/photo-1500043357865-c6b8827edf10?ixid=M3w5NjU0NTR8MHwxfHNlYXJjaHwxfHx2aWslMjBpY2VsYW5kJTIwYmxhY2slMjBzYW5kJTIwYmVhY2h8ZW58MXwwfHx8MTc4NTMxMzgwMnww	Vík, Iceland	Adam Jang	adamjang	#99a1a9	#b5bcc4
world-scenery	wra9MptZ_ag	/photo-1540752200125-09226f34a392?ixid=M3w5NjU0NTR8MHwxfHNlYXJjaHwyfHx2aWslMjBpY2VsYW5kJTIwYmxhY2slMjBzYW5kJTIwYmVhY2h8ZW58MXwwfHx8MTc4NTMxMzgwMnww	Vík, Iceland	Nuno Antunes	onun	#8c8c8c	#b7b7b7
world-scenery	sWw8Zr2aC2Y	/photo-1632389448299-21bb362faf29?ixid=M3w5NjU0NTR8MHwxfHNlYXJjaHwxfHxtYWRlaXJhJTIwcG9ydHVnYWwlMjBtb3VudGFpbiUyMGNvYXN0fGVufDF8MHx8fDE3ODUzMTM4MDJ8MA	Madeira, Portugal	Alice Kotlyarenko	onegrandtrip	#688ba3	#577488
world-scenery	KW0ZHn3-i0A	/photo-1722607784350-be9b7e8fd71c?ixid=M3w5NjU0NTR8MHwxfHNlYXJjaHwyfHxtYWRlaXJhJTIwcG9ydHVnYWwlMjBtb3VudGFpbiUyMGNvYXN0fGVufDF8MHx8fDE3ODUzMTM4MDJ8MA	Madeira, Portugal	gina	threelions	#657487	#778ba5
world-scenery	WdiOgdWJ_6k	/photo-1613817048356-ef14b4acc3a5?ixid=M3w5NjU0NTR8MHwxfHNlYXJjaHwxfHxtb3VudCUyMGZ1amklMjBqYXBhbiUyMGxha2UlMjBjaGVycnklMjBibG9zc29tc3xlbnwxfDB8fHwxNzg1MzEzODAzfDA	Mount Fuji, Japan	Tunafish	ultratunafish	#a6abb4	#a4bcc8
world-scenery	gD8y1kJYMG4	/photo-1694433463081-f8a1d0ae8db6?ixid=M3w5NjU0NTR8MHwxfHNlYXJjaHwyfHxtb3VudCUyMGZ1amklMjBqYXBhbiUyMGxha2UlMjBjaGVycnklMjBibG9zc29tc3xlbnwxfDB8fHwxNzg1MzEzODAzfDA	Mount Fuji, Japan	Victor Pot	vicpot	#787c7b	#949b9b
world-scenery	fsJ0basri8U	/photo-1632923754832-60642c12a7ed?ixid=M3w5NjU0NTR8MHwxfHNlYXJjaHwxfHxhcmFzaGl5YW1hJTIwYmFtYm9vJTIwZm9yZXN0JTIwa3lvdG98ZW58MXwwfHx8MTc4NTMxMzgwM3ww	Arashiyama, Japan	Duong Nguyen	duonguyen	#8d9669	#87a667
world-scenery	5oguG6eOYrk	/photo-1625904835711-fa25795530e8?ixid=M3w5NjU0NTR8MHwxfHNlYXJjaHwyfHxhcmFzaGl5YW1hJTIwYmFtYm9vJTIwZm9yZXN0JTIwa3lvdG98ZW58MXwwfHx8MTc4NTMxMzgwM3ww	Arashiyama, Japan	Atsushi Tsubokura	tbyphoto	#303613	#25280a
world-scenery	iBzyci-86mc	/photo-1645582115238-f52fe36a2b04?ixid=M3w5NjU0NTR8MHwxfHNlYXJjaHwxfHxzaGlyYWthd2ElMjBnbyUyMGphcGFuJTIwd2ludGVyJTIwdmlsbGFnZXxlbnwxfDB8fHwxNzg1MzEzODAzfDA	Shirakawa-go, Japan	Hyungman Jeon	hyungman	#d9d9e2	#e3e4f0
world-scenery	8nM5OvAtP4k	/photo-1645541842639-756da85c2175?ixid=M3w5NjU0NTR8MHwxfHNlYXJjaHwyfHxzaGlyYWthd2ElMjBnbyUyMGphcGFuJTIwd2ludGVyJTIwdmlsbGFnZXxlbnwxfDB8fHwxNzg1MzEzODAzfDA	Shirakawa-go, Japan	Hyungman Jeon	hyungman	#c5c4ca	#d5d4da
world-scenery	RJ3tAsaYhlU	/photo-1558548283-49230ba2930a?ixid=M3w5NjU0NTR8MHwxfHNlYXJjaHwxfHxqZWp1JTIwaXNsYW5kJTIwc291dGglMjBrb3JlYSUyMGNvYXN0fGVufDF8MHx8fDE3ODUzMTM4MDN8MA	Jeju Island, South Korea	N Riazi	electriclime	#697f85	#47768a
world-scenery	cpOzGV_zcGg	/photo-1672032775879-67dacbd9abbd?ixid=M3w5NjU0NTR8MHwxfHNlYXJjaHwyfHxqZWp1JTIwaXNsYW5kJTIwc291dGglMjBrb3JlYSUyMGNvYXN0fGVufDF8MHx8fDE3ODUzMTM4MDN8MA	Jeju Island, South Korea	Yeonghun Song	yhsong	#5c95bd	#085a84
world-scenery	2Du-53nZKYs	/photo-1685761341534-b155d516eb80?ixid=M3w5NjU0NTR8MHwxfHNlYXJjaHwxfHxzZW9yYWtzYW4lMjBzb3V0aCUyMGtvcmVhJTIwYXV0dW1ufGVufDF8MHx8fDE3ODUzMTM4MDN8MA	Seoraksan, South Korea	Oat Appleseed	oroooat	#78878d	#77a6c8
world-scenery	g4aiRlZEDWA	/photo-1704961254037-bb105fe556bf?ixid=M3w5NjU0NTR8MHwxfHNlYXJjaHwyfHxzZW9yYWtzYW4lMjBzb3V0aCUyMGtvcmVhJTIwYXV0dW1ufGVufDF8MHx8fDE3ODUzMTM4MDN8MA	Seoraksan, South Korea	Elliot Gouy	gouyelliot	#636c6b	#67849a
world-scenery	NOoAtNhIh-4	/photo-1636964886908-7b28097bc746?ixid=M3w5NjU0NTR8MHwxfHNlYXJjaHwxfHxndWlsaW4lMjBjaGluYSUyMGthcnN0JTIwbGklMjByaXZlcnxlbnwxfDB8fHwxNzg1MzEzODAzfDA	Guilin, China	Conny Schneider	choys_	#7f909d	#476a85
world-scenery	qiHeIonjVXY	/photo-1600436411659-5a06af616167?ixid=M3w5NjU0NTR8MHwxfHNlYXJjaHwyfHxndWlsaW4lMjBjaGluYSUyMGthcnN0JTIwbGklMjByaXZlcnxlbnwxfDB8fHwxNzg1MzEzODAzfDA	Guilin, China	William Zhang	ceye2eye	#9597a4	#0a142a
world-scenery	P0b85U_Vsk8	/photo-1782051576883-1c5950d3e0f4?ixid=M3w5NjU0NTR8MHwxfHNlYXJjaHwxfHxqaXV6aGFpZ291JTIwY2hpbmElMjB0dXJxdW9pc2UlMjBsYWtlfGVufDF8MHx8fDE3ODUzMTM4MDN8MA	Jiuzhaigou, China	Shuting Cao	nevertle	#4f7372	#4597a9
world-scenery	LHwmTyghi68	/photo-1769778234463-606fd5aaaef3?ixid=M3w5NjU0NTR8MHwxfHNlYXJjaHwyfHxqaXV6aGFpZ291JTIwY2hpbmElMjB0dXJxdW9pc2UlMjBsYWtlfGVufDF8MHx8fDE3ODUzMTM4MDN8MA	Jiuzhaigou, China	Yunfan Li	sakana_yoyo	#394445	#263736
world-scenery	X_e8h5vyl9M	/photo-1597942580594-c459370b02b2?ixid=M3w5NjU0NTR8MHwxfHNlYXJjaHwxfHx5dWFueWFuZyUyMHJpY2UlMjB0ZXJyYWNlcyUyMGNoaW5hfGVufDF8MHx8fDE3ODUzMTM4MDN8MA	Yuanyang, China	A F	af13	#8898a2	#385875
world-scenery	PMdUnMVgcCE	/photo-1676561636763-4b7eb36c616a?ixid=M3w5NjU0NTR8MHwxfHNlYXJjaHwyfHx5dWFueWFuZyUyMHJpY2UlMjB0ZXJyYWNlcyUyMGNoaW5hfGVufDF8MHx8fDE3ODUzMTM4MDN8MA	Yuanyang, China	zhang dayong	dayongzhang	#4b515a	#050605
world-scenery	zhVN71I8888	/photo-1644495949450-9a0fe21b7376?ixid=M3w5NjU0NTR8MHwxfHNlYXJjaHwxfHx0aWdlcnMlMjBuZXN0JTIwbW9uYXN0ZXJ5JTIwYmh1dGFufGVufDF8MHx8fDE3ODU0MDA0MjR8MA	Tiger's Nest, Bhutan	Priyangshu SV	priyangshusv	#3c544e	#074955
world-scenery	EAooJUiW4bo	/photo-1665731235408-130bf915c424?ixid=M3w5NjU0NTR8MHwxfHNlYXJjaHwyfHx0aWdlcnMlMjBuZXN0JTIwbW9uYXN0ZXJ5JTIwYmh1dGFufGVufDF8MHx8fDE3ODU0MDA0MjR8MA	Tiger's Nest, Bhutan	Truly Bhutan	trulybhutan	#86858e	#484758
world-scenery	4gRMSNdZT8k	/photo-1729176989417-10cab5aa9076?ixid=M3w5NjU0NTR8MHwxfHNlYXJjaHwxfHxwdW5ha2hhJTIwZHpvbmclMjBiaHV0YW58ZW58MXwwfHx8MTc4NTQwMDQyNXww	Punakha, Bhutan	Raul Taciu	raultaciu	#67655a	#848b94
world-scenery	rCnHOzY-Ji8	/photo-1584095434749-d1b975e1ca9c?ixid=M3w5NjU0NTR8MHwxfHNlYXJjaHwyfHxwdW5ha2hhJTIwZHpvbmclMjBiaHV0YW58ZW58MXwwfHx8MTc4NTQwMDQyNXww	Punakha, Bhutan	Nils Leonhardt	ambasteir	#93989e	#e9e9ea
world-scenery	SyDy54CSHBg	/photo-1572109801525-0bb0272e8579?ixid=M3w5NjU0NTR8MHwxfHNlYXJjaHwxfHxhbm5hcHVybmElMjBuZXBhbCUyMGhpbWFsYXlhfGVufDF8MHx8fDE3ODU0MDA0MjR8MA	Annapurna, Nepal	Giacomo Berardi	giacbrd	#2d5e6e	#0056a5
world-scenery	-sz-PCtnmFI	/photo-1718179634911-8551f8b0cccf?ixid=M3w5NjU0NTR8MHwxfHNlYXJjaHwyfHxhbm5hcHVybmElMjBuZXBhbCUyMGhpbWFsYXlhfGVufDF8MHx8fDE3ODU0MDA0MjR8MA	Annapurna, Nepal	Martin Skřivánek	skrivan	#497a92	#0087e7
world-scenery	vyUb6VxcH0c	/photo-1697746149225-63a33bcb2ea4?ixid=M3w5NjU0NTR8MHwxfHNlYXJjaHwxfHxldmVyZXN0JTIwYmFzZSUyMGNhbXAlMjBuZXBhbCUyMGhpbWFsYXlhfGVufDF8MHx8fDE3ODU0MDA0MjV8MA	Everest Base Camp, Nepal	Dylan Shaw	dylanshaw	#72767d	#887656
world-scenery	johHd-MxPsc	/photo-1701255136052-b33f78a886a4?ixid=M3w5NjU0NTR8MHwxfHNlYXJjaHwyfHxldmVyZXN0JTIwYmFzZSUyMGNhbXAlMjBuZXBhbCUyMGhpbWFsYXlhfGVufDF8MHx8fDE3ODU0MDA0MjV8MA	Everest Base Camp, Nepal	Dylan Shaw	dylanshaw	#697e95	#4694eb
world-scenery	MrW_AqAFNR0	/photo-1593118845043-359e5f628214?ixid=M3w5NjU0NTR8MHwxfHNlYXJjaHwxfHxwYW5nb25nJTIwbGFrZSUyMGxhZGFraCUyMGluZGlhfGVufDF8MHx8fDE3ODU0MDA0MjV8MA	Pangong Lake, India	Hans-Jurgen Mager	hansjurgen007	#827a77	#668bb6
world-scenery	J_3681O7enY	/photo-1606857090627-27ca46667290?ixid=M3w5NjU0NTR8MHwxfHNlYXJjaHwyfHxwYW5nb25nJTIwbGFrZSUyMGxhZGFraCUyMGluZGlhfGVufDF8MHx8fDE3ODU0MDA0MjV8MA	Pangong Lake, India	Ken S	chum94555	#708a8f	#037486
world-scenery	JS_ohjocm00	/photo-1491497895121-1334fc14d8c9?ixid=M3w5NjU0NTR8MHwxfHNlYXJjaHwxfHxtdW5uYXIlMjBrZXJhbGElMjBpbmRpYSUyMHRlYSUyMHBsYW50YXRpb25zfGVufDF8MHx8fDE3ODU0MDA0MjV8MA	Munnar, India	Vivek Kumar	qriusv	#879a4d	#496409
world-scenery	srvtMQSWDhE	/photo-1589983846997-04788035bc83?ixid=M3w5NjU0NTR8MHwxfHNlYXJjaHwyfHxtdW5uYXIlMjBrZXJhbGElMjBpbmRpYSUyMHRlYSUyMHBsYW50YXRpb25zfGVufDF8MHx8fDE3ODU0MDA0MjV8MA	Munnar, India	Philip Liju	philipliju72	#7c7a60	#374615
world-scenery	I_8I75ogzkE	/photo-1596018382916-56d2e341d784?ixid=M3w5NjU0NTR8MHwxfHNlYXJjaHwxfHxoYW1waSUyMGluZGlhJTIwcnVpbnMlMjBsYW5kc2NhcGV8ZW58MXwwfHx8MTc4NTQwMDQyNXww	Hampi, India	Srusti Valakamadinni	whisk_n_click	#7e7162	#274775
world-scenery	Tum8FHdSxd4	/photo-1606141836992-bfcb00c776c2?ixid=M3w5NjU0NTR8MHwxfHNlYXJjaHwyfHxoYW1waSUyMGluZGlhJTIwcnVpbnMlMjBsYW5kc2NhcGV8ZW58MXwwfHx8MTc4NTQwMDQyNXww	Hampi, India	Salil	salilkoli	#75808b	#7896c7
world-scenery	smUAKwMT8XA	/photo-1612862862126-865765df2ded?ixid=M3w5NjU0NTR8MHwxfHNlYXJjaHwxfHxzaWdpcml5YSUyMHJvY2slMjBzcmklMjBsYW5rYXxlbnwxfDB8fHwxNzg1NDAwNDI1fDA	Sigiriya, Sri Lanka	Dylan Shaw	dylanshaw	#666a4e	#384419
world-scenery	KYBc1eq0dJo	/photo-1580794749460-76f97b7180d8?ixid=M3w5NjU0NTR8MHwxfHNlYXJjaHwyfHxzaWdpcml5YSUyMHJvY2slMjBzcmklMjBsYW5rYXxlbnwxfDB8fHwxNzg1NDAwNDI1fDA	Sigiriya, Sri Lanka	Shashank Hudkar	shashankm19	#54808a	#0375d8
world-scenery	jpTT_SAU034	/photo-1566296314736-6eaac1ca0cb9?ixid=M3w5NjU0NTR8MHwxfHNlYXJjaHwxfHxlbGxhJTIwc3JpJTIwbGFua2ElMjBuaW5lJTIwYXJjaGVzJTIwYnJpZGdlfGVufDF8MHx8fDE3ODU0MDA0MjV8MA	Ella, Sri Lanka	Hendrik Cornelissen	the_bracketeer	#6e745d	#496526
world-scenery	1wMdltt1LTg	/photo-1704797389230-100a9bbb5b73?ixid=M3w5NjU0NTR8MHwxfHNlYXJjaHwyfHxlbGxhJTIwc3JpJTIwbGFua2ElMjBuaW5lJTIwYXJjaGVzJTIwYnJpZGdlfGVufDF8MHx8fDE3ODU0MDA0MjV8MA	Ella, Sri Lanka	Matt Dany	mattdany	#4f5142	#464837
world-scenery	ZTIEPcsjJaw	/photo-1556967789-e6512208cf68?ixid=M3w5NjU0NTR8MHwxfHNlYXJjaHwxfHxiYWdhbiUyMG15YW5tYXIlMjB0ZW1wbGVzJTIwc3VucmlzZXxlbnwxfDB8fHwxNzg1NDAwNDI1fDA	Bagan, Myanmar	Sébastien Goldberg	sebastiengoldberg	#717565	#f4e7b8
world-scenery	_zYWhzsxKSQ	/photo-1526203042074-45587ed26c02?ixid=M3w5NjU0NTR8MHwxfHNlYXJjaHwyfHxiYWdhbiUyMG15YW5tYXIlMjB0ZW1wbGVzJTIwc3VucmlzZXxlbnwxfDB8fHwxNzg1NDAwNDI1fDA	Bagan, Myanmar	Maria Bolgiani	mariabolgiani	#997a5e	#372822
world-scenery	-cUpk-arjJg	/photo-1553419462-a2e3c6d55a0f?ixid=M3w5NjU0NTR8MHwxfHNlYXJjaHwxfHxpbmxlJTIwbGFrZSUyMG15YW5tYXJ8ZW58MXwwfHx8MTc4NTQwMDQyNXww	Inle Lake, Myanmar	Sébastien Goldberg	sebastiengoldberg	#8e9eae	#6699c8
world-scenery	CH7JI7pwVcU	/photo-1519877428050-f51669c289d7?ixid=M3w5NjU0NTR8MHwxfHNlYXJjaHwyfHxpbmxlJTIwbGFrZSUyMG15YW5tYXJ8ZW58MXwwfHx8MTc4NTQwMDQyNXww	Inle Lake, Myanmar	Mega Caesaria	megacaesaria	#7397a5	#5597b9
world-scenery	npwjNTG_SQA	/photo-1508690471604-cafd081190a1?ixid=M3w5NjU0NTR8MHwxfHNlYXJjaHwxfHxsdWFuZyUyMHByYWJhbmclMjBsYW9zJTIwd2F0ZXJmYWxsfGVufDF8MHx8fDE3ODU0MDA0MjV8MA	Luang Prabang, Laos	Sam Ferrara	samferrara	#7c7561	#483927
world-scenery	cRtjdMATUFI	/photo-1444290679983-dd3aabf671ec?ixid=M3w5NjU0NTR8MHwxfHNlYXJjaHwyfHxsdWFuZyUyMHByYWJhbmclMjBsYW9zJTIwd2F0ZXJmYWxsfGVufDF8MHx8fDE3ODU0MDA0MjV8MA	Luang Prabang, Laos	Barb Canale	bardcanele	#6d765d	#879738
world-scenery	mcEfqFoxQ40	/photo-1504639650150-bf773680d8c3?ixid=M3w5NjU0NTR8MHwxfHNlYXJjaHwxfHxhbmdrb3IlMjB3YXQlMjBjYW1ib2RpYSUyMHN1bnJpc2V8ZW58MXwwfHx8MTc4NTQwMDQyNXww	Angkor Wat, Cambodia	Florian Hahn	whoisflo	#5c3c45	#020101
world-scenery	7KQmtTT1DPU	/photo-1722052179738-659a771b5ff2?ixid=M3w5NjU0NTR8MHwxfHNlYXJjaHwyfHxhbmdrb3IlMjB3YXQlMjBjYW1ib2RpYSUyMHN1bnJpc2V8ZW58MXwwfHx8MTc4NTQwMDQyNXww	Angkor Wat, Cambodia	Roth Chanvirak	rothchanvirak_19	#9d7f5b	#f9a779
world-scenery	-WJ3ekW1Y6k	/photo-1699962131133-9e478a1fc2ff?ixid=M3w5NjU0NTR8MHwxfHNlYXJjaHwxfHxuaW5oJTIwYmluaCUyMHZpZXRuYW0lMjBsaW1lc3RvbmUlMjByaXZlcnxlbnwxfDB8fHwxNzg1NDAwNDI1fDA	Ninh Bình, Vietnam	Rebecca Clarke	rebeccaclarke	#7d8a82	#97b4e4
world-scenery	b9bfmOuo3rg	/photo-1768158186627-54e98abb4bb1?ixid=M3w5NjU0NTR8MHwxfHNlYXJjaHwyfHxuaW5oJTIwYmluaCUyMHZpZXRuYW0lMjBsaW1lc3RvbmUlMjByaXZlcnxlbnwxfDB8fHwxNzg1NDAwNDI1fDA	Ninh Bình, Vietnam	Bernd 📷 Dittrich	hdbernd	#647166	#3a5445
world-scenery	qDZ-Xd8dX6w	/photo-1596401057633-54a8fe8ef647?ixid=M3w5NjU0NTR8MHwxfHNlYXJjaHwxfHxob2klMjBhbiUyMHZpZXRuYW0lMjBsYW50ZXJuc3xlbnwxfDB8fHwxNzg1NDAwNDI1fDA	Hội An, Vietnam	Steffen Bertram	steffen_bertram	#675841	#273737
world-scenery	nj70WidlPjc	/photo-1691927644490-e1a24b366a5e?ixid=M3w5NjU0NTR8MHwxfHNlYXJjaHwyfHxob2klMjBhbiUyMHZpZXRuYW0lMjBsYW50ZXJuc3xlbnwxfDB8fHwxNzg1NDAwNDI1fDA	Hội An, Vietnam	Hieu Do Quang	magicaleye7	#604033	#060817
world-scenery	YcXOWbWk8-U	/photo-1641892025774-a983e690280e?ixid=M3w5NjU0NTR8MHwxfHNlYXJjaHwxfHxraGFvJTIwc29rJTIwdGhhaWxhbmQlMjBsYWtlJTIwbGltZXN0b25lfGVufDF8MHx8fDE3ODU0MDA0MjV8MA	Khao Sok, Thailand	Polina Kocheva	kocheva	#708394	#667a87
world-scenery	o-SmPQih3ag	/photo-1641892025794-2de340f5c738?ixid=M3w5NjU0NTR8MHwxfHNlYXJjaHwyfHxraGFvJTIwc29rJTIwdGhhaWxhbmQlMjBsYWtlJTIwbGltZXN0b25lfGVufDF8MHx8fDE3ODU0MDA0MjV8MA	Khao Sok, Thailand	Polina Kocheva	kocheva	#7994aa	#5a7995
world-scenery	jWKk-0ZBUyg	/photo-1552465011-b4e21bf6e79a?ixid=M3w5NjU0NTR8MHwxfHNlYXJjaHwxfHxyYWlsYXklMjBiZWFjaCUyMHRoYWlsYW5kJTIwY2xpZmZzfGVufDF8MHx8fDE3ODU0MDA0MjZ8MA	Railay Beach, Thailand	Sumit Chinchane	sumit_ac	#587c9b	#0066ca
world-scenery	5F_c9i3JP0I	/photo-1504214208698-ea1916a2195a?ixid=M3w5NjU0NTR8MHwxfHNlYXJjaHwyfHxyYWlsYXklMjBiZWFjaCUyMHRoYWlsYW5kJTIwY2xpZmZzfGVufDF8MHx8fDE3ODU0MDA0MjZ8MA	Railay Beach, Thailand	Jakob Owens	jakobowens1	#677c6d	#76a997
world-scenery	4t8ar23MmJs	/photo-1747806735725-ad02ac970269?ixid=M3w5NjU0NTR8MHwxfHNlYXJjaHwxfHxrb21vZG8lMjBpc2xhbmQlMjBpbmRvbmVzaWElMjBwaW5rJTIwYmVhY2h8ZW58MXwwfHx8MTc4NTQwMDQyNnww	Komodo, Indonesia	Hongbin	hbsun2013	#979ca5	#baa8a2
world-scenery	OuXbvQj0meo	/photo-1643044034131-001b53336bd0?ixid=M3w5NjU0NTR8MHwxfHNlYXJjaHwyfHxrb21vZG8lMjBpc2xhbmQlMjBpbmRvbmVzaWElMjBwaW5rJTIwYmVhY2h8ZW58MXwwfHx8MTc4NTQwMDQyNnww	Komodo, Indonesia	Aruka Death	jalankaswarinomer39	#647c99	#16569b
world-scenery	VcpMPsf_Ex0	/photo-1518043610038-064362b44076?ixid=M3w5NjU0NTR8MHwxfHNlYXJjaHwxfHxtb3VudCUyMGJyb21vJTIwaW5kb25lc2lhJTIwc3VucmlzZXxlbnwxfDB8fHwxNzg1NDAwNDI2fDA	Mount Bromo, Indonesia	Thomas Ciszewski	coc6	#949bac	#93abd4
world-scenery	z5gpw7UqCvk	/flagged/photo-1557804521-990f076ccb96?ixid=M3w5NjU0NTR8MHwxfHNlYXJjaHwyfHxtb3VudCUyMGJyb21vJTIwaW5kb25lc2lhJTIwc3VucmlzZXxlbnwxfDB8fHwxNzg1NDAwNDI2fDA	Mount Bromo, Indonesia	Snowscat	snowscat	#848c94	#97cbf1
world-scenery	wjuB3-rbuqg	/photo-1724258391590-6cfdc2d783b4?ixid=M3w5NjU0NTR8MHwxfHNlYXJjaHwxfHxyYWphJTIwYW1wYXQlMjBpbmRvbmVzaWElMjBpc2xhbmRzfGVufDF8MHx8fDE3ODU0MDA0MjZ8MA	Raja Ampat, Indonesia	SnapSaga	catauggie	#64939b	#86c7f4
world-scenery	odfWue8fwuE	/photo-1745917784557-a93bf209232c?ixid=M3w5NjU0NTR8MHwxfHNlYXJjaHwyfHxyYWphJTIwYW1wYXQlMjBpbmRvbmVzaWElMjBpc2xhbmRzfGVufDF8MHx8fDE3ODU0MDA0MjZ8MA	Raja Ampat, Indonesia	Erick Morales Oyola	ejmoralesoyola	#60958f	#006458
world-scenery	BMsgUyPTFY8	/photo-1621217308295-afe2f0b40a69?ixid=M3w5NjU0NTR8MHwxfHNlYXJjaHwxfHxiYW5hdWUlMjByaWNlJTIwdGVycmFjZXMlMjBwaGlsaXBwaW5lc3xlbnwxfDB8fHwxNzg1NDAwNDI2fDA	Banaue, Philippines	Ashton Jalra Garcia	ashvisual_10	#939486	#666847
world-scenery	hFuDKU4LTwk	/photo-1711060266983-92bd378c850c?ixid=M3w5NjU0NTR8MHwxfHNlYXJjaHwyfHxiYW5hdWUlMjByaWNlJTIwdGVycmFjZXMlMjBwaGlsaXBwaW5lc3xlbnwxfDB8fHwxNzg1NDAwNDI2fDA	Banaue, Philippines	Helena Pfisterer	pixbyhelena	#503f38	#0a0503
world-scenery	VEnc4fnXDmQ	/photo-1728042743743-e2a2abf35c47?ixid=M3w5NjU0NTR8MHwxfHNlYXJjaHwxfHxjaG9jb2xhdGUlMjBoaWxscyUyMGJvaG9sJTIwcGhpbGlwcGluZXN8ZW58MXwwfHx8MTc4NTQwMDQyNnww	Chocolate Hills, Philippines	Geio Tischler	oww	#566759	#192317
world-scenery	Ac7sWF9ogFA	/photo-1757949640707-805fc997ae4c?ixid=M3w5NjU0NTR8MHwxfHNlYXJjaHwyfHxjaG9jb2xhdGUlMjBoaWxscyUyMGJvaG9sJTIwcGhpbGlwcGluZXN8ZW58MXwwfHx8MTc4NTQwMDQyNnww	Chocolate Hills, Philippines	Bo Zhang	bozh_ntu	#65716e	#396589
world-scenery	juFTPN6uv3w	/photo-1663168074436-c6fc315bfd61?ixid=M3w5NjU0NTR8MHwxfHNlYXJjaHwxfHxtb3VudCUyMGtpbmFiYWx1JTIwbWFsYXlzaWF8ZW58MXwwfHx8MTc4NTQwMDQyNnww	Mount Kinabalu, Malaysia	Ong Cheng Zheng	ocz0929	#bac1c6	#d6e3ec
world-scenery	QyBVb0zw6Vw	/photo-1681081449038-524f4683c6aa?ixid=M3w5NjU0NTR8MHwxfHNlYXJjaHwyfHxtb3VudCUyMGtpbmFiYWx1JTIwbWFsYXlzaWF8ZW58MXwwfHx8MTc4NTQwMDQyNnww	Mount Kinabalu, Malaysia	Bryan Heng	bryan_hys	#768c9c	#5896c3
world-scenery	W-5BBOLCROA	/photo-1669812848176-593dcd49f308?ixid=M3w5NjU0NTR8MHwxfHNlYXJjaHwxfHxjYW1lcm9uJTIwaGlnaGxhbmRzJTIwbWFsYXlzaWElMjB0ZWF8ZW58MXwwfHx8MTc4NTQwMDQyNnww	Cameron Highlands, Malaysia	Simon Wiedensohler	simonwiedensohler	#6d7c69	#455725
world-scenery	8njspdW-AYQ	/photo-1651608100799-6fcf6af041ec?ixid=M3w5NjU0NTR8MHwxfHNlYXJjaHwyfHxjYW1lcm9uJTIwaGlnaGxhbmRzJTIwbWFsYXlzaWElMjB0ZWF8ZW58MXwwfHx8MTc4NTQwMDQyNnww	Cameron Highlands, Malaysia	Job Savelsberg	jobsavelsberg	#8c967a	#687548
world-scenery	7ryPpZK1qV8	/photo-1496939376851-89342e90adcd?ixid=M3w5NjU0NTR8MHwxfHNlYXJjaHwxfHxnYXJkZW5zJTIwYnklMjB0aGUlMjBiYXklMjBzaW5nYXBvcmUlMjBuaWdodHxlbnwxfDB8fHwxNzg1NDAwNDI2fDA	Gardens by the Bay, Singapore	Mike Enerio	mikeenerio	#253657	#081738
world-scenery	Gf_KqXHU-PY	/photo-1565967511849-76a60a516170?ixid=M3w5NjU0NTR8MHwxfHNlYXJjaHwyfHxnYXJkZW5zJTIwYnklMjB0aGUlMjBiYXklMjBzaW5nYXBvcmUlMjBuaWdodHxlbnwxfDB8fHwxNzg1NDAwNDI2fDA	Gardens by the Bay, Singapore	Joshua Ang	jangus231	#3f3f55	#030717
world-scenery	D8R_txR_0PE	/photo-1543964198-d54e4f0e44e3?ixid=M3w5NjU0NTR8MHwxfHNlYXJjaHwxfHx3YWRpJTIwcnVtJTIwam9yZGFuJTIwZGVzZXJ0fGVufDF8MHx8fDE3ODU0MDA0MjZ8MA	Wadi Rum, Jordan	Damian Denis	dwade	#b5b1ab	#bba386
world-scenery	-EJEaytR9fw	/photo-1538426923164-6869f58ccae5?ixid=M3w5NjU0NTR8MHwxfHNlYXJjaHwyfHx3YWRpJTIwcnVtJTIwam9yZGFuJTIwZGVzZXJ0fGVufDF8MHx8fDE3ODU0MDA0MjZ8MA	Wadi Rum, Jordan	Anton Lecock	antonlec	#909da7	#255788
world-scenery	nQvFebPtqbw	/photo-1642425149790-6067ff132526?ixid=M3w5NjU0NTR8MHwxfHNlYXJjaHwxfHxzb2NvdHJhJTIweWVtZW4lMjBkcmFnb24lMjBibG9vZCUyMHRyZWVzfGVufDF8MHx8fDE3ODU0MDA0MjZ8MA	Socotra, Yemen	Andrew Svk	andrew_svk	#79725f	#776846
world-scenery	upHTCWMZO80	/photo-1642425149727-571cb5072dbb?ixid=M3w5NjU0NTR8MHwxfHNlYXJjaHwyfHxzb2NvdHJhJTIweWVtZW4lMjBkcmFnb24lMjBibG9vZCUyMHRyZWVzfGVufDF8MHx8fDE3ODU0MDA0MjZ8MA	Socotra, Yemen	Andrew Svk	andrew_svk	#746f63	#454337
world-scenery	VNgMlJhRDM4	/photo-1615399144021-822ba908c6f3?ixid=M3w5NjU0NTR8MHwxfHNlYXJjaHwxfHxtdXNhbmRhbSUyMG9tYW4lMjBmam9yZHN8ZW58MXwwfHx8MTc4NTQwMDQyNnww	Musandam, Oman	Julius Yls	juliusyls	#8e97a0	#56636a
world-scenery	8tpoNommFFc	/photo-1682197291565-2231d4b4f616?ixid=M3w5NjU0NTR8MHwxfHNlYXJjaHwyfHxtdXNhbmRhbSUyMG9tYW4lMjBmam9yZHN8ZW58MXwwfHx8MTc4NTQwMDQyNnww	Musandam, Oman	Monika Guzikowska	monik_guzik	#6f8089	#475367
world-scenery	R1gC_gJaJ14	/photo-1609151712779-4f86b3de7308?ixid=M3w5NjU0NTR8MHwxfHNlYXJjaHwxfHxhbHVsYSUyMHNhdWRpJTIwYXJhYmlhJTIwZGVzZXJ0JTIwcm9ja3N8ZW58MXwwfHx8MTc4NTQwMDQyNnww	AlUla, Saudi Arabia	M K	mk189	#9f8373	#a77449
world-scenery	uy31GNGpuUU	/photo-1709606576549-94bddb0ba985?ixid=M3w5NjU0NTR8MHwxfHNlYXJjaHwyfHxhbHVsYSUyMHNhdWRpJTIwYXJhYmlhJTIwZGVzZXJ0JTIwcm9ja3N8ZW58MXwwfHx8MTc4NTQwMDQyNnww	AlUla, Saudi Arabia	Satishaa Javali	usatishaa	#a1775d	#b77546
world-scenery	njEXjDmYn8w	/photo-1512970648279-ff3398568f77?ixid=M3w5NjU0NTR8MHwxfHNlYXJjaHwxfHxzaGVpa2glMjB6YXllZCUyMG1vc3F1ZSUyMGFidSUyMGRoYWJpfGVufDF8MHx8fDE3ODU0MDA0Mjd8MA	Sheikh Zayed Mosque, United Arab Emirates	Juan Camilo Guarin P	jcguarinpenaranda	#8ca3b7	#6596c6
world-scenery	CFbVdWD1RiI	/flagged/photo-1558113118-e42e558b352a?ixid=M3w5NjU0NTR8MHwxfHNlYXJjaHwyfHxzaGVpa2glMjB6YXllZCUyMG1vc3F1ZSUyMGFidSUyMGRoYWJpfGVufDF8MHx8fDE3ODU0MDA0Mjd8MA	Sheikh Zayed Mosque, United Arab Emirates	Farhan Khan	farhan5792	#a8917e	#a56947
world-scenery	DT4W3TF60mk	/photo-1663090597495-a4ed1ecc7402?ixid=M3w5NjU0NTR8MHwxfHNlYXJjaHwxfHxob3JtdXolMjBpc2xhbmQlMjBpcmFuJTIwY29sb3JmdWwlMjBtb3VudGFpbnN8ZW58MXwwfHx8MTc4NTQwMDQyN3ww	Hormuz Island, Iran	Gerard V	gerard87	#979292	#68a6d5
world-scenery	MrnGNMhai3Y	/photo-1610029902895-df8866a87ce2?ixid=M3w5NjU0NTR8MHwxfHNlYXJjaHwyfHxob3JtdXolMjBpc2xhbmQlMjBpcmFuJTIwY29sb3JmdWwlMjBtb3VudGFpbnN8ZW58MXwwfHx8MTc4NTQwMDQyN3ww	Hormuz Island, Iran	Maryam Abbasi	maryamqm7	#6b7b8f	#015597
world-scenery	JMjB1zQ09Oc	/photo-1604750201786-0eeb77924f0f?ixid=M3w5NjU0NTR8MHwxfHNlYXJjaHwxfHxjYXBwYWRvY2lhJTIwdHVya2V5JTIwcm9jayUyMGZvcm1hdGlvbnMlMjBzdW5yaXNlfGVufDF8MHx8fDE3ODU0MDA0Mjd8MA	Cappadocia Valleys, Türkiye	Kaan Kosemen	kaankosemen	#a18c7d	#876956
world-scenery	s7kIl0uy3nM	/photo-1628007087728-77a4ac288947?ixid=M3w5NjU0NTR8MHwxfHNlYXJjaHwyfHxjYXBwYWRvY2lhJTIwdHVya2V5JTIwcm9jayUyMGZvcm1hdGlvbnMlMjBzdW5yaXNlfGVufDF8MHx8fDE3ODU0MDA0Mjd8MA	Cappadocia Valleys, Türkiye	Alexandra Tran	alexgoesglobal	#91949e	#b7d5f8
world-scenery	MyUiC-RwLT8	/photo-1634726180955-e840f92fa473?ixid=M3w5NjU0NTR8MHwxfHNlYXJjaHwxfHxsYWtlJTIwc2V2YW4lMjBhcm1lbmlhJTIwbW9uYXN0ZXJ5fGVufDF8MHx8fDE3ODU0MDA0Mjd8MA	Lake Sevan, Armenia	Daria Kurennaya	dkurennaya	#9a9a9f	#75695b
world-scenery	Z9ve_vq8yno	/photo-1674592023972-993e86ebd3b1?ixid=M3w5NjU0NTR8MHwxfHNlYXJjaHwyfHxsYWtlJTIwc2V2YW4lMjBhcm1lbmlhJTIwbW9uYXN0ZXJ5fGVufDF8MHx8fDE3ODU0MDA0Mjd8MA	Lake Sevan, Armenia	Evgeny Matveev	eugene_rus	#7f897e	#8799a5
world-scenery	8bPJ0vagphw	/photo-1577701122197-c9607038bd90?ixid=M3w5NjU0NTR8MHwxfHNlYXJjaHwxfHxrYXpiZWdpJTIwZ2VvcmdpYSUyMGNhdWNhc3VzJTIwY2h1cmNofGVufDF8MHx8fDE3ODU0MDA0Mjd8MA	Kazbegi, Georgia	Patrick Schneider	patrick_schneider	#66806e	#637977
world-scenery	iTMcLaE6A8k	/photo-1568632102228-b7d3e77459c3?ixid=M3w5NjU0NTR8MHwxfHNlYXJjaHwyfHxrYXpiZWdpJTIwZ2VvcmdpYSUyMGNhdWNhc3VzJTIwY2h1cmNofGVufDF8MHx8fDE3ODU0MDA0Mjd8MA	Kazbegi, Georgia	Timur Kozmenko	timrael	#98a9a7	#a7bac9
world-scenery	yLZQDFY7aIM	/photo-1769761906118-8265557519ee?ixid=M3w5NjU0NTR8MHwxfHNlYXJjaHwxfHxnb2J1c3RhbiUyMGF6ZXJiYWlqYW4lMjBtdWQlMjB2b2xjYW5vfGVufDF8MHx8fDE3ODU0MDA0Mjd8MA	Gobustan, Azerbaijan	Parviz Hajizada	parvisuals	#8d9090	#775647
world-scenery	wUCbyb0IiSQ	/photo-1681333969500-be8dda10c964?ixid=M3w5NjU0NTR8MHwxfHNlYXJjaHwyfHxnb2J1c3RhbiUyMGF6ZXJiYWlqYW4lMjBtdWQlMjB2b2xjYW5vfGVufDF8MHx8fDE3ODU0MDA0Mjd8MA	Gobustan, Azerbaijan	Uladzislau Petrushkevich	vladuken	#636567	#84868a
world-scenery	uj4TyuvM72w	/photo-1677475191981-653bcfcc3cd2?ixid=M3w5NjU0NTR8MHwxfHNlYXJjaHwxfHxjaGFyeW4lMjBjYW55b24lMjBrYXpha2hzdGFufGVufDF8MHx8fDE3ODU0MDA0Mjd8MA	Charyn Canyon, Kazakhstan	Tim Broadbent	timbrofrance	#a3867a	#673527
world-scenery	oCraqR8vXlc	/photo-1676495093917-a47555d35a33?ixid=M3w5NjU0NTR8MHwxfHNlYXJjaHwyfHxjaGFyeW4lMjBjYW55b24lMjBrYXpha2hzdGFufGVufDF8MHx8fDE3ODU0MDA0Mjd8MA	Charyn Canyon, Kazakhstan	Irina Shishkina	whoisrobinhood	#74615e	#383a44
world-scenery	8qv0BPskgoA	/photo-1586635449738-36ba1adce069?ixid=M3w5NjU0NTR8MHwxfHNlYXJjaHwxfHxzb25nJTIwa3VsJTIwbGFrZSUyMGt5cmd5enN0YW4lMjB5dXJ0c3xlbnwxfDB8fHwxNzg1NDAwNDI3fDA	Song-Kul, Kyrgyzstan	Marek Brzóska	mrdexis	#697183	#233469
world-scenery	vfqBO91mIWc	/photo-1621425022467-e88186ba5642?ixid=M3w5NjU0NTR8MHwxfHNlYXJjaHwxfHxwYW1pciUyMGhpZ2h3YXklMjB0YWppa2lzdGFuJTIwbW91bnRhaW5zfGVufDF8MHx8fDE3ODU0MDA0Mjd8MA	Pamir Highway, Tajikistan	Joel Heard	kazheard	#aba8a8	#a9a6a5
world-scenery	1a3oeopHa-U	/photo-1622112315641-4325e2082821?ixid=M3w5NjU0NTR8MHwxfHNlYXJjaHwyfHxwYW1pciUyMGhpZ2h3YXklMjB0YWppa2lzdGFuJTIwbW91bnRhaW5zfGVufDF8MHx8fDE3ODU0MDA0Mjd8MA	Pamir Highway, Tajikistan	Joel Heard	kazheard	#757877	#386498
world-scenery	hvLu3ABC1n0	/photo-1664602078796-68ee76b3fc59?ixid=M3w5NjU0NTR8MHwxfHNlYXJjaHwxfHxyZWdpc3RhbiUyMHNhbWFya2FuZCUyMHV6YmVraXN0YW58ZW58MXwwfHx8MTc4NTQwMDQyN3ww	Registan, Uzbekistan	Ozodbek Erkinov	demac_csgo	#b48f73	#947778
world-scenery	JRpE5XBwlg0	/photo-1733586092622-1b3201e802a5?ixid=M3w5NjU0NTR8MHwxfHNlYXJjaHwyfHxyZWdpc3RhbiUyMHNhbWFya2FuZCUyMHV6YmVraXN0YW58ZW58MXwwfHx8MTc4NTQwMDQyN3ww	Registan, Uzbekistan	Hans-Jürgen Weinhardt	hansjuergen	#8d8d86	#5985bb
world-scenery	eiwVOa9zb10	/photo-1448772917253-74bbbe249b30?ixid=M3w5NjU0NTR8MHwxfHNlYXJjaHwxfHxkYXJ2YXphJTIwZ2FzJTIwY3JhdGVyJTIwdHVya21lbmlzdGFufGVufDF8MHx8fDE3ODU0MDA0Mjd8MA	Darvaza, Turkmenistan	Ybrayym Esenov	ibrhyme	#26201f	#1d1d1d
world-scenery	Zl7SGXzmGzY	/photo-1667922210719-566cbfec2b11?ixid=M3w5NjU0NTR8MHwxfHNlYXJjaHwxfHxodW56YSUyMHZhbGxleSUyMHBha2lzdGFuJTIwbW91bnRhaW5zfGVufDF8MHx8fDE3ODU1MTAzODN8MA	Hunza Valley, Pakistan	Ishan @seefromthesky	seefromthesky	#7e9397	#676459
world-scenery	okCtU0aXkwc	/photo-1592875146220-b769961ebe54?ixid=M3w5NjU0NTR8MHwxfHNlYXJjaHwyfHxodW56YSUyMHZhbGxleSUyMHBha2lzdGFuJTIwbW91bnRhaW5zfGVufDF8MHx8fDE3ODU1MTAzODN8MA	Hunza Valley, Pakistan	Hassaan Malik	hassaanmalik18	#646c7e	#353945
world-scenery	9YdPLMYLShM	/photo-1760366371766-1feff5bf14be?ixid=M3w5NjU0NTR8MHwxfHNlYXJjaHwxfHxmYWlyeSUyMG1lYWRvd3MlMjBuYW5nYSUyMHBhcmJhdCUyMHBha2lzdGFufGVufDF8MHx8fDE3ODU1MTAzODN8MA	Fairy Meadows, Pakistan	Asim Rehman	_asimrehman	#738a87	#69b4f4
world-scenery	k47C3UYHUFg	/photo-1664872749442-01507d1f1c6e?ixid=M3w5NjU0NTR8MHwxfHNlYXJjaHwyfHxmYWlyeSUyMG1lYWRvd3MlMjBuYW5nYSUyMHBhcmJhdCUyMHBha2lzdGFufGVufDF8MHx8fDE3ODU1MTAzODN8MA	Fairy Meadows, Pakistan	Aqib Bilal	aqibawan96	#8c8876	#c5c3b8
world-scenery	R9aGMjQHBrQ	/photo-1586398001760-068b32569e00?ixid=M3w5NjU0NTR8MHwxfHNlYXJjaHwxfHxzZXJlbmdldGklMjB0YW56YW5pYSUyMGFjYWNpYSUyMHN1bnNldHxlbnwxfDB8fHwxNzg1NTEwMzgzfDA	Serengeti, Tanzania	roya ann miller	royaannmiller	#6b6866	#252824
world-scenery	xPbprms3u6Q	/photo-1560440293-855922f9cc7d?ixid=M3w5NjU0NTR8MHwxfHNlYXJjaHwyfHxzZXJlbmdldGklMjB0YW56YW5pYSUyMGFjYWNpYSUyMHN1bnNldHxlbnwxfDB8fHwxNzg1NTEwMzgzfDA	Serengeti, Tanzania	Dawn Westveld	dawnw73	#787374	#272718
world-scenery	BlQTC_JzRLY	/photo-1745885979468-44a855f8a5fa?ixid=M3w5NjU0NTR8MHwxfHNlYXJjaHwxfHxuZ29yb25nb3JvJTIwY3JhdGVyJTIwdGFuemFuaWF8ZW58MXwwfHx8MTc4NTUxMDM4M3ww	Ngorongoro, Tanzania	Matthew Stephenson	matthewryanstephenson	#6b6f5e	#383417
world-scenery	ks9Jr6dPfC8	/photo-1532017201189-87395e311df4?ixid=M3w5NjU0NTR8MHwxfHNlYXJjaHwyfHxuZ29yb25nb3JvJTIwY3JhdGVyJTIwdGFuemFuaWF8ZW58MXwwfHx8MTc4NTUxMDM4M3ww	Ngorongoro, Tanzania	Hendrik Cornelissen	the_bracketeer	#9ba689	#a99648
world-scenery	yDiDd2bBUM4	/photo-1511965675262-c4e1e6ac3f06?ixid=M3w5NjU0NTR8MHwxfHNlYXJjaHwxfHxtb3VudCUyMGtpbGltYW5qYXJvJTIwdGFuemFuaWF8ZW58MXwwfHx8MTc4NTUxMDM4M3ww	Mount Kilimanjaro, Tanzania	Harshil Gudka	hgudka97	#3e6787	#043866
world-scenery	0B9M9dPRQnk	/photo-1705292219152-cb4782d65f49?ixid=M3w5NjU0NTR8MHwxfHNlYXJjaHwyfHxtb3VudCUyMGtpbGltYW5qYXJvJTIwdGFuemFuaWF8ZW58MXwwfHx8MTc4NTUxMDM4M3ww	Mount Kilimanjaro, Tanzania	Otis w	otiswo	#404040	#262626
world-scenery	X0zDHG38Fb0	/photo-1778039186056-ed5ec54389f5?ixid=M3w5NjU0NTR8MHwxfHNlYXJjaHwxfHx6YW56aWJhciUyMHRhbnphbmlhJTIwdHVycXVvaXNlJTIwYmVhY2h8ZW58MXwwfHx8MTc4NTUxMDM4M3ww	Zanzibar, Tanzania	Frost Peak	leocohen	#528daa	#4575b8
world-scenery	T-LfvX-7IVg	/photo-1547471080-7cc2caa01a7e?ixid=M3w5NjU0NTR8MHwxfHNlYXJjaHwxfHxtYWFzYWklMjBtYXJhJTIwa2VueWElMjB3aWxkbGlmZSUyMGxhbmRzY2FwZXxlbnwxfDB8fHwxNzg1NTEwMzg0fDA	Maasai Mara, Kenya	Damian Patkowski	damianpatkowski	#93684d	#562517
world-scenery	eHo9sAfMN6Q	/photo-1618856445394-259e67220916?ixid=M3w5NjU0NTR8MHwxfHNlYXJjaHwyfHxtYWFzYWklMjBtYXJhJTIwa2VueWElMjB3aWxkbGlmZSUyMGxhbmRzY2FwZXxlbnwxfDB8fHwxNzg1NTEwMzg0fDA	Maasai Mara, Kenya	Leon Pauleikhoff	lebalu	#859a9f	#a8d7f7
world-scenery	B3fLaAAy6nU	/photo-1558907685-9f38cd850e1e?ixid=M3w5NjU0NTR8MHwxfHNlYXJjaHwyfHxhbWJvc2VsaSUyMGtlbnlhJTIwZWxlcGhhbnRzJTIwa2lsaW1hbmphcm98ZW58MXwwfHx8MTc4NTUxMDM4M3ww	Amboseli, Kenya	Photos By Beks	photosbybeks	#a3a793	#c7d4e3
world-scenery	m_06_L3cKY0	/photo-1667935837291-1dc178866251?ixid=M3w5NjU0NTR8MHwxfHNlYXJjaHwxfHxkaWFuaSUyMGJlYWNoJTIwa2VueWF8ZW58MXwwfHx8MTc4NTUxMDM4NHww	Diani Beach, Kenya	Ezekiel Kilimo	ezek	#5d7388	#164578
world-scenery	PZ1HKuLdKAc	/photo-1651860282131-e3257674ccd1?ixid=M3w5NjU0NTR8MHwxfHNlYXJjaHwyfHxkaWFuaSUyMGJlYWNoJTIwa2VueWF8ZW58MXwwfHx8MTc4NTUxMDM4NHww	Diani Beach, Kenya	Andrew Molo	molosocial	#bfd5f0	#d8e8fb
world-scenery	8PF8fl6e6yE	/photo-1583140310426-9187b6489be3?ixid=M3w5NjU0NTR8MHwxfHNlYXJjaHwxfHxid2luZGklMjBmb3Jlc3QlMjB1Z2FuZGElMjBtaXN0fGVufDF8MHx8fDE3ODU1MTAzODR8MA	Bwindi Forest, Uganda	Itote Rubombora	itoterubombora	#7d888a	#aab8c7
world-scenery	zXu9RsYKgHA	/photo-1551357176-7d517a48c209?ixid=M3w5NjU0NTR8MHwxfHNlYXJjaHwyfHxid2luZGklMjBmb3Jlc3QlMjB1Z2FuZGElMjBtaXN0fGVufDF8MHx8fDE3ODU1MTAzODR8MA	Bwindi Forest, Uganda	Random Institute	randominstitute	#5d6648	#798658
world-scenery	P0elkKyA31o	/photo-1756245994917-7fef9d2df7a9?ixid=M3w5NjU0NTR8MHwxfHNlYXJjaHwxfHx2b2xjYW5vZXMlMjBuYXRpb25hbCUyMHBhcmslMjByd2FuZGF8ZW58MXwwfHx8MTc4NTUxMDM4NHww	Volcanoes National Park, Rwanda	Tamrat TOULOUMON	tamrat10	#717d75	#484a17
world-scenery	MXDBIU5qW48	/photo-1667504320745-eade6c25e053?ixid=M3w5NjU0NTR8MHwxfHNlYXJjaHwyfHx2b2xjYW5vZXMlMjBuYXRpb25hbCUyMHBhcmslMjByd2FuZGF8ZW58MXwwfHx8MTc4NTUxMDM4NHww	Volcanoes National Park, Rwanda	Emmy Shingiro	eshingiro	#7b8b84	#768678
world-scenery	eRFC0_U0hGE	/photo-1572888195250-3037a59d3578?ixid=M3w5NjU0NTR8MHwxfHNlYXJjaHwxfHxzaW1pZW4lMjBtb3VudGFpbnMlMjBldGhpb3BpYXxlbnwxfDB8fHwxNzg1NTEwMzg0fDA	Simien Mountains, Ethiopia	Erik Hathaway	erikhathaway	#5e663d	#888847
world-scenery	vSpuHmEGxcI	/photo-1608634193723-1865aa4416ce?ixid=M3w5NjU0NTR8MHwxfHNlYXJjaHwyfHxzaW1pZW4lMjBtb3VudGFpbnMlMjBldGhpb3BpYXxlbnwxfDB8fHwxNzg1NTEwMzg0fDA	Simien Mountains, Ethiopia	Hunde Gemechu	hundea	#62675e	#473926
world-scenery	E0gtyLcD4NE	/photo-1564101151838-630e722d7b1f?ixid=M3w5NjU0NTR8MHwxfHNlYXJjaHwxfHxkYW5ha2lsJTIwZGVwcmVzc2lvbiUyMGV0aGlvcGlhJTIwY29sb3JzfGVufDF8MHx8fDE3ODU1MTAzODR8MA	Danakil Depression, Ethiopia	Jorge Tung	jorgetung	#968f66	#b6b768
world-scenery	6SgfEwkA02Y	/flagged/photo-1572644973628-e9be84915d59?ixid=M3w5NjU0NTR8MHwxfHNlYXJjaHwxfHxsYWxpYmVsYSUyMGV0aGlvcGlhJTIwcm9jayUyMGNodXJjaHxlbnwxfDB8fHwxNzg1NTEwMzg0fDA	Lalibela, Ethiopia	mulugeta wolde	onestopproductions	#614647	#442a27
world-scenery	W_QhR76B8dY	/photo-1614815684544-99ec63eebb3f?ixid=M3w5NjU0NTR8MHwxfHNlYXJjaHwyfHxsYWxpYmVsYSUyMGV0aGlvcGlhJTIwcm9jayUyMGNodXJjaHxlbnwxfDB8fHwxNzg1NTEwMzg0fDA	Lalibela, Ethiopia	fame of God studios	fameofgodstudios_1	#a7998e	#965736
world-scenery	jk_2Ak2z3JY	/photo-1722645148077-a7f99c8bcef2?ixid=M3w5NjU0NTR8MHwxfHNlYXJjaHwxfHxva2F2YW5nbyUyMGRlbHRhJTIwYm90c3dhbmElMjBhZXJpYWx8ZW58MXwwfHx8MTc4NTUxMDM4NHww	Okavango Delta, Botswana	Sheila C	qld_traveller	#5d8c71	#487547
world-scenery	uihrkX40Jx0	/photo-1756903723056-ae7e64b95ca4?ixid=M3w5NjU0NTR8MHwxfHNlYXJjaHwyfHxva2F2YW5nbyUyMGRlbHRhJTIwYm90c3dhbmElMjBhZXJpYWx8ZW58MXwwfHx8MTc4NTUxMDM4NHww	Okavango Delta, Botswana	Jade Plk	jadeplk	#80846f	#7b8367
world-scenery	t3mbI7dtGzM	/photo-1759216942506-76a56bcd79e8?ixid=M3w5NjU0NTR8MHwxfHNlYXJjaHwxfHxtYWtnYWRpa2dhZGklMjBzYWx0JTIwcGFucyUyMGJvdHN3YW5hfGVufDF8MHx8fDE3ODU1MTAzODR8MA	Makgadikgadi, Botswana	Ed Wingate	ed_wingate	#d0cac7	#d2d4d9
world-scenery	f4RP2nBkudA	/photo-1759221947509-dbb6c5b0d444?ixid=M3w5NjU0NTR8MHwxfHNlYXJjaHwyfHxtYWtnYWRpa2dhZGklMjBzYWx0JTIwcGFucyUyMGJvdHN3YW5hfGVufDF8MHx8fDE3ODU1MTAzODR8MA	Makgadikgadi, Botswana	Ed Wingate	ed_wingate	#b19674	#b2894b
world-scenery	xsypL99HP3Q	/photo-1627347456206-d3df7d8484b0?ixid=M3w5NjU0NTR8MHwxfHNlYXJjaHwxfHx2aWN0b3JpYSUyMGZhbGxzJTIwemltYmFid2V8ZW58MXwwfHx8MTc4NTUxMDM4NXww	Victoria Falls, Zimbabwe	Tanner Marquis	tanleemarquis	#66696c	#273845
world-scenery	lqBM9IsXhiY	/photo-1634179412263-19d96377c1a2?ixid=M3w5NjU0NTR8MHwxfHNlYXJjaHwyfHx2aWN0b3JpYSUyMGZhbGxzJTIwemltYmFid2V8ZW58MXwwfHx8MTc4NTUxMDM4NXww	Victoria Falls, Zimbabwe	Jeremy Boley	jeremyboley	#5b6d76	#458be5
world-scenery	JbCdsqF9Di4	/photo-1567097957353-cad2ca7ae955?ixid=M3w5NjU0NTR8MHwxfHNlYXJjaHwxfHxibHlkZSUyMHJpdmVyJTIwY2FueW9uJTIwc291dGglMjBhZnJpY2F8ZW58MXwwfHx8MTc4NTUxMDM4NXww	Blyde River Canyon, South Africa	Arthur Hickinbotham	arthurhick	#5c6c79	#384755
world-scenery	ttxMOW4IqZk	/photo-1567095199861-5317ac763c1a?ixid=M3w5NjU0NTR8MHwxfHNlYXJjaHwyfHxibHlkZSUyMHJpdmVyJTIwY2FueW9uJTIwc291dGglMjBhZnJpY2F8ZW58MXwwfHx8MTc4NTUxMDM4NXww	Blyde River Canyon, South Africa	Arthur Hickinbotham	arthurhick	#6d7880	#475767
world-scenery	lFzVv5BFQxk	/photo-1566840021296-9c0dfd6ab36d?ixid=M3w5NjU0NTR8MHwxfHNlYXJjaHwxfHxkcmFrZW5zYmVyZyUyMHNvdXRoJTIwYWZyaWNhJTIwbW91bnRhaW5zfGVufDF8MHx8fDE3ODU1MTAzODV8MA	Drakensberg, South Africa	Arthur Hickinbotham	arthurhick	#526e6f	#0296f9
world-scenery	qqIOlje2b9g	/photo-1566840021279-9713abd97c05?ixid=M3w5NjU0NTR8MHwxfHNlYXJjaHwyfHxkcmFrZW5zYmVyZyUyMHNvdXRoJTIwYWZyaWNhJTIwbW91bnRhaW5zfGVufDF8MHx8fDE3ODU1MTAzODV8MA	Drakensberg, South Africa	Arthur Hickinbotham	arthurhick	#737367	#b89658
world-scenery	XJnG9OsmS2c	/photo-1591178675678-1e76fbc255ab?ixid=M3w5NjU0NTR8MHwxfHNlYXJjaHwxfHxjYXBlJTIwcG9pbnQlMjBzb3V0aCUyMGFmcmljYSUyMGNvYXN0fGVufDF8MHx8fDE3ODU1MTAzODV8MA	Cape Point, South Africa	Rahul Chakraborty	hckmstrrahul	#7997b1	#c3dcf8
world-scenery	dPPX7yeWoyw	/photo-1647010160133-689a4e12b971?ixid=M3w5NjU0NTR8MHwxfHNlYXJjaHwyfHxjYXBlJTIwcG9pbnQlMjBzb3V0aCUyMGFmcmljYSUyMGNvYXN0fGVufDF8MHx8fDE3ODU1MTAzODV8MA	Cape Point, South Africa	Pitso M	pitso_m	#748191	#96b5ec
world-scenery	Oa9rIO4jCcE	/photo-1641799316634-635b5e1152b1?ixid=M3w5NjU0NTR8MHwxfHNlYXJjaHwxfHxuYW1hcXVhbGFuZCUyMHNvdXRoJTIwYWZyaWNhJTIwZmxvd2Vyc3xlbnwxfDB8fHwxNzg1NTEwMzg1fDA	Namaqualand, South Africa	Amy Harrison	amy_harrison	#9e8141	#a76826
world-scenery	fufAPvcn5vE	/photo-1641566403819-100b75cb8764?ixid=M3w5NjU0NTR8MHwxfHNlYXJjaHwyfHxuYW1hcXVhbGFuZCUyMHNvdXRoJTIwYWZyaWNhJTIwZmxvd2Vyc3xlbnwxfDB8fHwxNzg1NTEwMzg1fDA	Namaqualand, South Africa	Amy Harrison	amy_harrison	#7c7758	#777846
world-scenery	V_T5TFWHNoA	/photo-1659944984855-776187144baf?ixid=M3w5NjU0NTR8MHwxfHNlYXJjaHwxfHxhdmVudWUlMjBvZiUyMGJhb2JhYnMlMjBtYWRhZ2FzY2FyfGVufDF8MHx8fDE3ODU1MTAzODV8MA	Avenue of the Baobabs, Madagascar	Noah Grossenbacher	ravni	#634c46	#44261a
world-scenery	MIwNopNvIGM	/photo-1659944975073-453265ccf3a6?ixid=M3w5NjU0NTR8MHwxfHNlYXJjaHwyfHxhdmVudWUlMjBvZiUyMGJhb2JhYnMlMjBtYWRhZ2FzY2FyfGVufDF8MHx8fDE3ODU1MTAzODV8MA	Avenue of the Baobabs, Madagascar	Noah Grossenbacher	ravni	#928a85	#060602
world-scenery	1ZcEPkTc_uM	/photo-1781428268792-23853eab57ef?ixid=M3w5NjU0NTR8MHwxfHNlYXJjaHwxfHx0c2luZ3klMjBkZSUyMGJlbWFyYWhhJTIwbWFkYWdhc2NhcnxlbnwxfDB8fHwxNzg1NTEwMzg1fDA	Tsingy de Bemaraha, Madagascar	Rafael Peier	rafaelpeier	#9fa7a5	#87b9f6
world-scenery	IZaWkxaVtN8	/photo-1781428268785-2506ad60a835?ixid=M3w5NjU0NTR8MHwxfHNlYXJjaHwyfHx0c2luZ3klMjBkZSUyMGJlbWFyYWhhJTIwbWFkYWdhc2NhcnxlbnwxfDB8fHwxNzg1NTEwMzg1fDA	Tsingy de Bemaraha, Madagascar	Rafael Peier	rafaelpeier	#8e97a4	#374766
world-scenery	ByAHlRiTQjo	/photo-1513415277900-a62401e19be4?ixid=M3w5NjU0NTR8MHwxfHNlYXJjaHwxfHxsZSUyMG1vcm5lJTIwbWF1cml0aXVzJTIwYWVyaWFsfGVufDF8MHx8fDE3ODU1MTAzODV8MA	Le Morne, Mauritius	Xavier Coiffic	xaviercoiffic	#3e8996	#037677
world-scenery	dcovteh2ti4	/photo-1513415431848-a433b3de449f?ixid=M3w5NjU0NTR8MHwxfHNlYXJjaHwyfHxsZSUyMG1vcm5lJTIwbWF1cml0aXVzJTIwYWVyaWFsfGVufDF8MHx8fDE3ODU1MTAzODV8MA	Le Morne, Mauritius	Xavier Coiffic	xaviercoiffic	#527b82	#033649
world-scenery	NncAbldgViA	/photo-1569383746724-6f1b882b8f46?ixid=M3w5NjU0NTR8MHwxfHNlYXJjaHwxfHxjaGVmY2hhb3VlbiUyMG1vcm9jY28lMjBibHVlJTIwY2l0eXxlbnwxfDB8fHwxNzg1NTEwMzg2fDA	Chefchaouen, Morocco	Pretty Pink	infinitexplorer	#7eacb8	#01c8e3
world-scenery	JibMa0FbyHw	/flagged/photo-1555169048-3c4845cfcf1c?ixid=M3w5NjU0NTR8MHwxfHNlYXJjaHwyfHxjaGVmY2hhb3VlbiUyMG1vcm9jY28lMjBibHVlJTIwY2l0eXxlbnwxfDB8fHwxNzg1NTEwMzg2fDA	Chefchaouen, Morocco	Milad Alizadeh	miladsnaps	#5c90c1	#1876e7
world-scenery	igsHnN0p0So	/photo-1766084799223-2277e074361a?ixid=M3w5NjU0NTR8MHwxfHNlYXJjaHwxfHxhdGxhcyUyMG1vdW50YWlucyUyMG1vcm9jY28lMjB2aWxsYWdlfGVufDF8MHx8fDE3ODU1MTAzODZ8MA	Atlas Mountains, Morocco	Jolien Quintyn	jolien_quintyn	#848583	#77a5b7
world-scenery	erg9zCloOgs	/photo-1534003085889-5e1870403fdc?ixid=M3w5NjU0NTR8MHwxfHNlYXJjaHwyfHxhdGxhcyUyMG1vdW50YWlucyUyMG1vcm9jY28lMjB2aWxsYWdlfGVufDF8MHx8fDE3ODU1MTAzODZ8MA	Atlas Mountains, Morocco	Louis Hansel	louishansel	#a78462	#c68a57
world-scenery	T-tOgjWZ0fQ	/photo-1516687401797-25297ff1462c?ixid=M3w5NjU0NTR8MHwxfHNlYXJjaHwxfHx5b3NlbWl0ZSUyMHZhbGxleSUyMGNhbGlmb3JuaWF8ZW58MXwwfHx8MTc4NTUxMDM4Nnww	Yosemite Valley, United States	Aniket Deole	anik3t	#6d7577	#8ab2ca
world-scenery	vaPoJZB9Mzg	/photo-1488441770602-aed21fc49bd5?ixid=M3w5NjU0NTR8MHwxfHNlYXJjaHwyfHx5b3NlbWl0ZSUyMHZhbGxleSUyMGNhbGlmb3JuaWF8ZW58MXwwfHx8MTc4NTUxMDM4Nnww	Yosemite Valley, United States	Oleg Chursin	olegchursin_photo	#684a54	#372517
world-scenery	MMEryLDqkXY	/photo-1575527048208-6475b441e0a0?ixid=M3w5NjU0NTR8MHwxfHNlYXJjaHwxfHxncmFuZCUyMGNhbnlvbiUyMGFyaXpvbmElMjBzdW5yaXNlfGVufDF8MHx8fDE3ODU1MTAzODZ8MA	Grand Canyon, United States	Tim Hart	timhart0421	#908081	#a56959
world-scenery	HleqO6kuL9c	/photo-1535044243240-144dc3ae56a5?ixid=M3w5NjU0NTR8MHwxfHNlYXJjaHwyfHxncmFuZCUyMGNhbnlvbiUyMGFyaXpvbmElMjBzdW5yaXNlfGVufDF8MHx8fDE3ODU1MTAzODZ8MA	Grand Canyon, United States	Jennifer Rogalla	vioiola	#786f72	#8599b8
world-scenery	L75D18aVal8	/photo-1509316785289-025f5b846b35?ixid=M3w5NjU0NTR8MHwxfHNlYXJjaHwxfHxtb251bWVudCUyMHZhbGxleSUyMGFyaXpvbmElMjB1dGFofGVufDF8MHx8fDE3ODU1MTAzODZ8MA	Monument Valley, United States	Ganapathy Kumar	gkumar2175	#89837e	#985736
world-scenery	Kdv_L0dPn54	/photo-1718154710424-d44de466c549?ixid=M3w5NjU0NTR8MHwxfHNlYXJjaHwyfHxtb251bWVudCUyMHZhbGxleSUyMGFyaXpvbmElMjB1dGFofGVufDF8MHx8fDE3ODU1MTAzODZ8MA	Monument Valley, United States	Gantavya Bhatt	gbhatt_2	#a5807c	#672a18
world-scenery	prSogOoFmkw	/photo-1505852679233-d9fd70aff56d?ixid=M3w5NjU0NTR8MHwxfHNlYXJjaHwxfHxuYSUyMHBhbGklMjBjb2FzdCUyMGthdWFpJTIwaGF3YWlpfGVufDF8MHx8fDE3ODU1MTAzODZ8MA	Na Pali Coast, United States	Braden Jarvis	jarvisphoto	#6a7e79	#071828
world-scenery	fd1cQ3mmBTE	/photo-1598135753163-6167c1a1ad65?ixid=M3w5NjU0NTR8MHwxfHNlYXJjaHwyfHxuYSUyMHBhbGklMjBjb2FzdCUyMGthdWFpJTIwaGF3YWlpfGVufDF8MHx8fDE3ODU1MTAzODZ8MA	Na Pali Coast, United States	Karsten Winegeart	_karsten	#487470	#174647
world-scenery	9Af1xSn7Jkw	/photo-1574866412308-32d9023633dd?ixid=M3w5NjU0NTR8MHwxfHNlYXJjaHwxfHxkZW5hbGklMjBhbGFza2ElMjBtb3VudGFpbnxlbnwxfDB8fHwxNzg1NTEwMzg2fDA	Denali, United States	Joris Beugels	jorisbeugels	#7e8c92	#85a8d3
world-scenery	TPGbEjP8QQc	/photo-1624469681156-4114efeb85a0?ixid=M3w5NjU0NTR8MHwxfHNlYXJjaHwyfHxkZW5hbGklMjBhbGFza2ElMjBtb3VudGFpbnxlbnwxfDB8fHwxNzg1NTEwMzg2fDA	Denali, United States	Jacob Vizek	jakevizek	#898a87	#763819
world-scenery	ZJM-uSOqSCI	/photo-1593326101816-dd0c165b3ef1?ixid=M3w5NjU0NTR8MHwxfHNlYXJjaHwxfHxnbGFjaWVyJTIwYmF5JTIwYWxhc2thfGVufDF8MHx8fDE3ODU1MTAzODd8MA	Glacier Bay, United States	Benton Sherman	shermanator0513	#406691	#163848
world-scenery	8pQNks-2VTE	/photo-1549402214-3259d82d37b9?ixid=M3w5NjU0NTR8MHwxfHNlYXJjaHwyfHxnbGFjaWVyJTIwYmF5JTIwYWxhc2thfGVufDF8MHx8fDE3ODU1MTAzODd8MA	Glacier Bay, United States	Richard Young	ryoung1776	#808fa1	#83aad7
world-scenery	PQf2Vv7xWjo	/photo-1597673814716-4a1e58a1f6af?ixid=M3w5NjU0NTR8MHwxfHNlYXJjaHwxfHxhbnRlbG9wZSUyMGNhbnlvbiUyMGFyaXpvbmElMjBsaWdodHxlbnwxfDB8fHwxNzg1NTEwMzg3fDA	Antelope Canyon, United States	Fudo Jahic	fudojahic	#883b16	#561a02
world-scenery	nuwkHZT0BoU	/photo-1566594249512-43d259d55d8d?ixid=M3w5NjU0NTR8MHwxfHNlYXJjaHwyfHxhbnRlbG9wZSUyMGNhbnlvbiUyMGFyaXpvbmElMjBsaWdodHxlbnwxfDB8fHwxNzg1NTEwMzg3fDA	Antelope Canyon, United States	David Lusvardi	lusvardi	#7b4339	#560705
world-scenery	xoYPV4oVQJI	/photo-1524429656589-6633a470097c?ixid=M3w5NjU0NTR8MHwxfHNlYXJjaHwxfHxtYXJvb24lMjBiZWxscyUyMGNvbG9yYWRvJTIwYXV0dW1ufGVufDF8MHx8fDE3ODU1MTAzODd8MA	Maroon Bells, United States	Mike Scheid	mscheid	#645651	#070402
world-scenery	qUQoCLLLAGc	/photo-1503587489374-94b2c3345c5e?ixid=M3w5NjU0NTR8MHwxfHNlYXJjaHwyfHxtYXJvb24lMjBiZWxscyUyMGNvbG9yYWRvJTIwYXV0dW1ufGVufDF8MHx8fDE3ODU1MTAzODd8MA	Maroon Bells, United States	David Rupert	rupzip	#7a7673	#957855
world-scenery	LMU2w-K4J7k	/photo-1607550295261-851fa60d8ed2?ixid=M3w5NjU0NTR8MHwxfHNlYXJjaHwxfHx5ZWxsb3dzdG9uZSUyMGdyYW5kJTIwcHJpc21hdGljJTIwc3ByaW5nfGVufDF8MHx8fDE3ODU1MTAzODd8MA	Yellowstone, United States	Denys Nevozhai	dnevozhai	#6a6d5b	#b76606
world-scenery	eyYlm8Px2ik	/photo-1683499265663-d38c13aced63?ixid=M3w5NjU0NTR8MHwxfHNlYXJjaHwyfHx5ZWxsb3dzdG9uZSUyMGdyYW5kJTIwcHJpc21hdGljJTIwc3ByaW5nfGVufDF8MHx8fDE3ODU1MTAzODd8MA	Yellowstone, United States	Iryna Marienko	iamr_r_r	#767576	#2968b3
world-scenery	NFpvXe7sSJM	/photo-1623169840544-0982db65d00e?ixid=M3w5NjU0NTR8MHwxfHNlYXJjaHwxfHxiaWclMjBzdXIlMjBjYWxpZm9ybmlhJTIwY29hc3R8ZW58MXwwfHx8MTc4NTUxMDM4N3ww	Big Sur, United States	George Cox	georgeallancox	#585c5b	#161618
world-scenery	CS7Q7Sf0qI0	/photo-1600674203107-9584e132c6f0?ixid=M3w5NjU0NTR8MHwxfHNlYXJjaHwyfHxiaWclMjBzdXIlMjBjYWxpZm9ybmlhJTIwY29hc3R8ZW58MXwwfHx8MTc4NTUxMDM4N3ww	Big Sur, United States	Andreas Strandman	strandman	#7b919d	#457c96
world-scenery	OLIWED92XNs	/photo-1672225460441-6eb1561fc977?ixid=M3w5NjU0NTR8MHwxfHNlYXJjaHwyfHxzdmV0aSUyMHN0ZWZhbiUyMG1vbnRlbmVncm98ZW58MXwwfHx8MTc4NTUxMDM4M3ww	Sveti Stefan, Montenegro	Evgeny Matveev	eugene_rus	#6d6869	#577787
world-scenery	B84coAHYr2s	/photo-1755398106329-858e571f9167?ixid=M3w5NjU0NTR8MHwxfHNlYXJjaHwxfHxtb3VudCUyMHJhaW5pZXIlMjB3YXNoaW5ndG9uJTIwd2lsZGZsb3dlcnN8ZW58MXwwfHx8MTc4NTU5NzEzMHww	Mount Rainier, United States	Emma Swoboda	emmakphoto	#71755e	#282a14
world-scenery	X0-FAAxGJWc	/photo-1755398106380-1959a736921c?ixid=M3w5NjU0NTR8MHwxfHNlYXJjaHwyfHxtb3VudCUyMHJhaW5pZXIlMjB3YXNoaW5ndG9uJTIwd2lsZGZsb3dlcnN8ZW58MXwwfHx8MTc4NTU5NzEzMHww	Mount Rainier, United States	Emma Swoboda	emmakphoto	#60624d	#394538
world-scenery	J5B1NDtaH50	/photo-1621818588710-595a9638ae83?ixid=M3w5NjU0NTR8MHwxfHNlYXJjaHwxfHxjcmF0ZXIlMjBsYWtlJTIwb3JlZ29ufGVufDF8MHx8fDE3ODU1OTcxMzF8MA	Crater Lake, United States	Varadh Jain	anekanta	#516669	#024996
world-scenery	uMa70ptDBjU	/photo-1691443604320-6354ca3e63c4?ixid=M3w5NjU0NTR8MHwxfHNlYXJjaHwyfHxjcmF0ZXIlMjBsYWtlJTIwb3JlZ29ufGVufDF8MHx8fDE3ODU1OTcxMzF8MA	Crater Lake, United States	Joshua Klabunde	joshua_a_klabunde	#4474a3	#1a68b6
world-scenery	ntTWkCHiylI	/photo-1513997759259-48cbd481c69c?ixid=M3w5NjU0NTR8MHwxfHNlYXJjaHwxfHxicnljZSUyMGNhbnlvbiUyMHV0YWglMjBzdW5yaXNlfGVufDF8MHx8fDE3ODU1OTcxMzF8MA	Bryce Canyon, United States	Tim Golder	tgolder213	#8a645a	#763926
world-scenery	RQsitsuT80Y	/photo-1504859670023-380d57ce954b?ixid=M3w5NjU0NTR8MHwxfHNlYXJjaHwyfHxicnljZSUyMGNhbnlvbiUyMHV0YWglMjBzdW5yaXNlfGVufDF8MHx8fDE3ODU1OTcxMzF8MA	Bryce Canyon, United States	Rich Martello	rmarte	#ad896d	#b76538
world-scenery	lCBD3g3FvQU	/photo-1594741873407-c292ca075f8b?ixid=M3w5NjU0NTR8MHwxfHNlYXJjaHwxfHxiYW5mZiUyMGNhbmFkYSUyMG1vdW50YWlucyUyMGxha2V8ZW58MXwwfHx8MTc4NTU5NzEzMXww	Banff, Canada	Charlie Gallant	charliegallant	#446361	#061419
world-scenery	SLzVswyICJM	/photo-1516293635722-a0ae2709d570?ixid=M3w5NjU0NTR8MHwxfHNlYXJjaHwyfHxiYW5mZiUyMGNhbmFkYSUyMG1vdW50YWlucyUyMGxha2V8ZW58MXwwfHx8MTc4NTU5NzEzMXww	Banff, Canada	Kevin Noble	nobleshots	#6b7b7d	#387774
world-scenery	g5WFdL5Cub0	/photo-1587381419916-78fc843a36f8?ixid=M3w5NjU0NTR8MHwxfHNlYXJjaHwxfHxqYXNwZXIlMjBuYXRpb25hbCUyMHBhcmslMjBjYW5hZGF8ZW58MXwwfHx8MTc4NTU5NzEzMXww	Jasper, Canada	Chris Czermak	chris_czermak	#608799	#4694d7
world-scenery	nK01_Z9dKqI	/photo-1501979735065-dfe1580b4a49?ixid=M3w5NjU0NTR8MHwxfHNlYXJjaHwyfHxqYXNwZXIlMjBuYXRpb25hbCUyMHBhcmslMjBjYW5hZGF8ZW58MXwwfHx8MTc4NTU5NzEzMXww	Jasper, Canada	Michael Brandt	brandtphotography	#7d7b73	#393616
world-scenery	cvIKDPfcHqw	/photo-1680125533385-eb2bb7464c48?ixid=M3w5NjU0NTR8MHwxfHNlYXJjaHwxfHx0b2Zpbm8lMjB2YW5jb3V2ZXIlMjBpc2xhbmQlMjBjYW5hZGF8ZW58MXwwfHx8MTc4NTU5NzEzMXww	Tofino, Canada	alex geerts	alexgeerts	#7b7978	#141212
world-scenery	Gf5ywuKXnIE	/photo-1612899666751-b9a84cd0162e?ixid=M3w5NjU0NTR8MHwxfHNlYXJjaHwyfHx0b2Zpbm8lMjB2YW5jb3V2ZXIlMjBpc2xhbmQlMjBjYW5hZGF8ZW58MXwwfHx8MTc4NTU5NzEzMXww	Tofino, Canada	Adrienne Merritt	am3rr1tt	#4d719f	#3975c8
world-scenery	MJHyqdJ0rrw	/photo-1567733872248-2532a2e16f77?ixid=M3w5NjU0NTR8MHwxfHNlYXJjaHwxfHxncm9zJTIwbW9ybmUlMjBuZXdmb3VuZGxhbmQlMjBjYW5hZGF8ZW58MXwwfHx8MTc4NTU5NzEzMXww	Gros Morne, Canada	Timothy Holmes	timholmes	#7b8a9e	#6788a6
world-scenery	kGliZcxPd-c	/photo-1595357577444-80db55f76b18?ixid=M3w5NjU0NTR8MHwxfHNlYXJjaHwyfHxncm9zJTIwbW9ybmUlMjBuZXdmb3VuZGxhbmQlMjBjYW5hZGF8ZW58MXwwfHx8MTc4NTU5NzEzMXww	Gros Morne, Canada	Robyn Budgell	robynbudgell	#667983	#669ac8
world-scenery	TGlPcB_dDPU	/photo-1502794102238-ccd18db30c2b?ixid=M3w5NjU0NTR8MHwxfHNlYXJjaHwxfHx0dWx1bSUyMG1leGljbyUyMHJ1aW5zJTIwdHVycXVvaXNlJTIwc2VhfGVufDF8MHx8fDE3ODU1OTcxMzF8MA	Tulum, Mexico	Moon	sir_moon	#9fbed8	#66a7e7
world-scenery	XLRgKRJngHs	/photo-1617220361167-9d556b850824?ixid=M3w5NjU0NTR8MHwxfHNlYXJjaHwyfHx0dWx1bSUyMG1leGljbyUyMHJ1aW5zJTIwdHVycXVvaXNlJTIwc2VhfGVufDF8MHx8fDE3ODU1OTcxMzF8MA	Tulum, Mexico	Kaan Kosemen	kaankosemen	#869a9b	#4b5418
world-scenery	iBzAIkuOFiY	/photo-1630730041073-c75e98030355?ixid=M3w5NjU0NTR8MHwxfHNlYXJjaHwxfHxzdW1pZGVybyUyMGNhbnlvbiUyMGNoaWFwYXMlMjBtZXhpY298ZW58MXwwfHx8MTc4NTU5NzEzMXww	Sumidero Canyon, Mexico	Gabriel Tovar	gabrielrana	#6d7a77	#545834
world-scenery	xpSjQdIucPk	/photo-1762315906356-c6a07d757c92?ixid=M3w5NjU0NTR8MHwxfHNlYXJjaHwyfHxzdW1pZGVybyUyMGNhbnlvbiUyMGNoaWFwYXMlMjBtZXhpY298ZW58MXwwfHx8MTc4NTU5NzEzMXww	Sumidero Canyon, Mexico	Isaac Constantino	elaisaak	#818781	#182618
world-scenery	kO-USq1pmR4	/photo-1660670173026-ec491dd3dd1a?ixid=M3w5NjU0NTR8MHwxfHNlYXJjaHwxfHxoaWVydmUlMjBlbCUyMGFndWElMjBvYXhhY2ElMjBtZXhpY298ZW58MXwwfHx8MTc4NTU5NzEzMXww	Hierve el Agua, Mexico	ryan doyle	rdoyle99	#777b74	#4a7395
world-scenery	92XOQbvqpdU	/photo-1562215589-b6d0ed3cfec8?ixid=M3w5NjU0NTR8MHwxfHNlYXJjaHwyfHxoaWVydmUlMjBlbCUyMGFndWElMjBvYXhhY2ElMjBtZXhpY298ZW58MXwwfHx8MTc4NTU5NzEzMXww	Hierve el Agua, Mexico	Roman Lopez	romanll	#ab9c9f	#a75748
world-scenery	8X61tlNOk1M	/photo-1669025467316-a1bff8696c36?ixid=M3w5NjU0NTR8MHwxfHNlYXJjaHwxfHxsYWtlJTIwYXRpdGxhbiUyMGd1YXRlbWFsYSUyMHZvbGNhbm98ZW58MXwwfHx8MTc4NTU5NzEzMXww	Lake Atitlán, Guatemala	Paweł Wielądek	pawelwieladek	#5e809c	#032637
world-scenery	l8ch9HLXC4Y	/photo-1650734837526-3036e11e0e25?ixid=M3w5NjU0NTR8MHwxfHNlYXJjaHwyfHxsYWtlJTIwYXRpdGxhbiUyMGd1YXRlbWFsYSUyMHZvbGNhbm98ZW58MXwwfHx8MTc4NTU5NzEzMXww	Lake Atitlán, Guatemala	Christopher Garcia	chrisagarcia	#6a8a91	#002737
world-scenery	Ruxa7sSoRsA	/photo-1675185457371-aae4e3ea0270?ixid=M3w5NjU0NTR8MHwxfHNlYXJjaHwxfHxzZW11YyUyMGNoYW1wZXklMjBndWF0ZW1hbGElMjBwb29sc3xlbnwxfDB8fHwxNzg1NTk3MTMxfDA	Semuc Champey, Guatemala	Conor Murphy	murphys_photos	#5d7849	#678747
world-scenery	2SIegvrtKzI	/photo-1722761478075-720dc58e63d1?ixid=M3w5NjU0NTR8MHwxfHNlYXJjaHwxfHxncmVhdCUyMGJsdWUlMjBob2xlJTIwYmVsaXplJTIwYWVyaWFsfGVufDF8MHx8fDE3ODU1OTcxMzF8MA	Great Blue Hole, Belize	Agnes Lee	leesiugyun	#1e95a9	#26b8c8
world-scenery	glH1fFkMBTE	/photo-1722761478727-b4ad42b36812?ixid=M3w5NjU0NTR8MHwxfHNlYXJjaHwyfHxncmVhdCUyMGJsdWUlMjBob2xlJTIwYmVsaXplJTIwYWVyaWFsfGVufDF8MHx8fDE3ODU1OTcxMzF8MA	Great Blue Hole, Belize	Agnes Lee	leesiugyun	#3d7875	#256658
world-scenery	y_ktES5PFDg	/photo-1766961631770-13edff91c750?ixid=M3w5NjU0NTR8MHwxfHNlYXJjaHwxfHxyb2F0YW4lMjBob25kdXJhcyUyMHJlZWYlMjBiZWFjaHxlbnwxfDB8fHwxNzg1NTk3MTMyfDA	Roatán, Honduras	Marcelo Cruz	mcruzaxis	#9c9da0	#777a84
world-scenery	ohy8UgoxyTA	/photo-1668813610829-320e8a863269?ixid=M3w5NjU0NTR8MHwxfHNlYXJjaHwyfHxyb2F0YW4lMjBob25kdXJhcyUyMHJlZWYlMjBiZWFjaHxlbnwxfDB8fHwxNzg1NTk3MTMyfDA	Roatán, Honduras	Chalo Garcia	photosbychalo	#518099	#2674c9
world-scenery	0LmAVugy02A	/photo-1599147092320-9ce79b36caa4?ixid=M3w5NjU0NTR8MHwxfHNlYXJjaHwxfHxjZXJybyUyMG5lZ3JvJTIwdm9sY2FubyUyMG5pY2FyYWd1YXxlbnwxfDB8fHwxNzg1NTk3MTMyfDA	Cerro Negro, Nicaragua	roberto zuniga	errezuniga	#737472	#86aac5
world-scenery	zzCJCrf0_dY	/photo-1665518807030-ff232df26016?ixid=M3w5NjU0NTR8MHwxfHNlYXJjaHwyfHxjZXJybyUyMG5lZ3JvJTIwdm9sY2FubyUyMG5pY2FyYWd1YXxlbnwxfDB8fHwxNzg1NTk3MTMyfDA	Cerro Negro, Nicaragua	Alvison Lucas Hunter Arnuero	alvisonhunter	#868c83	#353a25
world-scenery	qrNjBApCZBM	/photo-1587493513878-d68611233b03?ixid=M3w5NjU0NTR8MHwxfHNlYXJjaHwxfHxtb250ZXZlcmRlJTIwY2xvdWQlMjBmb3Jlc3QlMjBjb3N0YSUyMHJpY2F8ZW58MXwwfHx8MTc4NTU5NzEzMnww	Monteverde, Costa Rica	Leslie Cross	leslie_outofdoors	#45492f	#262916
world-scenery	0L1NA9DMdrw	/photo-1580495024618-3fb7d34affbd?ixid=M3w5NjU0NTR8MHwxfHNlYXJjaHwyfHxtb250ZXZlcmRlJTIwY2xvdWQlMjBmb3Jlc3QlMjBjb3N0YSUyMHJpY2F8ZW58MXwwfHx8MTc4NTU5NzEzMnww	Monteverde, Costa Rica	James Ting	jamesting	#716d5f	#272508
world-scenery	AmX4Zn-gik8	/photo-1670342489224-864b1e942fab?ixid=M3w5NjU0NTR8MHwxfHNlYXJjaHwxfHxib2NhcyUyMGRlbCUyMHRvcm8lMjBwYW5hbWElMjBpc2xhbmRzfGVufDF8MHx8fDE3ODU1OTcxMzJ8MA	Bocas del Toro, Panama	ryan doyle	rdoyle99	#768187	#a89984
world-scenery	ZhWPOWsYWQo	/photo-1670342489234-92d16499548f?ixid=M3w5NjU0NTR8MHwxfHNlYXJjaHwyfHxib2NhcyUyMGRlbCUyMHRvcm8lMjBwYW5hbWElMjBpc2xhbmRzfGVufDF8MHx8fDE3ODU1OTcxMzJ8MA	Bocas del Toro, Panama	ryan doyle	rdoyle99	#757471	#282625
world-scenery	aZjw7xI3QAA	/photo-1500622944204-b135684e99fd?ixid=M3w5NjU0NTR8MHwxfHNlYXJjaHwxfHx2aW5hbGVzJTIwY3ViYSUyMHZhbGxleXxlbnwxfDB8fHwxNzg1NTk3MTMyfDA	Viñales, Cuba	simon	simon_berger	#718680	#365727
world-scenery	ylT2fMmgScI	/photo-1621458036159-7291e0932296?ixid=M3w5NjU0NTR8MHwxfHNlYXJjaHwyfHx2aW5hbGVzJTIwY3ViYSUyMHZhbGxleXxlbnwxfDB8fHwxNzg1NTk3MTMyfDA	Viñales, Cuba	Martin Kleppe	aemkei	#606f61	#06180b
world-scenery	uwIqm8Pe2to	/photo-1697302611781-5166533305da?ixid=M3w5NjU0NTR8MHwxfHNlYXJjaHwxfHxzYW1hbmElMjBkb21pbmljYW4lMjByZXB1YmxpYyUyMGNvYXN0fGVufDF8MHx8fDE3ODU1OTcxMzJ8MA	Samaná, Dominican Republic	Asael Peña	asaelamaury	#4d7470	#054646
world-scenery	gNRnSIiwkC0	/photo-1617718295766-0f839c2853e7?ixid=M3w5NjU0NTR8MHwxfHNlYXJjaHwyfHxzYW1hbmElMjBkb21pbmljYW4lMjByZXB1YmxpYyUyMGNvYXN0fGVufDF8MHx8fDE3ODU1OTcxMzJ8MA	Samaná, Dominican Republic	Asael Peña	asaelamaury	#5a8879	#02847c
world-scenery	AG2-uhddJ-g	/photo-1501125351-05a99603ce58?ixid=M3w5NjU0NTR8MHwxfHNlYXJjaHwxfHxlbCUyMHl1bnF1ZSUyMHB1ZXJ0byUyMHJpY28lMjByYWluZm9yZXN0fGVufDF8MHx8fDE3ODU1OTcxMzJ8MA	El Yunque, Puerto Rico	Anahi Martinez	annisuu	#5f5f57	#33352a
world-scenery	ng_3Fvjil2w	/photo-1647577666441-0d64936b6f24?ixid=M3w5NjU0NTR8MHwxfHNlYXJjaHwyfHxlbCUyMHl1bnF1ZSUyMHB1ZXJ0byUyMHJpY28lMjByYWluZm9yZXN0fGVufDF8MHx8fDE3ODU1OTcxMzJ8MA	El Yunque, Puerto Rico	Eric Ardito	ericardito	#667546	#778846
world-scenery	-hDvsPV_mQ0	/photo-1710001222246-1c70c7feafe1?ixid=M3w5NjU0NTR8MHwxfHNlYXJjaHwxfHxwaXRvbnMlMjBzYWludCUyMGx1Y2lhfGVufDF8MHx8fDE3ODU1OTcxMzJ8MA	Pitons, Saint Lucia	Karl Moore	karl333	#7b898a	#384528
world-scenery	G2Ne9ir0E4U	/photo-1710633556997-f58d22ed91d1?ixid=M3w5NjU0NTR8MHwxfHNlYXJjaHwyfHxwaXRvbnMlMjBzYWludCUyMGx1Y2lhfGVufDF8MHx8fDE3ODU1OTcxMzJ8MA	Pitons, Saint Lucia	Karl Moore	karl333	#7b949b	#76b6f2
world-scenery	m5lZRKTnKgg	/photo-1667759319436-b477f09db99a?ixid=M3w5NjU0NTR8MHwxfHNlYXJjaHwxfHxzYWxhciUyMGRlJTIwdXl1bmklMjBib2xpdmlhJTIwcmVmbGVjdGlvbnxlbnwxfDB8fHwxNzg1NTk3MTMyfDA	Salar de Uyuni, Bolivia	Karla Robinson	karlarobinson	#996c7f	#556aa4
world-scenery	8dRVr256WP8	/photo-1664272411200-fbdd6652bcad?ixid=M3w5NjU0NTR8MHwxfHNlYXJjaHwyfHxzYWxhciUyMGRlJTIwdXl1bmklMjBib2xpdmlhJTIwcmVmbGVjdGlvbnxlbnwxfDB8fHwxNzg1NTk3MTMyfDA	Salar de Uyuni, Bolivia	Matheus Oliveira	matheus_oliveira	#9ca4ac	#98a6b7
world-scenery	VtecdSFlXsI	/photo-1544989164-22f292ae11b7?ixid=M3w5NjU0NTR8MHwxfHNlYXJjaHwxfHxyaW8lMjBkZSUyMGphbmVpcm8lMjBicmF6aWwlMjBzdWdhcmxvYWZ8ZW58MXwwfHx8MTc4NTU5NzEzMnww	Rio de Janeiro, Brazil	Davi Costa	davicostalf	#6091aa	#79c3f6
world-scenery	76L0Hup2Zyo	/photo-1619546952812-520e98064a52?ixid=M3w5NjU0NTR8MHwxfHNlYXJjaHwyfHxyaW8lMjBkZSUyMGphbmVpcm8lMjBicmF6aWwlMjBzdWdhcmxvYWZ8ZW58MXwwfHx8MTc4NTU5NzEzMnww	Rio de Janeiro, Brazil	F Cary Snyder	fcarysnyder	#6d716c	#273728
world-scenery	aFIOOZR47bo	/photo-1557489639-bb03874afa12?ixid=M3w5NjU0NTR8MHwxfHNlYXJjaHwxfHxjaGFwYWRhJTIwZGlhbWFudGluYSUyMGJyYXppbHxlbnwxfDB8fHwxNzg1NTk3MTMyfDA	Chapada Diamantina, Brazil	thomás coutinho	tccoutinho	#79785d	#747a57
world-scenery	Scp99mrvrE0	/photo-1550236865-2a8f95a93089?ixid=M3w5NjU0NTR8MHwxfHNlYXJjaHwyfHxjaGFwYWRhJTIwZGlhbWFudGluYSUyMGJyYXppbHxlbnwxfDB8fHwxNzg1NTk3MTMyfDA	Chapada Diamantina, Brazil	Renan Ferreira	renannc	#1e1718	#080606
world-scenery	VpiTk6eFFeo	/photo-1642889532494-8312ce23c990?ixid=M3w5NjU0NTR8MHwxfHNlYXJjaHwxfHxmZXJuYW5kbyUyMGRlJTIwbm9yb25oYSUyMGJyYXppbCUyMGFlcmlhbHxlbnwxfDB8fHwxNzg1NTk3MTMyfDA	Fernando de Noronha, Brazil	Matheus Frade	matheusfrade	#5d8c98	#2398b9
world-scenery	8gCCk6pimDs	/photo-1714168635072-8d9501164a6d?ixid=M3w5NjU0NTR8MHwxfHNlYXJjaHwyfHxmZXJuYW5kbyUyMGRlJTIwbm9yb25oYSUyMGJyYXppbCUyMGFlcmlhbHxlbnwxfDB8fHwxNzg1NTk3MTMyfDA	Fernando de Noronha, Brazil	Azzedine Rouichi	rouichi	#728798	#94a8d9
world-scenery	CwV784XjrEw	/photo-1687892564936-2afe81e0ac93?ixid=M3w5NjU0NTR8MHwxfHNlYXJjaHwxfHxhbmdlbCUyMGZhbGxzJTIwdmVuZXp1ZWxhfGVufDF8MHx8fDE3ODU1OTcxMzJ8MA	Angel Falls, Venezuela	Navid Moazzez	navidm	#6e736a	#262917
world-scenery	omJtNsCi5gk	/photo-1672851612770-f969b3efc02d?ixid=M3w5NjU0NTR8MHwxfHNlYXJjaHwxfHxjb2NvcmElMjB2YWxsZXklMjBjb2xvbWJpYSUyMHdheCUyMHBhbG1zfGVufDF8MHx8fDE3ODU1OTcxMzJ8MA	Cocora Valley, Colombia	David Restrepo	davidremu_	#878576	#d9c5b8
world-scenery	OJKt2iTObnI	/photo-1568796687013-b5a1eb6b46c6?ixid=M3w5NjU0NTR8MHwxfHNlYXJjaHwyfHxjb2NvcmElMjB2YWxsZXklMjBjb2xvbWJpYSUyMHdheCUyMHBhbG1zfGVufDF8MHx8fDE3ODU1OTcxMzJ8MA	Cocora Valley, Colombia	Shawn Appel	shawn_appel	#979970	#858727
world-scenery	b3NIY9gHz_Y	/photo-1781869105170-b8343b37cd2e?ixid=M3w5NjU0NTR8MHwxfHNlYXJjaHwxfHxjYW5vJTIwY3Jpc3RhbGVzJTIwY29sb21iaWElMjByaXZlcnxlbnwxfDB8fHwxNzg1NTk3MTMzfDA	Caño Cristales, Colombia	Ronin	roninkgd	#828891	#b4ccf7
world-scenery	lF-iqw6SvgY	/photo-1631134953489-4a22cee9a497?ixid=M3w5NjU0NTR8MHwxfHNlYXJjaHwyfHxjYW5vJTIwY3Jpc3RhbGVzJTIwY29sb21iaWElMjByaXZlcnxlbnwxfDB8fHwxNzg1NTk3MTMzfDA	Caño Cristales, Colombia	Backroad Packers	backroadpackers	#585e46	#070903
world-scenery	ULDG3bsuibY	/photo-1590818612486-6b1a277a6601?ixid=M3w5NjU0NTR8MHwxfHNlYXJjaHwxfHxnYWxhcGFnb3MlMjBlY3VhZG9yJTIwbGFuZHNjYXBlfGVufDF8MHx8fDE3ODU1OTcxMzN8MA	Galápagos, Ecuador	Deb Dowd	fin777	#638aae	#1b4a77
world-scenery	gjxs-5jANMg	/photo-1748212173568-35d72e93e57e?ixid=M3w5NjU0NTR8MHwxfHNlYXJjaHwyfHxnYWxhcGFnb3MlMjBlY3VhZG9yJTIwbGFuZHNjYXBlfGVufDF8MHx8fDE3ODU1OTcxMzN8MA	Galápagos, Ecuador	Sofia	sofiatheexplorer	#57909b	#03a4ca
world-scenery	zcyiFpt0E_E	/photo-1501684691657-cf3012635478?ixid=M3w5NjU0NTR8MHwxfHNlYXJjaHwxfHxjb3RvcGF4aSUyMGVjdWFkb3IlMjB2b2xjYW5vfGVufDF8MHx8fDE3ODU1OTcxMzN8MA	Cotopaxi, Ecuador	César Viteri	srviteri	#575d64	#070a0b
world-scenery	-mXlubcOD58	/photo-1606591808963-8fc3c63fa6a2?ixid=M3w5NjU0NTR8MHwxfHNlYXJjaHwyfHxjb3RvcGF4aSUyMGVjdWFkb3IlMjB2b2xjYW5vfGVufDF8MHx8fDE3ODU1OTcxMzN8MA	Cotopaxi, Ecuador	Jaime Dantas	jaimedantas	#638089	#0197c9
world-scenery	HfLYdUePGyc	/photo-1527736848781-72dc3b2ee00f?ixid=M3w5NjU0NTR8MHwxfHNlYXJjaHwxfHxodWFjYWNoaW5hJTIwcGVydSUyMG9hc2lzJTIwZHVuZXN8ZW58MXwwfHx8MTc4NTU5NzEzM3ww	Huacachina, Peru	Willian Justen de Vasconcellos	willianjusten	#c1a888	#d6b997
world-scenery	s-7E4qC03oU	/photo-1629401037347-c8d13f4f97f9?ixid=M3w5NjU0NTR8MHwxfHNlYXJjaHwyfHxodWFjYWNoaW5hJTIwcGVydSUyMG9hc2lzJTIwZHVuZXN8ZW58MXwwfHx8MTc4NTU5NzEzM3ww	Huacachina, Peru	Sandra Gabriel	sandragabriel	#cbc0a5	#e5d7b9
world-scenery	hjanvZlqoB8	/photo-1545330785-15356daae141?ixid=M3w5NjU0NTR8MHwxfHNlYXJjaHwxfHxyYWluYm93JTIwbW91bnRhaW4lMjBwZXJ1fGVufDF8MHx8fDE3ODU1OTcxMzN8MA	Rainbow Mountain, Peru	McKayla Crump	funkmastacrump	#a79084	#966948
world-scenery	iuxltY6fXkI	/photo-1503027075-f790a0a2dcb6?ixid=M3w5NjU0NTR8MHwxfHNlYXJjaHwyfHxyYWluYm93JTIwbW91bnRhaW4lMjBwZXJ1fGVufDF8MHx8fDE3ODU1OTcxMzN8MA	Rainbow Mountain, Peru	Roi Dimor	roi_dimor	#6e718d	#4766a7
world-scenery	7egBST1kAQ8	/photo-1728033863715-a83f56be3624?ixid=M3w5NjU0NTR8MHwxfHNlYXJjaHwxfHxwaWNvJTIwZG8lMjBmb2dvJTIwY2FwZSUyMHZlcmRlJTIwdm9sY2Fub3xlbnwxfDB8fHwxNzg1NTk3MTMxfDA	Pico do Fogo, Cabo Verde	Antonio Araujo	antonioaaaraujo	#8b8b81	#585825
world-scenery	179hkxgc7A0	/photo-1722578403071-dbbc1b332349?ixid=M3w5NjU0NTR8MHwxfHNlYXJjaHwyfHxwaWNvJTIwZG8lMjBmb2dvJTIwY2FwZSUyMHZlcmRlJTIwdm9sY2Fub3xlbnwxfDB8fHwxNzg1NTk3MTMxfDA	Pico do Fogo, Cabo Verde	Justin Lindemann	jplindem	#718798	#68a4e8
world-scenery	XZgTbDQnR6o	/photo-1544116542-e26189af12e3?ixid=M3w5NjU0NTR8MHwxfHNlYXJjaHwxfHxsYWd1bmElMjBjb2xvcmFkYSUyMGJvbGl2aWElMjBmbGFtaW5nb3N8ZW58MXwwfHx8MTc4NTcwMTM1OXww	Laguna Colorada, Bolivia	Mariana Proença	marianaproenca	#a9988f	#8a4536
world-scenery	q-_LxFHy7Dw	/photo-1717674933884-707667d9735b?ixid=M3w5NjU0NTR8MHwxfHNlYXJjaHwyfHxsYWd1bmElMjBjb2xvcmFkYSUyMGJvbGl2aWElMjBmbGFtaW5nb3N8ZW58MXwwfHx8MTc4NTcwMTM1OXww	Laguna Colorada, Bolivia	suansita k	suansita	#9398a8	#7aaaf2
world-scenery	K8KswT4zX08	/photo-1666066837409-edab9811e72c?ixid=M3w5NjU0NTR8MHwxfHNlYXJjaHwxfHxhdGFjYW1hJTIwZGVzZXJ0JTIwY2hpbGUlMjBuaWdodCUyMHNreXxlbnwxfDB8fHwxNzg1NzAxMzU4fDA	Atacama Desert, Chile	Emmanuel Hernandez	emmanems19	#7b706e	#665858
world-scenery	Ihr0UuB4U2w	/photo-1618597180876-183b2f902b6c?ixid=M3w5NjU0NTR8MHwxfHNlYXJjaHwyfHxhdGFjYW1hJTIwZGVzZXJ0JTIwY2hpbGUlMjBuaWdodCUyMHNreXxlbnwxfDB8fHwxNzg1NzAxMzU4fDA	Atacama Desert, Chile	brahan milla	brahan	#1c1c1c	#151824
world-scenery	gJ61C9VlP-4	/photo-1758919679414-9f576bb3d55a?ixid=M3w5NjU0NTR8MHwxfHNlYXJjaHwxfHxtYXJibGUlMjBjYXZlcyUyMHBhdGFnb25pYSUyMGNoaWxlfGVufDF8MHx8fDE3ODU3MDEzNTh8MA	Marble Caves, Chile	Omri D. Cohen	omridcohen	#627c8c	#6796a7
world-scenery	cOm6II_ISzw	/photo-1557568737-d2a993cca38a?ixid=M3w5NjU0NTR8MHwxfHNlYXJjaHwyfHxtYXJibGUlMjBjYXZlcyUyMHBhdGFnb25pYSUyMGNoaWxlfGVufDF8MHx8fDE3ODU3MDEzNTh8MA	Marble Caves, Chile	Pablo Heimplatz	pabloheimplatz	#88969c	#b7cad6
world-scenery	5RFMPufTKPA	/photo-1552751753-0fc84ae5b6c8?ixid=M3w5NjU0NTR8MHwxfHNlYXJjaHwxfHxwZXJpdG8lMjBtb3Jlbm8lMjBnbGFjaWVyJTIwYXJnZW50aW5hfGVufDF8MHx8fDE3ODU3MDEzNTh8MA	Perito Moreno, Argentina	Hans-Jürgen Weinhardt	hansjuergen	#4c8a9d	#058b94
world-scenery	fB8AA00lEFk	/photo-1577373482643-5c7ccf8f0ac9?ixid=M3w5NjU0NTR8MHwxfHNlYXJjaHwyfHxwZXJpdG8lMjBtb3Jlbm8lMjBnbGFjaWVyJTIwYXJnZW50aW5hfGVufDF8MHx8fDE3ODU3MDEzNTh8MA	Perito Moreno, Argentina	Hans-Jürgen Weinhardt	hansjuergen	#567a84	#033858
world-scenery	150fZ07GQqs	/photo-1637580980556-085dee659c7e?ixid=M3w5NjU0NTR8MHwxfHNlYXJjaHwxfHxmaXR6JTIwcm95JTIwcGF0YWdvbmlhJTIwYXJnZW50aW5hfGVufDF8MHx8fDE3ODU3MDEzNTh8MA	Fitz Roy, Argentina	Andrew Svk	andrew_svk	#85718a	#c7a4c5
world-scenery	_7RIy-UNfnI	/photo-1557543878-042c9857f39e?ixid=M3w5NjU0NTR8MHwxfHNlYXJjaHwyfHxmaXR6JTIwcm95JTIwcGF0YWdvbmlhJTIwYXJnZW50aW5hfGVufDF8MHx8fDE3ODU3MDEzNTh8MA	Fitz Roy, Argentina	Snowscat	snowscat	#66635d	#46270a
world-scenery	dUXJPkOOflo	/photo-1649950304911-47208d37aa0c?ixid=M3w5NjU0NTR8MHwxfHNlYXJjaHwxfHxwdW50YSUyMGRlbCUyMGVzdGUlMjB1cnVndWF5JTIwY29hc3R8ZW58MXwwfHx8MTc4NTcwMTM1OXww	Punta del Este, Uruguay	Juan Lasala	juani_2000	#7a8494	#667ba4
world-scenery	61aLwepMa0M	/photo-1647436076747-408e237fb00e?ixid=M3w5NjU0NTR8MHwxfHNlYXJjaHwyfHxwdW50YSUyMGRlbCUyMGVzdGUlMjB1cnVndWF5JTIwY29hc3R8ZW58MXwwfHx8MTc4NTcwMTM1OXww	Punta del Este, Uruguay	Ezequiel Barreiro	ezesurfer	#6a6b6b	#1b2313
world-scenery	ROCJ3aEL0Wk	/photo-1773249815795-99431b00b1c7?ixid=M3w5NjU0NTR8MHwxfHNlYXJjaHwxfHxzdXJpbmFtZSUyMHJhaW5mb3Jlc3QlMjByaXZlcnxlbnwxfDB8fHwxNzg1NzAxMzU5fDA	Central Suriname Reserve, Suriname	Anoeskha B	__anoeskha__	#8eadac	#bce4fe
world-scenery	Ezeff1I0Qzw	/photo-1637407412556-9a29c2d6793e?ixid=M3w5NjU0NTR8MHwxfHNlYXJjaHwxfHxsb3MlMjByb3F1ZXMlMjB2ZW5lenVlbGElMjBpc2xhbmRzfGVufDF8MHx8fDE3ODU3MDEzNTl8MA	Los Roques, Venezuela	Jorge Brito	legallyguaricho	#8ba8b5	#a8d3f5
world-scenery	hDgYqvKx_nI	/photo-1637411465325-a84cc5c4740b?ixid=M3w5NjU0NTR8MHwxfHNlYXJjaHwyfHxsb3MlMjByb3F1ZXMlMjB2ZW5lenVlbGElMjBpc2xhbmRzfGVufDF8MHx8fDE3ODU3MDEzNTl8MA	Los Roques, Venezuela	Jorge Brito	legallyguaricho	#ced2d7	#d8e4eb
world-scenery	bfgEYpS0Znk	/photo-1528988719300-046ff7faf8cb?ixid=M3w5NjU0NTR8MHwxfHNlYXJjaHwxfHxhb3Jha2klMjBtb3VudCUyMGNvb2slMjBuZXclMjB6ZWFsYW5kfGVufDF8MHx8fDE3ODU3MDEzNTl8MA	Aoraki, New Zealand	Aaron Sebastian	aaronkongsebastian	#afb3ba	#e8ebec
world-scenery	O_wC7v1Jh8A	/photo-1531804226530-70f8004aa44e?ixid=M3w5NjU0NTR8MHwxfHNlYXJjaHwyfHxhb3Jha2klMjBtb3VudCUyMGNvb2slMjBuZXclMjB6ZWFsYW5kfGVufDF8MHx8fDE3ODU3MDEzNTl8MA	Aoraki, New Zealand	Casey Horner	mischievous_penguins	#5eacca	#029bb9
world-scenery	pS58s5m6Ot8	/photo-1612038032672-b94a10ce7ebd?ixid=M3w5NjU0NTR8MHwxfHNlYXJjaHwxfHxsYWtlJTIwdGVrYXBvJTIwbmV3JTIwemVhbGFuZCUyMGx1cGluc3xlbnwxfDB8fHwxNzg1NzAxMzU5fDA	Lake Tekapo, New Zealand	Nareeta Martin	splashabout	#93859c	#664667
world-scenery	hh9OkRFj-Pw	/photo-1734375181552-cfa83d404033?ixid=M3w5NjU0NTR8MHwxfHNlYXJjaHwyfHxsYWtlJTIwdGVrYXBvJTIwbmV3JTIwemVhbGFuZCUyMGx1cGluc3xlbnwxfDB8fHwxNzg1NzAxMzU5fDA	Lake Tekapo, New Zealand	Hari Nandakumar	hariprasad000	#797780	#2a3517
world-scenery	LZVmvKlchM0	/photo-1597655601841-214a4cfe8b2c?ixid=M3w5NjU0NTR8MHwxfHNlYXJjaHwxfHx0b25nYXJpcm8lMjBhbHBpbmUlMjBjcm9zc2luZyUyMG5ldyUyMHplYWxhbmR8ZW58MXwwfHx8MTc4NTcwMTM1OXww	Tongariro, New Zealand	Sophie Turner	sophie_turner	#666b7d	#4679b9
world-scenery	tg9qrYSNFZk	/photo-1685438436929-108c5050855d?ixid=M3w5NjU0NTR8MHwxfHNlYXJjaHwyfHx0b25nYXJpcm8lMjBhbHBpbmUlMjBjcm9zc2luZyUyMG5ldyUyMHplYWxhbmR8ZW58MXwwfHx8MTc4NTcwMTM1OXww	Tongariro, New Zealand	Sulthan Auliya	swafie	#757782	#b7c7e5
world-scenery	EItS-HxAfGU	/photo-1558469070-b0bb906830a2?ixid=M3w5NjU0NTR8MHwxfHNlYXJjaHwyfHxyb3lzJTIwcGVhayUyMHdhbmFrYSUyMG5ldyUyMHplYWxhbmR8ZW58MXwwfHx8MTc4NTcwMTM1OXww	Roy's Peak, New Zealand	Sander Lenaerts	sanderlenaerts	#91989a	#2b2a28
world-scenery	Zvt07Ef6PKA	/photo-1625567813244-9985c6fbc06b?ixid=M3w5NjU0NTR8MHwxfHNlYXJjaHwxfHxjYXRoZWRyYWwlMjBjb3ZlJTIwbmV3JTIwemVhbGFuZHxlbnwxfDB8fHwxNzg1NzAxMzU5fDA	Cathedral Cove, New Zealand	Maddison Reid	maddsreid	#919392	#150c05
world-scenery	qFw3SJXST38	/photo-1736572976096-383a6d4fac76?ixid=M3w5NjU0NTR8MHwxfHNlYXJjaHwyfHxjYXRoZWRyYWwlMjBjb3ZlJTIwbmV3JTIwemVhbGFuZHxlbnwxfDB8fHwxNzg1NzAxMzU5fDA	Cathedral Cove, New Zealand	Simon Hurry	bullterriere	#8e9593	#0c74f4
world-scenery	GJ1Ud61umDo	/photo-1547079631-442498027a07?ixid=M3w5NjU0NTR8MHwxfHNlYXJjaHwxfHxncmVhdCUyMGJhcnJpZXIlMjByZWVmJTIwYXVzdHJhbGlhJTIwYWVyaWFsfGVufDF8MHx8fDE3ODU3MDEzNTl8MA	Great Barrier Reef, Australia	Ben Carless	bencarless	#597f8e	#034978
world-scenery	zK_6GYXNRpo	/photo-1650754620047-c607e36fb00e?ixid=M3w5NjU0NTR8MHwxfHNlYXJjaHwyfHxncmVhdCUyMGJhcnJpZXIlMjByZWVmJTIwYXVzdHJhbGlhJTIwYWVyaWFsfGVufDF8MHx8fDE3ODU3MDEzNTl8MA	Great Barrier Reef, Australia	Joan Li	_bubble_maker	#32b5c0	#01c7b6
world-scenery	9BcGT8SyVCY	/photo-1654692870756-ea1ebcb8be1d?ixid=M3w5NjU0NTR8MHwxfHNlYXJjaHwxfHx1bHVydSUyMGF1c3RyYWxpYSUyMHN1bnNldHxlbnwxfDB8fHwxNzg1NzAxMzU5fDA	Uluru, Australia	Trevor McKinnon	bigmck56	#372424	#47271a
world-scenery	IKlpLl7HVo0	/photo-1532481242684-bb1161831cd5?ixid=M3w5NjU0NTR8MHwxfHNlYXJjaHwyfHx1bHVydSUyMGF1c3RyYWxpYSUyMHN1bnNldHxlbnwxfDB8fHwxNzg1NzAxMzU5fDA	Uluru, Australia	Jason Ham	planett	#404861	#15346a
world-scenery	7Qpp39GHY3w	/photo-1614787635162-d96af1980854?ixid=M3w5NjU0NTR8MHwxfHNlYXJjaHwxfHx0d2VsdmUlMjBhcG9zdGxlcyUyMGF1c3RyYWxpYSUyMGNvYXN0fGVufDF8MHx8fDE3ODU3MDEzNTl8MA	Twelve Apostles, Australia	Connor Home	connorhome	#897b72	#b9a695
world-scenery	VNm2t72O33g	/photo-1592660716806-9d25f5a0e124?ixid=M3w5NjU0NTR8MHwxfHNlYXJjaHwyfHx0d2VsdmUlMjBhcG9zdGxlcyUyMGF1c3RyYWxpYSUyMGNvYXN0fGVufDF8MHx8fDE3ODU3MDEzNTl8MA	Twelve Apostles, Australia	Ante Rendulić	ciludner	#8998a0	#68a6d3
world-scenery	528ZPbul77U	/photo-1539651100411-b682db96c615?ixid=M3w5NjU0NTR8MHwxfHNlYXJjaHwxfHx3aGl0ZWhhdmVuJTIwYmVhY2glMjBhdXN0cmFsaWElMjBhZXJpYWx8ZW58MXwwfHx8MTc4NTcwMTM2MHww	Whitehaven Beach, Australia	David Clode	davidclode	#2d808e	#0586b9
world-scenery	b-CAx_lhGII	/photo-1709984408100-98556678835e?ixid=M3w5NjU0NTR8MHwxfHNlYXJjaHwyfHx3aGl0ZWhhdmVuJTIwYmVhY2glMjBhdXN0cmFsaWElMjBhZXJpYWx8ZW58MXwwfHx8MTc4NTcwMTM2MHww	Whitehaven Beach, Australia	Richard Lin	richard7seals	#67a4a7	#27aaa5
world-scenery	tBhJp-i-cIw	/photo-1534853878021-7fb609562749?ixid=M3w5NjU0NTR8MHwxfHNlYXJjaHwxfHxjcmFkbGUlMjBtb3VudGFpbiUyMHRhc21hbmlhJTIwYXVzdHJhbGlhfGVufDF8MHx8fDE3ODU3MDEzNjB8MA	Cradle Mountain, Australia	Laura Smetsers	letsersgo	#7ba9a8	#01bae3
world-scenery	igLaq2ZZ1UM	/photo-1506982724953-b1fbe939e1e3?ixid=M3w5NjU0NTR8MHwxfHNlYXJjaHwyfHxjcmFkbGUlMjBtb3VudGFpbiUyMHRhc21hbmlhJTIwYXVzdHJhbGlhfGVufDF8MHx8fDE3ODU3MDEzNjB8MA	Cradle Mountain, Australia	Sylvia Yang	sylviasyang	#adafb4	#475867
world-scenery	wuaC2vVwrhQ	/photo-1623719647284-51b4ae0bced4?ixid=M3w5NjU0NTR8MHwxfHNlYXJjaHwxfHxrYWthZHUlMjBhdXN0cmFsaWElMjB3ZXRsYW5kc3xlbnwxfDB8fHwxNzg1NzAxMzYwfDA	Kakadu, Australia	Rod Long	rodlong	#797979	#676767
world-scenery	zacVDX85Lfo	/photo-1623719647321-188ae37d7133?ixid=M3w5NjU0NTR8MHwxfHNlYXJjaHwyfHxrYWthZHUlMjBhdXN0cmFsaWElMjB3ZXRsYW5kc3xlbnwxfDB8fHwxNzg1NzAxMzYwfDA	Kakadu, Australia	Rod Long	rodlong	#717f83	#0599d4
world-scenery	rfppBUhQz2Q	/photo-1676405328043-85738f8473ba?ixid=M3w5NjU0NTR8MHwxfHNlYXJjaHwxfHxib3JhJTIwYm9yYSUyMGZyZW5jaCUyMHBvbHluZXNpYSUyMGFlcmlhbHxlbnwxfDB8fHwxNzg1NzAxMzYwfDA	Bora Bora, French Polynesia	Tom Donders	tomsnauticalmiles	#487687	#3774a9
world-scenery	LFRUK7mslpk	/photo-1589197331516-4d84b72ebde3?ixid=M3w5NjU0NTR8MHwxfHNlYXJjaHwyfHxib3JhJTIwYm9yYSUyMGZyZW5jaCUyMHBvbHluZXNpYSUyMGFlcmlhbHxlbnwxfDB8fHwxNzg1NzAxMzYwfDA	Bora Bora, French Polynesia	Thomas Stadler	thomasstadler	#3fa6aa	#02a7b5
world-scenery	i7dGlJOFQFM	/photo-1738762582656-5c1f46bde4c6?ixid=M3w5NjU0NTR8MHwxfHNlYXJjaHwxfHxtb29yZWElMjBmcmVuY2glMjBwb2x5bmVzaWElMjBtb3VudGFpbnN8ZW58MXwwfHx8MTc4NTcwMTM2MHww	Moorea, French Polynesia	Roméo A.	gronemo	#508785	#04a6d8
world-scenery	6U2ExxHgmk0	/photo-1653153895260-0aa0969096e2?ixid=M3w5NjU0NTR8MHwxfHNlYXJjaHwyfHxtb29yZWElMjBmcmVuY2glMjBwb2x5bmVzaWElMjBtb3VudGFpbnN8ZW58MXwwfHx8MTc4NTcwMTM2MHww	Moorea, French Polynesia	Justin Hu	justhuit	#577882	#5796c8
world-scenery	PkgzxrkurRw	/photo-1604988162322-d5d678a1d993?ixid=M3w5NjU0NTR8MHwxfHNlYXJjaHwxfHxhaXR1dGFraSUyMGNvb2slMjBpc2xhbmRzJTIwbGFnb29ufGVufDF8MHx8fDE3ODU3MDEzNjB8MA	Aitutaki, Cook Islands	Christoph Burgdorfer	cburgdorfer	#71899f	#3467b7
world-scenery	2jM2dfxfJ-8	/photo-1656132593475-8c711f5b7369?ixid=M3w5NjU0NTR8MHwxfHNlYXJjaHwxfHx5YXNhd2ElMjBpc2xhbmRzJTIwZmlqaXxlbnwxfDB8fHwxNzg1NzAxMzYwfDA	Yasawa Islands, Fiji	Max	imcolourblind	#707d5a	#768859
world-scenery	miVb7VZ-M_Y	/photo-1730946483586-17a8b550d0dd?ixid=M3w5NjU0NTR8MHwxfHNlYXJjaHwyfHx5YXNhd2ElMjBpc2xhbmRzJTIwZmlqaXxlbnwxfDB8fHwxNzg1NzAxMzYwfDA	Yasawa Islands, Fiji	Nik Schmidt	niktravelstheworld	#4d3b28	#552a17
world-scenery	n1LrwXzsnuU	/photo-1615608178738-37d47d27c13d?ixid=M3w5NjU0NTR8MHwxfHNlYXJjaHwxfHx2YXZhdSUyMHRvbmdhJTIwaXNsYW5kc3xlbnwxfDB8fHwxNzg1NzAxMzYwfDA	Vavaʻu, Tonga	Asso Myron	assomyron	#566e71	#062938
world-scenery	fHmx8RuaWP8	/photo-1635302338692-6e8bb9c6375d?ixid=M3w5NjU0NTR8MHwxfHNlYXJjaHwxfHxlc3Bpcml0dSUyMHNhbnRvJTIwdmFudWF0dSUyMGJsdWUlMjBob2xlfGVufDF8MHx8fDE3ODU3MDEzNjB8MA	Espiritu Santo, Vanuatu	britt gaiser	brittgaiser	#457460	#178884
world-scenery	EJ62n3DuijA	/photo-1650509010045-70888b02ffa8?ixid=M3w5NjU0NTR8MHwxfHNlYXJjaHwxfHxyb2NrJTIwaXNsYW5kcyUyMHBhbGF1JTIwYWVyaWFsfGVufDF8MHx8fDE3ODU3MDEzNjF8MA	Rock Islands, Palau	Ernests Vaga	ernests	#2e608a	#22558a
world-scenery	lcXS0Tuixhk	/photo-1495161963834-ce3d2023df2a?ixid=M3w5NjU0NTR8MHwxfHNlYXJjaHwyfHxyb2NrJTIwaXNsYW5kcyUyMHBhbGF1JTIwYWVyaWFsfGVufDF8MHx8fDE3ODU3MDEzNjF8MA	Rock Islands, Palau	Ken Suarez	kensuarez	#5a767e	#032836
world-scenery	exBntICqTrs	/photo-1600754047212-0cf91397fbc6?ixid=M3w5NjU0NTR8MHwxfHNlYXJjaHwxfHxlYXN0ZXIlMjBpc2xhbmQlMjBjaGlsZSUyMG1vYWl8ZW58MXwwfHx8MTc4NTcwMTM2MXww	Easter Island, Chile	Stephanie Morcinek	stephaniemorcinek	#849275	#96a755
world-scenery	untdBWqmlVk	/photo-1579665063783-77579f0a38a3?ixid=M3w5NjU0NTR8MHwxfHNlYXJjaHwyfHxlYXN0ZXIlMjBpc2xhbmQlMjBjaGlsZSUyMG1vYWl8ZW58MXwwfHx8MTc4NTcwMTM2MXww	Easter Island, Chile	Emerson Moretto	emersonmoretto	#6a95ad	#55581a
world-scenery	SJkLrSYC6ms	/photo-1621656561145-d50a20fcefcb?ixid=M3w5NjU0NTR8MHwxfHNlYXJjaHwxfHxsb3JkJTIwaG93ZSUyMGlzbGFuZCUyMGF1c3RyYWxpYXxlbnwxfDB8fHwxNzg1NzAxMzYxfDA	Lord Howe Island, Australia	Chris Charles	licole	#677ca7	#4c6293
world-scenery	lOO5utNgArw	/photo-1652954352097-29f2d0526f08?ixid=M3w5NjU0NTR8MHwxfHNlYXJjaHwyfHxsb3JkJTIwaG93ZSUyMGlzbGFuZCUyMGF1c3RyYWxpYXxlbnwxfDB8fHwxNzg1NzAxMzYxfDA	Lord Howe Island, Australia	David Clode	davidclode	#769d47	#7aa744
world-scenery	G1mtEMuNAmo	/photo-1731471921279-282382cb9a6c?ixid=M3w5NjU0NTR8MHwxfHNlYXJjaHwxfHxub3Jmb2xrJTIwaXNsYW5kJTIwYXVzdHJhbGlhJTIwY29hc3R8ZW58MXwwfHx8MTc4NTcwMTM2MXww	Norfolk Island, Australia	Grant Charsley	gcharsley	#7d766b	#b58756
world-scenery	d2CB2HkRHUs	/photo-1731471957807-da232c203581?ixid=M3w5NjU0NTR8MHwxfHNlYXJjaHwyfHxub3Jmb2xrJTIwaXNsYW5kJTIwYXVzdHJhbGlhJTIwY29hc3R8ZW58MXwwfHx8MTc4NTcwMTM2MXww	Norfolk Island, Australia	Grant Charsley	gcharsley	#697d95	#6887a5
world-scenery	2H9zjDvQZ-k	/photo-1555363089-ff00193f476a?ixid=M3w5NjU0NTR8MHwxfHNlYXJjaHwxfHxsZW5jb2lzJTIwbWFyYW5oZW5zZXMlMjBicmF6aWwlMjBsYWdvb25zfGVufDF8MHx8fDE3ODU3MDEzNTh8MA	Lençóis Maranhenses, Brazil	Sébastien Goldberg	sebastiengoldberg	#98b2c1	#77b7e6
world-scenery	ohx5XC7XEAo	/photo-1635327906909-1008a8220195?ixid=M3w5NjU0NTR8MHwxfHNlYXJjaHwyfHxsZW5jb2lzJTIwbWFyYW5oZW5zZXMlMjBicmF6aWwlMjBsYWdvb25zfGVufDF8MHx8fDE3ODU3MDEzNTh8MA	Lençóis Maranhenses, Brazil	Valeria Rossi	valeriarossi96	#8a9496	#2888b9
world-scenery	dM_e5u-SM0U	/photo-1560703650-ef3e0f254ae0?ixid=M3wxMjA3fDB8MXxzZWFyY2h8M3x8c2FudG9yaW5pJTIwZ3JlZWNlJTIwY2FsZGVyYXxlbnwwfDB8fHwxNzg3MzgwODkwfDA	Santorini, Greece	Matthew Waring	matthewwaring	#7998c4	#2b64b7
world-scenery	2GcBIkxQkr8	/photo-1618478669118-1b3eb2b2bb95?ixid=M3wxMjA3fDB8MXxzZWFyY2h8NHx8c2FudG9yaW5pJTIwZ3JlZWNlJTIwY2FsZGVyYXxlbnwwfDB8fHwxNzg3MzgwODkwfDA	Santorini, Greece	Raphael Lopes	raph_lopes	#686a7c	#3677a6
world-scenery	6ApXN2_qjI0	/photo-1688664562000-4c1f7cdb48f8?ixid=M3wxMjA3fDB8MXxzZWFyY2h8Nnx8c2FudG9yaW5pJTIwZ3JlZWNlJTIwY2FsZGVyYXxlbnwwfDB8fHwxNzg3MzgwODkwfDA	Santorini, Greece	SOURAV BHADRA	sbhadra07	#8f99a0	#183859
world-scenery	UfCJ2WrdTBw	/photo-1594048069339-42ae0e89376a?ixid=M3wxMjA3fDB8MXxzZWFyY2h8N3x8c2FudG9yaW5pJTIwZ3JlZWNlJTIwY2FsZGVyYXxlbnwwfDB8fHwxNzg3MzgwODkwfDA	Santorini, Greece	Yang Yang	dryaaang	#859097	#97a9bb
world-scenery	oYqd_hgMC8E	/photo-1677741447337-48aba59a8f61?ixid=M3wxMjA3fDB8MXxzZWFyY2h8M3x8dHJlJTIwY2ltZSUyMGRvbG9taXRlcyUyMGl0YWx5fGVufDB8MHx8fDE3ODczODA4OTF8MA	Tre Cime, Italy	Gabor Kozmon	seasoulvisuals	#746e73	#182936
world-scenery	2sxvjKRowvw	/photo-1622983473068-37c2e7d04432?ixid=M3wxMjA3fDB8MXxzZWFyY2h8NHx8dHJlJTIwY2ltZSUyMGRvbG9taXRlcyUyMGl0YWx5fGVufDB8MHx8fDE3ODczODA4OTF8MA	Tre Cime, Italy	Jan Valečka	janvalecka	#42494d	#0d1116
world-scenery	BbGTUukgR8g	/photo-1625252568254-256958377c1d?ixid=M3wxMjA3fDB8MXxzZWFyY2h8Nnx8dHJlJTIwY2ltZSUyMGRvbG9taXRlcyUyMGl0YWx5fGVufDB8MHx8fDE3ODczODA4OTF8MA	Tre Cime, Italy	Melina Kiefer	melimascella_	#9b9a86	#656838
world-scenery	gB6hdqxoqSk	/photo-1579609872305-cd979b49650f?ixid=M3wxMjA3fDB8MXxzZWFyY2h8N3x8dHJlJTIwY2ltZSUyMGRvbG9taXRlcyUyMGl0YWx5fGVufDB8MHx8fDE3ODczODA4OTF8MA	Tre Cime, Italy	Willdwind / William Martret	willdwind	#50656c	#0a2825
world-scenery	6f_ANCcbj3o	/photo-1527004013197-933c4bb611b3?ixid=M3wxMjA3fDB8MXxzZWFyY2h8M3x8bG9mb3RlbiUyMGlzbGFuZHMlMjBub3J3YXl8ZW58MHwwfHx8MTc4NzM4MDg5Mnww	Lofoten, Norway	John O'Nolan	johnonolan	#6a6e72	#a6b6c3
world-scenery	641pLhGEEyg	/photo-1518124880777-cf8c82231ffb?ixid=M3wxMjA3fDB8MXxzZWFyY2h8NHx8bG9mb3RlbiUyMGlzbGFuZHMlMjBub3J3YXl8ZW58MHwwfHx8MTc4NzM4MDg5Mnww	Lofoten, Norway	Vidar Nordli-Mathisen	vidarnm	#5f6d78	#496378
world-scenery	LKOuYT5_dyw	/photo-1520338801623-6b88fe32bbf2?ixid=M3wxMjA3fDB8MXxzZWFyY2h8Nnx8bG9mb3RlbiUyMGlzbGFuZHMlMjBub3J3YXl8ZW58MHwwfHx8MTc4NzM4MDg5Mnww	Lofoten, Norway	Pascal Debrunner	debrupas	#4c466d	#373b66
world-scenery	NxjtJghBaHM	/photo-1710762635726-531b4a22d4ca?ixid=M3wxMjA3fDB8MXxzZWFyY2h8N3x8bG9mb3RlbiUyMGlzbGFuZHMlMjBub3J3YXl8ZW58MHwwfHx8MTc4NzM4MDg5Mnww	Lofoten, Norway	Bingqi Huang	k4media	#939fbb	#a7c8f4
world-scenery	Vhrwyqsz0l0	/photo-1492119884860-63772f175a02?ixid=M3wxMjA3fDB8MXxzZWFyY2h8M3x8bWF0dGVyaG9ybiUyMHplcm1hdHQlMjBzd2l0emVybGFuZHxlbnwwfDB8fHwxNzg3MzgwODkzfDA	Zermatt, Switzerland	Chris Holgersson	chrisholgersson	#8a8d8a	#282915
world-scenery	zaPJUFvLEhI	/photo-1533156202583-53a31d245207?ixid=M3wxMjA3fDB8MXxzZWFyY2h8NHx8bWF0dGVyaG9ybiUyMHplcm1hdHQlMjBzd2l0emVybGFuZHxlbnwwfDB8fHwxNzg3MzgwODkzfDA	Zermatt, Switzerland	Joao Branco	jfobranco	#79969e	#95c5db
world-scenery	PvFCp_Z6gMQ	/photo-1617395547071-98efcee72011?ixid=M3wxMjA3fDB8MXxzZWFyY2h8Nnx8bWF0dGVyaG9ybiUyMHplcm1hdHQlMjBzd2l0emVybGFuZHxlbnwwfDB8fHwxNzg3MzgwODkzfDA	Zermatt, Switzerland	Peter Bromley	peterb945	#5b77a2	#285499
world-scenery	UqGeqvrwBKg	/photo-1546089572-95b941d9368d?ixid=M3wxMjA3fDB8MXxzZWFyY2h8N3x8bWF0dGVyaG9ybiUyMHplcm1hdHQlMjBzd2l0emVybGFuZHxlbnwwfDB8fHwxNzg3MzgwODkzfDA	Zermatt, Switzerland	Fabrice Villard	fabulu75	#303346	#353a56
world-scenery	7AVU4gIH2cE	/photo-1532586733327-54ac07aa1154?ixid=M3wxMjA3fDB8MXxzZWFyY2h8M3x8c2tvZ2Fmb3NzJTIwd2F0ZXJmYWxsJTIwaWNlbGFuZHxlbnwwfDB8fHwxNzg3MzgwODkzfDA	Skógafoss, Iceland	Denys Nevozhai	dnevozhai	#867f70	#f7f7fb
world-scenery	JuhxRDzAHok	/photo-1509825826883-62284c8c7ea5?ixid=M3wxMjA3fDB8MXxzZWFyY2h8NHx8c2tvZ2Fmb3NzJTIwd2F0ZXJmYWxsJTIwaWNlbGFuZHxlbnwwfDB8fHwxNzg3MzgwODkzfDA	Skógafoss, Iceland	Willian Justen de Vasconcellos	willianjusten	#596a7a	#96c7fc
world-scenery	Z6JhSpqkWdo	/photo-1508131482539-2b57b21ca1ec?ixid=M3wxMjA3fDB8MXxzZWFyY2h8Nnx8c2tvZ2Fmb3NzJTIwd2F0ZXJmYWxsJTIwaWNlbGFuZHxlbnwwfDB8fHwxNzg3MzgwODkzfDA	Skógafoss, Iceland	Marc Beuret	marcbeuret	#606261	#13140b
world-scenery	rEGEeXPQ1FU	/photo-1478382188900-5bb598fe27d3?ixid=M3wxMjA3fDB8MXxzZWFyY2h8N3x8c2tvZ2Fmb3NzJTIwd2F0ZXJmYWxsJTIwaWNlbGFuZHxlbnwwfDB8fHwxNzg3MzgwODkzfDA	Skógafoss, Iceland	Jacek Smoter	jack070	#5d614f	#454827
world-scenery	bBF9e2UUh88	/photo-1510253687831-0f982d7862fc?ixid=M3wxMjA3fDB8MXxzZWFyY2h8M3x8Y2FwcGFkb2NpYSUyMHR1cmtleSUyMGJhbGxvb25zfGVufDB8MHx8fDE3ODczODA4OTR8MA	Cappadocia, Türkiye	Mar Cerdeira	estudiodelmar	#959894	#867759
world-scenery	bU0-0vlEfZU	/photo-1641128324972-af3212f0f6bd?ixid=M3wxMjA3fDB8MXxzZWFyY2h8NHx8Y2FwcGFkb2NpYSUyMHR1cmtleSUyMGJhbGxvb25zfGVufDB8MHx8fDE3ODczODA4OTR8MA	Cappadocia, Türkiye	Ramzi Belaidi	ramzibelaidi	#75888d	#26a7fd
world-scenery	vCArUMDcHCQ	/photo-1604156787928-a5e83b3544f2?ixid=M3wxMjA3fDB8MXxzZWFyY2h8Nnx8Y2FwcGFkb2NpYSUyMHR1cmtleSUyMGJhbGxvb25zfGVufDB8MHx8fDE3ODczODA4OTR8MA	Cappadocia, Türkiye	Timur Garifov	timgarifov	#918a80	#c7c5b7
world-scenery	0kEvX-9hJyQ	/photo-1505783638529-f3fdc62e1bb1?ixid=M3wxMjA3fDB8MXxzZWFyY2h8N3x8Y2FwcGFkb2NpYSUyMHR1cmtleSUyMGJhbGxvb25zfGVufDB8MHx8fDE3ODczODA4OTR8MA	Cappadocia, Türkiye	Darren Lee	darrenleejw	#756b64	#658bb8
world-scenery	SHqEPeNdOb0	/photo-1570135430888-b195b8c21622?ixid=M3wxMjA3fDB8MXxzZWFyY2h8M3x8cGxpdHZpY2UlMjBsYWtlcyUyMGNyb2F0aWF8ZW58MHwwfHx8MTc4NzM4MDg5NXww	Plitvice Lakes, Croatia	Ante Hamersmit	ante_kante	#457058	#055738
world-scenery	3E2zM9IF-bU	/photo-1589312225511-b16301a1d309?ixid=M3wxMjA3fDB8MXxzZWFyY2h8NHx8cGxpdHZpY2UlMjBsYWtlcyUyMGNyb2F0aWF8ZW58MHwwfHx8MTc4NzM4MDg5NXww	Plitvice Lakes, Croatia	Mike Swigunski	mike_swigunski	#4d6934	#274709
world-scenery	-_SNTSkKBJU	/photo-1629709960788-26fbf4641910?ixid=M3wxMjA3fDB8MXxzZWFyY2h8NXx8cGxpdHZpY2UlMjBsYWtlcyUyMGNyb2F0aWF8ZW58MHwwfHx8MTc4NzM4MDg5NXww	Plitvice Lakes, Croatia	Julian	julian21	#6f7a6b	#373725
world-scenery	obSWMLcBvjo	/photo-1596097155664-4f5c49ba1b69?ixid=M3wxMjA3fDB8MXxzZWFyY2h8Nnx8cGxpdHZpY2UlMjBsYWtlcyUyMGNyb2F0aWF8ZW58MHwwfHx8MTc4NzM4MDg5NXww	Plitvice Lakes, Croatia	Marlene Céline Nordvik	zarlinaa	#567167	#165867
world-scenery	EFzGg7N_mYQ	/photo-1687876790754-2a92a8f0686d?ixid=M3wxMjA3fDB8MXxzZWFyY2h8M3x8aXNsZSUyMG9mJTIwc2t5ZSUyMHNjb3RsYW5kfGVufDB8MHx8fDE3ODczODA4OTZ8MA	Isle of Skye, United Kingdom	martin bennie	martinbennie	#897b5c	#191505
world-scenery	O9PrbhC3Z9k	/photo-1528118967669-a4444cb34bd0?ixid=M3wxMjA3fDB8MXxzZWFyY2h8NHx8aXNsZSUyMG9mJTIwc2t5ZSUyMHNjb3RsYW5kfGVufDB8MHx8fDE3ODczODA4OTZ8MA	Isle of Skye, United Kingdom	Martin Zangerl	zmart	#bac3b5	#a4a957
world-scenery	TuiR3kyabdI	/photo-1727462490269-67dd2b9c49a9?ixid=M3wxMjA3fDB8MXxzZWFyY2h8Nnx8aXNsZSUyMG9mJTIwc2t5ZSUyMHNjb3RsYW5kfGVufDB8MHx8fDE3ODczODA4OTZ8MA	Isle of Skye, United Kingdom	Micah & Sammie Chaffin	micahandsammiechaffin	#898f8a	#252817
world-scenery	a5hx3dwqJ4U	/photo-1742495007724-fb7937a32298?ixid=M3wxMjA3fDB8MXxzZWFyY2h8N3x8aXNsZSUyMG9mJTIwc2t5ZSUyMHNjb3RsYW5kfGVufDB8MHx8fDE3ODczODA4OTZ8MA	Isle of Skye, United Kingdom	Micah & Sammie Chaffin	micahandsammiechaffin	#73776c	#272914
world-scenery	34RmaD-jVbY	/photo-1562083589-3bf71182e9c2?ixid=M3wxMjA3fDB8MXxzZWFyY2h8M3x8bGFrZSUyMGJsZWQlMjBzbG92ZW5pYXxlbnwwfDB8fHwxNzg3MzgwODk3fDA	Lake Bled, Slovenia	Arnaud STECKLE	arnaudsteckle	#7c9095	#a8b7c8
world-scenery	XGDBdSQ70O0	/photo-1505159940484-eb2b9f2588e2?ixid=M3wxMjA3fDB8MXxzZWFyY2h8NHx8bGFrZSUyMGJsZWQlMjBzbG92ZW5pYXxlbnwwfDB8fHwxNzg3MzgwODk3fDA	Lake Bled, Slovenia	Artem Sapegin	sapegin	#7f7671	#473428
world-scenery	URN8hRDvaCo	/photo-1504737248747-c20346f782b5?ixid=M3wxMjA3fDB8MXxzZWFyY2h8Nnx8bGFrZSUyMGJsZWQlMjBzbG92ZW5pYXxlbnwwfDB8fHwxNzg3MzgwODk3fDA	Lake Bled, Slovenia	Jaka Škrlep	jakaskrlep	#577a91	#043677
world-scenery	CfMEecyNtHc	/photo-1529198792282-ca6752042aa2?ixid=M3wxMjA3fDB8MXxzZWFyY2h8N3x8bGFrZSUyMGJsZWQlMjBzbG92ZW5pYXxlbnwwfDB8fHwxNzg3MzgwODk3fDA	Lake Bled, Slovenia	Francisco Ghisletti	tank_ghisletti	#6e98aa	#1766a5
world-scenery	_Se4Dbi9eyM	/photo-1625158464760-fd41f3ce827a?ixid=M3wxMjA3fDB8MXxzZWFyY2h8M3x8c2V0ZSUyMGNpZGFkZXMlMjBhem9yZXMlMjBwb3J0dWdhbHxlbnwwfDB8fHwxNzg3MzgwODk3fDA	Sete Cidades, Portugal	Anne Zwickermann	zwickermann	#6b8161	#455817
world-scenery	4qn4mY4B4Yw	/photo-1542575749037-7ef4545e897d?ixid=M3wxMjA3fDB8MXxzZWFyY2h8NHx8c2V0ZSUyMGNpZGFkZXMlMjBhem9yZXMlMjBwb3J0dWdhbHxlbnwwfDB8fHwxNzg3MzgwODk3fDA	Sete Cidades, Portugal	Chris Slupski	kslupski	#8a9087	#e7e7e8
world-scenery	WpfFRY8sLpk	/photo-1656534461212-84a89d23193a?ixid=M3wxMjA3fDB8MXxzZWFyY2h8Nnx8c2V0ZSUyMGNpZGFkZXMlMjBhem9yZXMlMjBwb3J0dWdhbHxlbnwwfDB8fHwxNzg3MzgwODk3fDA	Sete Cidades, Portugal	Sergey Konstantinov	twirl	#656766	#39628c
world-scenery	1qv9vW5Or7c	/photo-1621582970413-6f931d575d9b?ixid=M3wxMjA3fDB8MXxzZWFyY2h8N3x8c2V0ZSUyMGNpZGFkZXMlMjBhem9yZXMlMjBwb3J0dWdhbHxlbnwwfDB8fHwxNzg3MzgwODk3fDA	Sete Cidades, Portugal	Damir Babacic	onemorephoto	#7f8d64	#97a80a
world-scenery	q-jcWD3Jyb8	/photo-1566999573217-25c859ec1450?ixid=M3wxMjA3fDB8MXxzZWFyY2h8NHx8aGFsbHN0YXR0JTIwYXVzdHJpYSUyMGxha2UlMjBtb3VudGFpbnN8ZW58MHwwfHx8MTc4NzM4MDg5OHww	Hallstatt, Austria	rashid khreiss	rush_intime	#758180	#567887
world-scenery	l2oZBfAOu6c	/photo-1666094597401-4221c183d493?ixid=M3wxMjA3fDB8MXxzZWFyY2h8Nnx8aGFsbHN0YXR0JTIwYXVzdHJpYSUyMGxha2UlMjBtb3VudGFpbnN8ZW58MHwwfHx8MTc4NzM4MDg5OHww	Hallstatt, Austria	Samuel Schroth	sammy	#afb4b3	#98a8b7
world-scenery	wt6bSGmcq4o	/photo-1512862244754-9a53c913e1c3?ixid=M3wxMjA3fDB8MXxzZWFyY2h8N3x8aGFsbHN0YXR0JTIwYXVzdHJpYSUyMGxha2UlMjBtb3VudGFpbnN8ZW58MHwwfHx8MTc4NzM4MDg5OHww	Hallstatt, Austria	Sydney Russakov	sydshots	#6c665d	#252727
world-scenery	lYrNFaaXwEc	/photo-1785584978356-b25a1b8513ff?ixid=M3wxMjA3fDB8MXxzZWFyY2h8OHx8aGFsbHN0YXR0JTIwYXVzdHJpYSUyMGxha2UlMjBtb3VudGFpbnN8ZW58MHwwfHx8MTc4NzM4MDg5OHww	Hallstatt, Austria	ekaterina domracheva	katie_d89	#809498	#45758a
world-scenery	pZpFJ4gRwEw	/photo-1600837966612-1e8142b02043?ixid=M3wxMjA3fDB8MXxzZWFyY2h8Mnx8c2F4b24lMjBzd2l0emVybGFuZCUyMGdlcm1hbnklMjBiYXN0aW9uJTIwYnJpZGdlfGVufDB8MHx8fDE3ODczODA4OTl8MA	Saxon Switzerland, Germany	Ilona Edich	il_n_ae	#626069	#242938
world-scenery	KP7pTuLyj8w	/photo-1781331465907-8c5b8f2d9890?ixid=M3wxMjA3fDB8MXxzZWFyY2h8Nnx8c2F4b24lMjBzd2l0emVybGFuZCUyMGdlcm1hbnklMjBiYXN0aW9uJTIwYnJpZGdlfGVufDB8MHx8fDE3ODczODA4OTl8MA	Saxon Switzerland, Germany	Piotr Musioł	szamanm	#65685f	#666737
world-scenery	RBMloMkN9yw	/photo-1777640846872-d976356133a4?ixid=M3wxMjA3fDB8MXxzZWFyY2h8N3x8c2F4b24lMjBzd2l0emVybGFuZCUyMGdlcm1hbnklMjBiYXN0aW9uJTIwYnJpZGdlfGVufDB8MHx8fDE3ODczODA4OTl8MA	Saxon Switzerland, Germany	Wolfgang Weiser	hamburgmeinefreundin	#827966	#554937
world-scenery	g5XbD9Aes2A	/photo-1781331465607-1d8dfa950c53?ixid=M3wxMjA3fDB8MXxzZWFyY2h8OHx8c2F4b24lMjBzd2l0emVybGFuZCUyMGdlcm1hbnklMjBiYXN0aW9uJTIwYnJpZGdlfGVufDB8MHx8fDE3ODczODA4OTl8MA	Saxon Switzerland, Germany	Piotr Musioł	szamanm	#515658	#0a1505
world-scenery	9n6J4RE8mg4	/photo-1603233809570-4979759c0a4e?ixid=M3wxMjA3fDB8MXxzZWFyY2h8M3x8bW9udCUyMHNhaW50JTIwbWljaGVsJTIwZnJhbmNlfGVufDB8MHx8fDE3ODczODA5MDB8MA	Mont Saint-Michel, France	Andre Ouellet	ledoc	#546a88	#153775
world-scenery	KQMsGFDrgAY	/photo-1653751597763-d0d9e2baf46b?ixid=M3wxMjA3fDB8MXxzZWFyY2h8NHx8bW9udCUyMHNhaW50JTIwbWljaGVsJTIwZnJhbmNlfGVufDB8MHx8fDE3ODczODA5MDB8MA	Mont Saint-Michel, France	Alain Bonnardeaux	bonnarda	#928c78	#171c04
world-scenery	E2oidfEHbjk	/photo-1745572821272-d00c87212c72?ixid=M3wxMjA3fDB8MXxzZWFyY2h8NXx8bW9udCUyMHNhaW50JTIwbWljaGVsJTIwZnJhbmNlfGVufDB8MHx8fDE3ODczODA5MDB8MA	Mont Saint-Michel, France	Thomas Dorgler	tom_drglr	#7b7369	#574739
world-scenery	9ZhxKn5lCBM	/photo-1634300538353-79d5ac918fd2?ixid=M3wxMjA3fDB8MXxzZWFyY2h8Nnx8bW9udCUyMHNhaW50JTIwbWljaGVsJTIwZnJhbmNlfGVufDB8MHx8fDE3ODczODA5MDB8MA	Mont Saint-Michel, France	aaron staes	aaronstaes	#aeb3ab	#f4fafd
world-scenery	zSRqJsMcrAc	/photo-1513519107127-1bed33748e4c?ixid=M3wxMjA3fDB8MXxzZWFyY2h8NHx8Z2VpcmFuZ2VyZmpvcmQlMjBub3J3YXl8ZW58MHwwfHx8MTc4NzM4MDkwMXww	Geirangerfjord, Norway	Krisjanis Mezulis	krisijanis	#5b6465	#17282a
world-scenery	B_jnObZMwHs	/photo-1730392584485-91c8d395ac53?ixid=M3wxMjA3fDB8MXxzZWFyY2h8NXx8Z2VpcmFuZ2VyZmpvcmQlMjBub3J3YXl8ZW58MHwwfHx8MTc4NzM4MDkwMXww	Geirangerfjord, Norway	Jonathan Saleh	jonathansaleh	#5f767b	#4788d6
world-scenery	3JiIz-EQ03g	/photo-1737728987249-37dff953f5a4?ixid=M3wxMjA3fDB8MXxzZWFyY2h8Nnx8Z2VpcmFuZ2VyZmpvcmQlMjBub3J3YXl8ZW58MHwwfHx8MTc4NzM4MDkwMXww	Geirangerfjord, Norway	Cayial De Jesus Pennings	cayial	#5e645c	#566469
world-scenery	8ZQ0vpAwRMY	/photo-1559511331-82d3a775848e?ixid=M3wxMjA3fDB8MXxzZWFyY2h8N3x8Z2VpcmFuZ2VyZmpvcmQlMjBub3J3YXl8ZW58MHwwfHx8MTc4NzM4MDkwMXww	Geirangerfjord, Norway	Mike Benna	mbenna	#818477	#4a5625
world-scenery	NrP9I1utqug	/photo-1554610975-1fa324cfb60b?ixid=M3wxMjA3fDB8MXxzZWFyY2h8NHx8ZmFyb2UlMjBpc2xhbmRzJTIwd2F0ZXJmYWxsJTIwdmlsbGFnZXxlbnwwfDB8fHwxNzg3MzgwOTAxfDA	Faroe Islands, Denmark	Rogério Toledo	rogeriotoledo	#8b897c	#876935
world-scenery	mQn8R6KbNUs	/photo-1759994324278-c44f09286ca1?ixid=M3wxMjA3fDB8MXxzZWFyY2h8NXx8ZmFyb2UlMjBpc2xhbmRzJTIwd2F0ZXJmYWxsJTIwdmlsbGFnZXxlbnwwfDB8fHwxNzg3MzgwOTAxfDA	Faroe Islands, Denmark	Mariia M	mariiam07	#7a828b	#8b8859
world-scenery	Ql01Z-yMoqs	/photo-1697790309328-f9e25fe15396?ixid=M3wxMjA3fDB8MXxzZWFyY2h8Nnx8ZmFyb2UlMjBpc2xhbmRzJTIwd2F0ZXJmYWxsJTIwdmlsbGFnZXxlbnwwfDB8fHwxNzg3MzgwOTAxfDA	Faroe Islands, Denmark	Andy Arbeit	izeberg	#707567	#555837
world-scenery	tfdG9vbKdzo	/photo-1557843961-b589ce207737?ixid=M3wxMjA3fDB8MXxzZWFyY2h8NHx8Y2xpZmZzJTIwb2YlMjBtb2hlciUyMGlyZWxhbmR8ZW58MHwwfHx8MTc4NzM4MDkwMnww	Cliffs of Moher, Ireland	Sylvia Szekely	sylviacreate	#649aa1	#3b94a7
world-scenery	NUiQpGnj9rI	/photo-1500456759136-362ab38eec6d?ixid=M3wxMjA3fDB8MXxzZWFyY2h8Nnx8Y2xpZmZzJTIwb2YlMjBtb2hlciUyMGlyZWxhbmR8ZW58MHwwfHx8MTc4NzM4MDkwMnww	Cliffs of Moher, Ireland	Vincent Guth	vingtcent	#8b838d	#767489
world-scenery	AEallbg9q_A	/photo-1591387091135-1bd5a83d27ab?ixid=M3wxMjA3fDB8MXxzZWFyY2h8N3x8Y2xpZmZzJTIwb2YlMjBtb2hlciUyMGlyZWxhbmR8ZW58MHwwfHx8MTc4NzM4MDkwMnww	Cliffs of Moher, Ireland	Federico Beccari	federize	#6f625d	#2a2409
world-scenery	NPxkSK-makg	/photo-1535479804851-93f60320e644?ixid=M3wxMjA3fDB8MXxzZWFyY2h8OHx8Y2xpZmZzJTIwb2YlMjBtb2hlciUyMGlyZWxhbmR8ZW58MHwwfHx8MTc4NzM4MDkwMnww	Cliffs of Moher, Ireland	Leighton Smith	pioneermedia	#7e9193	#86a8c7
world-scenery	P594Vmw2A0A	/photo-1515991551834-9afb9e90c129?ixid=M3wxMjA3fDB8MXxzZWFyY2h8Mnx8a2lya2p1ZmVsbCUyMG1vdW50YWluJTIwaWNlbGFuZHxlbnwwfDB8fHwxNzg3MzgwOTAzfDA	Kirkjufell, Iceland	Chris Ried	cdr6934	#818180	#342a18
world-scenery	ccD4QdEB2x8	/photo-1683209596176-64a0af9c7d4c?ixid=M3wxMjA3fDB8MXxzZWFyY2h8Nnx8a2lya2p1ZmVsbCUyMG1vdW50YWluJTIwaWNlbGFuZHxlbnwwfDB8fHwxNzg3MzgwOTAzfDA	Kirkjufell, Iceland	Alessio Zappatore	aliosha78	#85837d	#978556
world-scenery	VaH1wghRgBA	/photo-1683209564837-abcf80dc982b?ixid=M3wxMjA3fDB8MXxzZWFyY2h8N3x8a2lya2p1ZmVsbCUyMG1vdW50YWluJTIwaWNlbGFuZHxlbnwwfDB8fHwxNzg3MzgwOTAzfDA	Kirkjufell, Iceland	Alessio Zappatore	aliosha78	#737577	#737d98
world-scenery	cnBaw4eG3LI	/photo-1596466529159-a23dd25bc108?ixid=M3wxMjA3fDB8MXxzZWFyY2h8OHx8a2lya2p1ZmVsbCUyMG1vdW50YWluJTIwaWNlbGFuZHxlbnwwfDB8fHwxNzg3MzgwOTAzfDA	Kirkjufell, Iceland	Explore with Joshua	explorewithjoshua	#4a4655	#353a79
world-scenery	Ei2XtnfPweM	/photo-1694770767534-f6dff0db8791?ixid=M3wxMjA3fDB8MXxzZWFyY2h8OHx8c2VjZWRhJTIwZG9sb21pdGVzJTIwaXRhbHl8ZW58MHwwfHx8MTc4NzM4MDkwNHww	Seceda, Italy	sara nudaveritas	tyrannosara	#6b7e87	#7a95b7
world-scenery	P85DAAb6JCI	/photo-1583948006313-dc024903c507?ixid=M3wxMjA3fDB8MXxzZWFyY2h8MTB8fHNlY2VkYSUyMGRvbG9taXRlcyUyMGl0YWx5fGVufDB8MHx8fDE3ODczODA5MDR8MA	Seceda, Italy	Eryka-Ragna	erykaragna	#9f9e98	#a59747
world-scenery	OIQIu6nksKE	/photo-1552557825-736ef2460d71?ixid=M3wxMjA3fDB8MXxzZWFyY2h8MTF8fHNlY2VkYSUyMGRvbG9taXRlcyUyMGl0YWx5fGVufDB8MHx8fDE3ODczODA5MDR8MA	Seceda, Italy	Francesca Petringa	francescapetra	#697b85	#0685b9
world-scenery	MU5fINMtszw	/photo-1674071483340-f11551ad51f8?ixid=M3wxMjA3fDB8MXxzZWFyY2h8MTJ8fHNlY2VkYSUyMGRvbG9taXRlcyUyMGl0YWx5fGVufDB8MHx8fDE3ODczODA5MDR8MA	Seceda, Italy	Luke Tanis	saluken	#817562	#957877
world-scenery	0ImTjfFAmp8	/photo-1628415491140-4d1108dc1045?ixid=M3wxMjA3fDB8MXxzZWFyY2h8NHx8bGF1dGVyYnJ1bm5lbiUyMHZhbGxleSUyMHN3aXR6ZXJsYW5kfGVufDB8MHx8fDE3ODczODA5MDR8MA	Lauterbrunnen, Switzerland	Fop Pro	foppro	#6f8587	#6a8733
world-scenery	xSwbxr2dpts	/photo-1544986588-da9de4fb3021?ixid=M3wxMjA3fDB8MXxzZWFyY2h8Nnx8bGF1dGVyYnJ1bm5lbiUyMHZhbGxleSUyMHN3aXR6ZXJsYW5kfGVufDB8MHx8fDE3ODczODA5MDR8MA	Lauterbrunnen, Switzerland	Alev Takil	alevtakil	#657377	#c6e8fd
world-scenery	aIc96qrO4iE	/photo-1565689517266-dc2ba981c797?ixid=M3wxMjA3fDB8MXxzZWFyY2h8N3x8bGF1dGVyYnJ1bm5lbiUyMHZhbGxleSUyMHN3aXR6ZXJsYW5kfGVufDB8MHx8fDE3ODczODA5MDR8MA	Lauterbrunnen, Switzerland	Patrick Robert Doyle	teapowered	#80806e	#887536
world-scenery	2ceDw2BMSeI	/photo-1725458775900-91a85bdfbded?ixid=M3wxMjA3fDB8MXxzZWFyY2h8OHx8bGF1dGVyYnJ1bm5lbiUyMHZhbGxleSUyMHN3aXR6ZXJsYW5kfGVufDB8MHx8fDE3ODczODA5MDR8MA	Lauterbrunnen, Switzerland	Andrew Spencer	iam_aspencer	#6e7272	#535937
world-scenery	itHh7CVTzfM	/photo-1637567068269-df5225247a79?ixid=M3wxMjA3fDB8MXxzZWFyY2h8Mnx8cHJva2xldGlqZSUyMGFsYmFuaWFuJTIwYWxwc3xlbnwwfDB8fHwxNzg3MzgwOTA1fDA	Prokletije, Albania	Daniel J. Schwarz	danieljschwarz	#a29280	#2a2513
world-scenery	uJktk_q5Lyg	/photo-1659853444490-43054008a492?ixid=M3wxMjA3fDB8MXxzZWFyY2h8M3x8cHJva2xldGlqZSUyMGFsYmFuaWFuJTIwYWxwc3xlbnwwfDB8fHwxNzg3MzgwOTA1fDA	Prokletije, Albania	Ilse	iml	#6b7572	#898578
world-scenery	YXVwrGhSAgk	/photo-1741844126191-913e5fad95dd?ixid=M3wxMjA3fDB8MXxzZWFyY2h8NHx8cHJva2xldGlqZSUyMGFsYmFuaWFuJTIwYWxwc3xlbnwwfDB8fHwxNzg3MzgwOTA1fDA	Prokletije, Albania	Fajar Al Hadi	fizer0	#5f6a5f	#354b53
world-scenery	J7HN66glU1I	/photo-1783932022752-092f062d95b4?ixid=M3wxMjA3fDB8MXxzZWFyY2h8NXx8cHJva2xldGlqZSUyMGFsYmFuaWFuJTIwYWxwc3xlbnwwfDB8fHwxNzg3MzgwOTA1fDA	Prokletije, Albania	Abenteuer Albanien	abenteueralbanien	#788a81	#977419
world-scenery	W1YyR-a7qOo	/photo-1664958451522-90ce9fd47b2c?ixid=M3wxMjA3fDB8MXxzZWFyY2h8Nnx8a290b3IlMjBiYXklMjBtb250ZW5lZ3JvfGVufDB8MHx8fDE3ODczODA5MDZ8MA	Kotor Bay, Montenegro	Dean Milenkovic	deanmilenkovic	#618369	#0895aa
world-scenery	DyTTmib26gw	/photo-1558604185-c2af075c7f1f?ixid=M3wxMjA3fDB8MXxzZWFyY2h8N3x8a290b3IlMjBiYXklMjBtb250ZW5lZ3JvfGVufDB8MHx8fDE3ODczODA5MDZ8MA	Kotor Bay, Montenegro	Biljana Martinić	biljaminai	#656363	#5b7c9a
world-scenery	CaMeI7mYvzo	/photo-1615352895133-6b491c40309c?ixid=M3wxMjA3fDB8MXxzZWFyY2h8OHx8a290b3IlMjBiYXklMjBtb250ZW5lZ3JvfGVufDB8MHx8fDE3ODczODA5MDZ8MA	Kotor Bay, Montenegro	Radik Sitdikov	radya	#8a8c78	#475956
world-scenery	7JR4AXgT0yE	/photo-1641234354133-df0ae680f2db?ixid=M3wxMjA3fDB8MXxzZWFyY2h8MTB8fGtvdG9yJTIwYmF5JTIwbW9udGVuZWdyb3xlbnwwfDB8fHwxNzg3MzgwOTA2fDA	Kotor Bay, Montenegro	Adventure Albania	adventurealbania	#9ca3a6	#476778
world-scenery	tKLk2qVgYSs	/photo-1521491242559-c00e4eb2bb5c?ixid=M3wxMjA3fDB8MXxzZWFyY2h8Mnx8bWV0ZW9yYSUyMG1vbmFzdGVyaWVzJTIwZ3JlZWNlfGVufDB8MHx8fDE3ODczODA5MDd8MA	Meteora, Greece	Sorin Cicos	sorincicos	#625d4b	#171707
world-scenery	rbkvJsX1CMU	/photo-1672643344999-5c92165cefd7?ixid=M3wxMjA3fDB8MXxzZWFyY2h8Nnx8bWV0ZW9yYSUyMG1vbmFzdGVyaWVzJTIwZ3JlZWNlfGVufDB8MHx8fDE3ODczODA5MDd8MA	Meteora, Greece	Hendrik Morkel	hendrikmorkel	#6e797d	#5689c8
world-scenery	lnbtm378HdM	/photo-1618502216265-1ae4c578bd1e?ixid=M3wxMjA3fDB8MXxzZWFyY2h8N3x8bWV0ZW9yYSUyMG1vbmFzdGVyaWVzJTIwZ3JlZWNlfGVufDB8MHx8fDE3ODczODA5MDd8MA	Meteora, Greece	Yaron Tal	yaron_tal	#76785e	#686528
world-scenery	Buf1sl8yYN0	/photo-1682187233368-73b848553081?ixid=M3wxMjA3fDB8MXxzZWFyY2h8OHx8bWV0ZW9yYSUyMG1vbmFzdGVyaWVzJTIwZ3JlZWNlfGVufDB8MHx8fDE3ODczODA5MDd8MA	Meteora, Greece	Miguel Alcântara	miguelalcantara	#8b938e	#464927
world-scenery	Lzx4J_Pb3sk	/photo-1463003416389-296a1ad37ca0?ixid=M3wxMjA3fDB8MXxzZWFyY2h8M3x8cGljb3MlMjBkZSUyMGV1cm9wYSUyMHNwYWluJTIwbW91bnRhaW5zfGVufDB8MHx8fDE3ODczODA5MDh8MA	Picos de Europa, Spain	Mathew MacQuarrie	matmacq	#777967	#948849
world-scenery	obLA0ZKI2WI	/photo-1735147545639-84410f27e9c7?ixid=M3wxMjA3fDB8MXxzZWFyY2h8Nnx8cGljb3MlMjBkZSUyMGV1cm9wYSUyMHNwYWluJTIwbW91bnRhaW5zfGVufDB8MHx8fDE3ODczODA5MDh8MA	Picos de Europa, Spain	Elisa Bertoja	elisabertoja	#635e4f	#080802
world-scenery	fAyDBhgsQXY	/photo-1631839616170-04c6badb5085?ixid=M3wxMjA3fDB8MXxzZWFyY2h8N3x8cGljb3MlMjBkZSUyMGV1cm9wYSUyMHNwYWluJTIwbW91bnRhaW5zfGVufDB8MHx8fDE3ODczODA5MDh8MA	Picos de Europa, Spain	Bruno Alves	brunoffalves5	#6e7c66	#768336
world-scenery	XBqhB4f5BFM	/photo-1667669362630-40cbbc9f99dd?ixid=M3wxMjA3fDB8MXxzZWFyY2h8OHx8cGljb3MlMjBkZSUyMGV1cm9wYSUyMHNwYWluJTIwbW91bnRhaW5zfGVufDB8MHx8fDE3ODczODA5MDh8MA	Picos de Europa, Spain	Kaja Kadlecova	kaja_kadlecova	#918f86	#a5bbd5
world-scenery	tcK1u0SQJZc	/photo-1635619608953-b6eb0bf24bba?ixid=M3wxMjA3fDB8MXxzZWFyY2h8M3x8YmVuYWdpbCUyMGNhdmUlMjBhbGdhcnZlJTIwcG9ydHVnYWx8ZW58MHwwfHx8MTc4NzM4MDkwOHww	Benagil Cave, Portugal	Alice Kotlyarenko	onegrandtrip	#6a5649	#090502
world-scenery	zg3WkjhieRA	/photo-1634681974664-d46e36f5c578?ixid=M3wxMjA3fDB8MXxzZWFyY2h8Nnx8YmVuYWdpbCUyMGNhdmUlMjBhbGdhcnZlJTIwcG9ydHVnYWx8ZW58MHwwfHx8MTc4NzM4MDkwOHww	Benagil Cave, Portugal	Gunel	ggfotografie	#4d5656	#234359
world-scenery	MDdhOjNRA2w	/photo-1635619609903-22dd262a56dc?ixid=M3wxMjA3fDB8MXxzZWFyY2h8N3x8YmVuYWdpbCUyMGNhdmUlMjBhbGdhcnZlJTIwcG9ydHVnYWx8ZW58MHwwfHx8MTc4NzM4MDkwOHww	Benagil Cave, Portugal	Alice Kotlyarenko	onegrandtrip	#a2876d	#d5ab86
world-scenery	NlTiJCpW4yE	/photo-1679214437883-092c6262e520?ixid=M3wxMjA3fDB8MXxzZWFyY2h8OHx8YmVuYWdpbCUyMGNhdmUlMjBhbGdhcnZlJTIwcG9ydHVnYWx8ZW58MHwwfHx8MTc4NzM4MDkwOHww	Benagil Cave, Portugal	Tino Rischawy	tinorischawy	#9d9b99	#f5f9fb
world-scenery	oDIi-P7lo4U	/photo-1709718973317-00b1017cc096?ixid=M3wxMjA3fDB8MXxzZWFyY2h8NHx8ZXRyZXRhdCUyMGNsaWZmcyUyMG5vcm1hbmR5JTIwZnJhbmNlfGVufDB8MHx8fDE3ODczODA5MDl8MA	Étretat, France	Daniela Holzer	matscha	#989cab	#a5abd4
world-scenery	nrQghg37-SA	/photo-1659107799860-287e1c61941f?ixid=M3wxMjA3fDB8MXxzZWFyY2h8NXx8ZXRyZXRhdCUyMGNsaWZmcyUyMG5vcm1hbmR5JTIwZnJhbmNlfGVufDB8MHx8fDE3ODczODA5MDl8MA	Étretat, France	Julie	suchawonderfultrip	#85929e	#a4b7ca
world-scenery	mAJBNXINGUQ	/photo-1633201056717-82907dfde685?ixid=M3wxMjA3fDB8MXxzZWFyY2h8Nnx8ZXRyZXRhdCUyMGNsaWZmcyUyMG5vcm1hbmR5JTIwZnJhbmNlfGVufDB8MHx8fDE3ODczODA5MDl8MA	Étretat, France	Steven Roussel	stevenrsl	#90918f	#d7d7d6
world-scenery	GV5nfjcn2G8	/photo-1650182654163-4955e90a1c29?ixid=M3wxMjA3fDB8MXxzZWFyY2h8N3x8ZXRyZXRhdCUyMGNsaWZmcyUyMG5vcm1hbmR5JTIwZnJhbmNlfGVufDB8MHx8fDE3ODczODA5MDl8MA	Étretat, France	Sven D	steven1302	#508ba9	#027798
world-scenery	dFN2nNMXQ3s	/photo-1573363056923-8d850e6fd4ba?ixid=M3wxMjA3fDB8MXxzZWFyY2h8NHx8c3ZldGklMjBzdGVmYW4lMjBtb250ZW5lZ3JvfGVufDB8MHx8fDE3ODczODA5MTB8MA	Sveti Stefan, Montenegro	Guy Yumpolski	guyy2712	#6f8392	#588bc4
world-scenery	3XGlH-i66r8	/photo-1607625901435-5f896ba02bf5?ixid=M3wxMjA3fDB8MXxzZWFyY2h8Nnx8c3ZldGklMjBzdGVmYW4lMjBtb250ZW5lZ3JvfGVufDB8MHx8fDE3ODczODA5MTB8MA	Sveti Stefan, Montenegro	Kenneth Sonntag	kennethsonntag	#61839b	#3a89c4
world-scenery	6_DDWZWoasw	/photo-1629716491411-c60c0f99c35a?ixid=M3wxMjA3fDB8MXxzZWFyY2h8MTB8fHN2ZXRpJTIwc3RlZmFuJTIwbW9udGVuZWdyb3xlbnwwfDB8fHwxNzg3MzgwOTEwfDA	Sveti Stefan, Montenegro	Petar Lazarevic	petarlaza	#6d7774	#98b8c5
world-scenery	sDR2I4sZajE	/photo-1634033363853-bf0314b44f16?ixid=M3wxMjA3fDB8MXxzZWFyY2h8MTF8fHN2ZXRpJTIwc3RlZmFuJTIwbW9udGVuZWdyb3xlbnwwfDB8fHwxNzg3MzgwOTEwfDA	Sveti Stefan, Montenegro	Oleg Gratilo	gratilo	#6d7780	#223745
world-scenery	4SH0fHovaDE	/photo-1717592018422-0784520df03a?ixid=M3wxMjA3fDB8MXxzZWFyY2h8M3x8c2V2ZW4lMjByaWxhJTIwbGFrZXMlMjBidWxnYXJpYXxlbnwwfDB8fHwxNzg3MzgwOTExfDA	Rila Lakes, Bulgaria	Мария Вачева	mar4ety20	#8b9792	#477588
world-scenery	303ZUNK9Ea0	/photo-1717592017665-a61144b6edb2?ixid=M3wxMjA3fDB8MXxzZWFyY2h8NHx8c2V2ZW4lMjByaWxhJTIwbGFrZXMlMjBidWxnYXJpYXxlbnwwfDB8fHwxNzg3MzgwOTExfDA	Rila Lakes, Bulgaria	Мария Вачева	mar4ety20	#6d8fac	#4698e7
world-scenery	XpKQBdNh_pE	/photo-1717592017869-1327690bdc55?ixid=M3wxMjA3fDB8MXxzZWFyY2h8NXx8c2V2ZW4lMjByaWxhJTIwbGFrZXMlMjBidWxnYXJpYXxlbnwwfDB8fHwxNzg3MzgwOTExfDA	Rila Lakes, Bulgaria	Мария Вачева	mar4ety20	#788f98	#888567
world-scenery	MLAYyEUiJE0	/photo-1647784392042-f5b0156a1526?ixid=M3wxMjA3fDB8MXxzZWFyY2h8Nnx8c2V2ZW4lMjByaWxhJTIwbGFrZXMlMjBidWxnYXJpYXxlbnwwfDB8fHwxNzg3MzgwOTExfDA	Rila Lakes, Bulgaria	Yana Petkova	needfultosay	#5e6465	#323b45
world-scenery	phig2zwlq1s	/photo-1696317762264-8f7f77bfa4bc?ixid=M3wxMjA3fDB8MXxzZWFyY2h8MXx8dHJhbnNmYWdhcmFzYW4lMjByb2FkJTIwcm9tYW5pYSUyMG1vdW50YWluc3xlbnwwfDB8fHwxNzg3MzgwOTEyfDA	Transfăgărășan, Romania	Stan Adrian	stan_adrian	#697986	#263848
world-scenery	BbdLLloqYsM	/photo-1531086223583-a39d199f8d00?ixid=M3wxMjA3fDB8MXxzZWFyY2h8Mnx8dHJhbnNmYWdhcmFzYW4lMjByb2FkJTIwcm9tYW5pYSUyMG1vdW50YWluc3xlbnwwfDB8fHwxNzg3MzgwOTEyfDA	Transfăgărășan, Romania	Yousef Espanioly	yespanioly	#4a443c	#352717
world-scenery	fh-ZQv0CXps	/photo-1647280913131-805dcef121f7?ixid=M3wxMjA3fDB8MXxzZWFyY2h8NHx8dHJhbnNmYWdhcmFzYW4lMjByb2FkJTIwcm9tYW5pYSUyMG1vdW50YWluc3xlbnwwfDB8fHwxNzg3MzgwOTEyfDA	Transfăgărășan, Romania	cristina paulet	cristina10	#787c73	#39461b
world-scenery	Ib5ddx9PnOM	/photo-1647280913598-f07c090da52b?ixid=M3wxMjA3fDB8MXxzZWFyY2h8NXx8dHJhbnNmYWdhcmFzYW4lMjByb2FkJTIwcm9tYW5pYSUyMG1vdW50YWluc3xlbnwwfDB8fHwxNzg3MzgwOTEyfDA	Transfăgărășan, Romania	cristina paulet	cristina10	#919283	#898457
world-scenery	DbL5qHBYNWs	/photo-1634842542946-896871cd769a?ixid=M3wxMjA3fDB8MXxzZWFyY2h8NHx8Y2Vza3klMjBrcnVtbG92JTIwY3plY2glMjByZXB1YmxpY3xlbnwwfDB8fHwxNzg3MzgwOTEyfDA	Český Krumlov, Czechia	Nick Night	nicknight	#7e8179	#162917
world-scenery	h0YlnYGa3F0	/photo-1568209166532-cfab434e43a3?ixid=M3wxMjA3fDB8MXxzZWFyY2h8Nnx8Y2Vza3klMjBrcnVtbG92JTIwY3plY2glMjByZXB1YmxpY3xlbnwwfDB8fHwxNzg3MzgwOTEyfDA	Český Krumlov, Czechia	Ivan Theodoulou	ivanofhk	#898283	#a77866
world-scenery	qV7T5WYxFNk	/photo-1688248443332-70c09a7f64d5?ixid=M3wxMjA3fDB8MXxzZWFyY2h8N3x8Y2Vza3klMjBrcnVtbG92JTIwY3plY2glMjByZXB1YmxpY3xlbnwwfDB8fHwxNzg3MzgwOTEyfDA	Český Krumlov, Czechia	Aleksei Tertychnyi	pinelab	#807a71	#383735
world-scenery	jKOw7qvoqzo	/photo-1609526822733-8a08178bcb96?ixid=M3wxMjA3fDB8MXxzZWFyY2h8OHx8Y2Vza3klMjBrcnVtbG92JTIwY3plY2glMjByZXB1YmxpY3xlbnwwfDB8fHwxNzg3MzgwOTEyfDA	Český Krumlov, Czechia	Anni Karppinen	ongbogi	#918e82	#a49579
world-scenery	fEw9RsoDEq4	/photo-1613476775431-f085e65e9605?ixid=M3wxMjA3fDB8MXxzZWFyY2h8NHx8ZmlubmlzaCUyMGxhcGxhbmQlMjBhdXJvcmElMjBjYWJpbnxlbnwwfDB8fHwxNzg3MzgwOTE2fDA	Lapland, Finland	VALO Hotel & Work	arcticguesthouse	#19272f	#030406
world-scenery	3QTe0CdhcL4	/photo-1581361054863-3edb8d2a1afe?ixid=M3wxMjA3fDB8MXxzZWFyY2h8Nnx8ZmlubmlzaCUyMGxhcGxhbmQlMjBhdXJvcmElMjBjYWJpbnxlbnwwfDB8fHwxNzg3MzgwOTE2fDA	Lapland, Finland	Timo Horstschaefer	thrstschfr	#293239	#060505
world-scenery	i4sLkFU0MFQ	/photo-1674973543867-b7c3864ca853?ixid=M3wxMjA3fDB8MXxzZWFyY2h8N3x8ZmlubmlzaCUyMGxhcGxhbmQlMjBhdXJvcmElMjBjYWJpbnxlbnwwfDB8fHwxNzg3MzgwOTE2fDA	Lapland, Finland	Harri P	haraldip	#6d85b2	#85a3d9
world-scenery	9KZ0dP7CTPE	/photo-1483310354109-4c18fe172a1c?ixid=M3wxMjA3fDB8MXxzZWFyY2h8OHx8ZmlubmlzaCUyMGxhcGxhbmQlMjBhdXJvcmElMjBjYWJpbnxlbnwwfDB8fHwxNzg3MzgwOTE2fDA	Lapland, Finland	Jonatan Pie	r3dmax	#4c635c	#385655
world-scenery	bC2lm2hvE2g	/photo-1656068697284-6e15dec9dec7?ixid=M3wxMjA3fDB8MXxzZWFyY2h8M3x8YWJpc2tvJTIwc3dlZGVuJTIwbm9ydGhlcm4lMjBsaWdodHN8ZW58MHwwfHx8MTc4NzM4MDkxN3ww	Abisko, Sweden	Jian Liu	jian_leo	#383e2d	#18140a
world-scenery	qKwbUIsRzZ8	/photo-1656068697135-c7b72f3598e4?ixid=M3wxMjA3fDB8MXxzZWFyY2h8NHx8YWJpc2tvJTIwc3dlZGVuJTIwbm9ydGhlcm4lMjBsaWdodHN8ZW58MHwwfHx8MTc4NzM4MDkxN3ww	Abisko, Sweden	Jian Liu	jian_leo	#24290f	#090901
world-scenery	-luLa3--3j4	/photo-1656068697265-d31980069d28?ixid=M3wxMjA3fDB8MXxzZWFyY2h8NXx8YWJpc2tvJTIwc3dlZGVuJTIwbm9ydGhlcm4lMjBsaWdodHN8ZW58MHwwfHx8MTc4NzM4MDkxN3ww	Abisko, Sweden	Jian Liu	jian_leo	#242b12	#080903
world-scenery	QPOPctyOKvA	/photo-1656068697314-392fdd937137?ixid=M3wxMjA3fDB8MXxzZWFyY2h8Nnx8YWJpc2tvJTIwc3dlZGVuJTIwbm9ydGhlcm4lMjBsaWdodHN8ZW58MHwwfHx8MTc4NzM4MDkxN3ww	Abisko, Sweden	Jian Liu	jian_leo	#22280a	#171604
world-scenery	nSNodqvmboA	/photo-1637080669393-d23b47fc7600?ixid=M3wxMjA3fDB8MXxzZWFyY2h8NHx8Z2lhbnRzJTIwY2F1c2V3YXklMjBub3J0aGVybiUyMGlyZWxhbmR8ZW58MHwwfHx8MTc4NzM4MDkxOXww	Giant's Causeway, United Kingdom	Daniel Lloyd Blunk-Fernández	blunkorama	#6a7689	#374559
world-scenery	6nKITC7E3DM	/photo-1663729213836-56aa5965d216?ixid=M3wxMjA3fDB8MXxzZWFyY2h8NXx8Z2lhbnRzJTIwY2F1c2V3YXklMjBub3J0aGVybiUyMGlyZWxhbmR8ZW58MHwwfHx8MTc4NzM4MDkxOXww	Giant's Causeway, United Kingdom	Jo Lord	jolord	#7b7b7a	#142728
world-scenery	QNpPODEFwfQ	/photo-1655001420735-1d2b41afee06?ixid=M3wxMjA3fDB8MXxzZWFyY2h8Nnx8Z2lhbnRzJTIwY2F1c2V3YXklMjBub3J0aGVybiUyMGlyZWxhbmR8ZW58MHwwfHx8MTc4NzM4MDkxOXww	Giant's Causeway, United Kingdom	Mr TT	mrtt	#54575a	#383637
world-scenery	Ihosq05VpPU	/photo-1667018580291-65fb9a2acd5d?ixid=M3wxMjA3fDB8MXxzZWFyY2h8N3x8Z2lhbnRzJTIwY2F1c2V3YXklMjBub3J0aGVybiUyMGlyZWxhbmR8ZW58MHwwfHx8MTc4NzM4MDkxOXww	Giant's Causeway, United Kingdom	Korng Sok	korng_sok	#6a8691	#a9c8d9
world-scenery	3dLzBo4MBVM	/photo-1699450938809-71b9297e6db8?ixid=M3wxMjA3fDB8MXxzZWFyY2h8M3x8c25vd2RvbmlhJTIwd2FsZXMlMjBtb3VudGFpbnMlMjBsYWtlfGVufDB8MHx8fDE3ODczODA5MjB8MA	Snowdonia, United Kingdom	Elliot Voilmy	itsaroadmap	#797b74	#856945
world-scenery	9lshsfyTbD8	/photo-1565027611724-872b32145b11?ixid=M3wxMjA3fDB8MXxzZWFyY2h8NHx8c25vd2RvbmlhJTIwd2FsZXMlMjBtb3VudGFpbnMlMjBsYWtlfGVufDB8MHx8fDE3ODczODA5MjB8MA	Snowdonia, United Kingdom	Kenny Orr	greyharpoon	#4d5456	#252728
world-scenery	5vF16lNZ-gI	/photo-1607602274619-4503f0c2444c?ixid=M3wxMjA3fDB8MXxzZWFyY2h8Nnx8c25vd2RvbmlhJTIwd2FsZXMlMjBtb3VudGFpbnMlMjBsYWtlfGVufDB8MHx8fDE3ODczODA5MjB8MA	Snowdonia, United Kingdom	Gary Ellis	garyellisphoto	#8f988f	#899736
world-scenery	SaBZ-sEPBtU	/photo-1565097291210-87c04e7c5f5e?ixid=M3wxMjA3fDB8MXxzZWFyY2h8N3x8c25vd2RvbmlhJTIwd2FsZXMlMjBtb3VudGFpbnMlMjBsYWtlfGVufDB8MHx8fDE3ODczODA5MjB8MA	Snowdonia, United Kingdom	v2osk	v2osk	#5d5c53	#585956
world-scenery	dymjdbJiMpg	/photo-1636619304929-faf51af6af9d?ixid=M3wxMjA3fDB8MXxzZWFyY2h8M3x8Y2FsYW5xdWVzJTIwY2Fzc2lzJTIwZnJhbmNlJTIwdHVycXVvaXNlfGVufDB8MHx8fDE3ODczODA5MjF8MA	Calanques, France	Alexandra Smielova	sashasmelova	#4e6462	#052528
world-scenery	NlP0c0f8igk	/photo-1686860437093-f698f95eb90c?ixid=M3wxMjA3fDB8MXxzZWFyY2h8NHx8Y2FsYW5xdWVzJTIwY2Fzc2lzJTIwZnJhbmNlJTIwdHVycXVvaXNlfGVufDB8MHx8fDE3ODczODA5MjF8MA	Calanques, France	Thomas Aubaud	hatmos	#65645a	#a79586
world-scenery	V3PzUAkDF2c	/photo-1658849607240-b5d878a2afa9?ixid=M3wxMjA3fDB8MXxzZWFyY2h8NXx8Y2FsYW5xdWVzJTIwY2Fzc2lzJTIwZnJhbmNlJTIwdHVycXVvaXNlfGVufDB8MHx8fDE3ODczODA5MjF8MA	Calanques, France	kodex1213	kodex1213	#5d6f6a	#75755a
world-scenery	kXAzdnwyX18	/photo-1658849609536-102c8d5b3dd3?ixid=M3wxMjA3fDB8MXxzZWFyY2h8Nnx8Y2FsYW5xdWVzJTIwY2Fzc2lzJTIwZnJhbmNlJTIwdHVycXVvaXNlfGVufDB8MHx8fDE3ODczODA5MjF8MA	Calanques, France	kodex1213	kodex1213	#426687	#023a86
world-scenery	yEhvU2VkI_E	/photo-1626349147468-f20f00b4dce7?ixid=M3wxMjA3fDB8MXxzZWFyY2h8M3x8a29uaWdzc2VlJTIwYmF2YXJpYSUyMGdlcm1hbnklMjBsYWtlfGVufDB8MHx8fDE3ODczODA5MjF8MA	Lake Königssee, Germany	Dirk Houstoun	dkoeberlein	#4c5d6d	#4678b7
world-scenery	sREvFLlL7Fc	/photo-1754386114041-ca6eae06c5d0?ixid=M3wxMjA3fDB8MXxzZWFyY2h8NHx8a29uaWdzc2VlJTIwYmF2YXJpYSUyMGdlcm1hbnklMjBsYWtlfGVufDB8MHx8fDE3ODczODA5MjF8MA	Lake Königssee, Germany	Daniel Wildbound	danielwildbound	#747c7d	#2a3225
world-scenery	L_juKV2GzS8	/photo-1754386103095-48ceed1cdcdd?ixid=M3wxMjA3fDB8MXxzZWFyY2h8Nnx8a29uaWdzc2VlJTIwYmF2YXJpYSUyMGdlcm1hbnklMjBsYWtlfGVufDB8MHx8fDE3ODczODA5MjF8MA	Lake Königssee, Germany	Daniel Wildbound	danielwildbound	#63736f	#283629
world-scenery	uuL1Apk-k0U	/photo-1733939218565-699c5e1ebf72?ixid=M3wxMjA3fDB8MXxzZWFyY2h8N3x8a29uaWdzc2VlJTIwYmF2YXJpYSUyMGdlcm1hbnklMjBsYWtlfGVufDB8MHx8fDE3ODczODA5MjF8MA	Lake Königssee, Germany	Joshua Kettle	joshuakettle	#626466	#282727
world-scenery	Jc-7YJB3Xho	/photo-1707984910615-0044961e96e0?ixid=M3wxMjA3fDB8MXxzZWFyY2h8M3x8Z3Jvc3NnbG9ja25lciUyMGF1c3RyaWElMjBhbHBpbmUlMjByb2FkfGVufDB8MHx8fDE3ODczODA5MjJ8MA	Grossglockner, Austria	Christian Lendl	dchris	#6b8187	#6697b9
world-scenery	3MpG6GaQQts	/photo-1724010653405-0bdeeee7204e?ixid=M3wxMjA3fDB8MXxzZWFyY2h8NHx8Z3Jvc3NnbG9ja25lciUyMGF1c3RyaWElMjBhbHBpbmUlMjByb2FkfGVufDB8MHx8fDE3ODczODA5MjJ8MA	Grossglockner, Austria	Elisa Chircop	lunasa308	#426371	#045898
world-scenery	suoahzdh5hQ	/photo-1724010712623-b62f854a4efc?ixid=M3wxMjA3fDB8MXxzZWFyY2h8NXx8Z3Jvc3NnbG9ja25lciUyMGF1c3RyaWElMjBhbHBpbmUlMjByb2FkfGVufDB8MHx8fDE3ODczODA5MjJ8MA	Grossglockner, Austria	Elisa Chircop	lunasa308	#4c6f76	#013684
world-scenery	wwMJ6AVR2NQ	/photo-1696958362519-0fd2fd7e2155?ixid=M3wxMjA3fDB8MXxzZWFyY2h8Nnx8Z3Jvc3NnbG9ja25lciUyMGF1c3RyaWElMjBhbHBpbmUlMjByb2FkfGVufDB8MHx8fDE3ODczODA5MjJ8MA	Grossglockner, Austria	Václav Pechar	venajeborec	#585849	#553606
world-scenery	KgQ9XEAEzrY	/photo-1643138205043-608bce58e8d8?ixid=M3wxMjA3fDB8MXxzZWFyY2h8M3x8c29jYSUyMHJpdmVyJTIwdmFsbGV5JTIwc2xvdmVuaWF8ZW58MHwwfHx8MTc4NzM4MDkyM3ww	Soča Valley, Slovenia	Febe Vanermen	febev	#848d85	#88a4cb
world-scenery	B-gtjNoishk	/photo-1783105500812-05582719dcfb?ixid=M3wxMjA3fDB8MXxzZWFyY2h8NHx8c29jYSUyMHJpdmVyJTIwdmFsbGV5JTIwc2xvdmVuaWF8ZW58MHwwfHx8MTc4NzM4MDkyM3ww	Soča Valley, Slovenia	Danny Rienecker	danny_rienecker	#8a8c83	#89a5a3
world-scenery	BufNh-EEujg	/photo-1606385082452-8bdc60c3dd18?ixid=M3wxMjA3fDB8MXxzZWFyY2h8NHx8aHZhciUyMGNyb2F0aWElMjBhZHJpYXRpY3xlbnwwfDB8fHwxNzg3MzgwOTI0fDA	Hvar, Croatia	Håkon Grimstad	grimstad	#5e6469	#466599
world-scenery	cIOIPbbzYyk	/photo-1535790110071-799e72673056?ixid=M3wxMjA3fDB8MXxzZWFyY2h8Nnx8aHZhciUyMGNyb2F0aWElMjBhZHJpYXRpY3xlbnwwfDB8fHwxNzg3MzgwOTI0fDA	Hvar, Croatia	Ed Maughan	discover	#ae888f	#010002
world-scenery	z3iwnDBucyU	/photo-1606385063531-c23fbf2e8417?ixid=M3wxMjA3fDB8MXxzZWFyY2h8N3x8aHZhciUyMGNyb2F0aWElMjBhZHJpYXRpY3xlbnwwfDB8fHwxNzg3MzgwOTI0fDA	Hvar, Croatia	Håkon Grimstad	grimstad	#657a92	#3867b3
world-scenery	Nm89MZvAR5I	/photo-1533140246-be4787db56cf?ixid=M3wxMjA3fDB8MXxzZWFyY2h8OHx8aHZhciUyMGNyb2F0aWElMjBhZHJpYXRpY3xlbnwwfDB8fHwxNzg3MzgwOTI0fDA	Hvar, Croatia	Cody Black	cblack09	#a99d9d	#f6f1f2
world-scenery	-MrJSc9PdTw	/photo-1603184998057-5627edab5710?ixid=M3wxMjA3fDB8MXxzZWFyY2h8NHx8ZHVybWl0b3IlMjBuYXRpb25hbCUyMHBhcmslMjBtb250ZW5lZ3JvfGVufDB8MHx8fDE3ODczODA5MjV8MA	Durmitor, Montenegro	Luka Žarić	lukapsd	#547c86	#4ba4e3
world-scenery	j8awCNwDlTA	/photo-1693744412206-66a716ef6d78?ixid=M3wxMjA3fDB8MXxzZWFyY2h8NXx8ZHVybWl0b3IlMjBuYXRpb25hbCUyMHBhcmslMjBtb250ZW5lZ3JvfGVufDB8MHx8fDE3ODczODA5MjV8MA	Durmitor, Montenegro	Uliana Sova	ulianasova	#6f7c70	#354719
world-scenery	gi8WVoUByLo	/photo-1727953245110-cc8d6ed316ab?ixid=M3wxMjA3fDB8MXxzZWFyY2h8Nnx8ZHVybWl0b3IlMjBuYXRpb25hbCUyMHBhcmslMjBtb250ZW5lZ3JvfGVufDB8MHx8fDE3ODczODA5MjV8MA	Durmitor, Montenegro	Bulhakova Yuliia	redinsun_travel	#555247	#483516
world-scenery	SH6dw4Ux4f0	/photo-1715528597436-7d6c8a45565b?ixid=M3wxMjA3fDB8MXxzZWFyY2h8N3x8ZHVybWl0b3IlMjBuYXRpb25hbCUyMHBhcmslMjBtb250ZW5lZ3JvfGVufDB8MHx8fDE3ODczODA5MjV8MA	Durmitor, Montenegro	Uliana Sova	ulianasova	#5b7377	#486377
world-scenery	_5pswmdUFqo	/photo-1546402956-b698857acdc1?ixid=M3wxMjA3fDB8MXxzZWFyY2h8Mnx8bW9zdGFyJTIwb2xkJTIwYnJpZGdlJTIwYm9zbmlhfGVufDB8MHx8fDE3ODczODA5MjZ8MA	Mostar, Bosnia and Herzegovina	Steph Smith	stephsmith	#7e7770	#c9d3da
world-scenery	sYnmS74A30s	/photo-1704974738004-133747005cbb?ixid=M3wxMjA3fDB8MXxzZWFyY2h8M3x8bW9zdGFyJTIwb2xkJTIwYnJpZGdlJTIwYm9zbmlhfGVufDB8MHx8fDE3ODczODA5MjZ8MA	Mostar, Bosnia and Herzegovina	Hongbin	hbsun2013	#7f8479	#747847
world-scenery	1Lf10zVxrR4	/photo-1689019345483-4f847b92e5e3?ixid=M3wxMjA3fDB8MXxzZWFyY2h8NHx8bW9zdGFyJTIwb2xkJTIwYnJpZGdlJTIwYm9zbmlhfGVufDB8MHx8fDE3ODczODA5MjZ8MA	Mostar, Bosnia and Herzegovina	Christian Lendl	dchris	#a29a80	#8a8558
world-scenery	T6CIC6zfBO0	/photo-1683819667100-fb0e9ec75fdd?ixid=M3wxMjA3fDB8MXxzZWFyY2h8NXx8bW9zdGFyJTIwb2xkJTIwYnJpZGdlJTIwYm9zbmlhfGVufDB8MHx8fDE3ODczODA5MjZ8MA	Mostar, Bosnia and Herzegovina	Hongbin	hbsun2013	#81837c	#d6dbe4
world-scenery	sfFsOkD1v90	/photo-1717839662176-130bfef50569?ixid=M3wxMjA3fDB8MXxzZWFyY2h8NHx8bGFrZSUyMG9ocmlkJTIwbm9ydGglMjBtYWNlZG9uaWF8ZW58MHwwfHx8MTc4NzM4MDkyNnww	Ohrid, North Macedonia	Lon Ilesanmi	lon_io	#749fc5	#7aa3c6
world-scenery	BzwdR3aFzV8	/photo-1587992352889-f3f579ba9e4d?ixid=M3wxMjA3fDB8MXxzZWFyY2h8Nnx8bGFrZSUyMG9ocmlkJTIwbm9ydGglMjBtYWNlZG9uaWF8ZW58MHwwfHx8MTc4NzM4MDkyNnww	Ohrid, North Macedonia	Ali Nuredini	alinuredini	#a6a8a5	#1a1704
world-scenery	qhHEllpqWFs	/photo-1587992384141-5f13776b518b?ixid=M3wxMjA3fDB8MXxzZWFyY2h8N3x8bGFrZSUyMG9ocmlkJTIwbm9ydGglMjBtYWNlZG9uaWF8ZW58MHwwfHx8MTc4NzM4MDkyNnww	Ohrid, North Macedonia	Ali Nuredini	alinuredini	#97988b	#3a3b1b
world-scenery	T-F6OxT7aFw	/photo-1600333542145-1b4c62dc6898?ixid=M3wxMjA3fDB8MXxzZWFyY2h8OHx8bGFrZSUyMG9ocmlkJTIwbm9ydGglMjBtYWNlZG9uaWF8ZW58MHwwfHx8MTc4NzM4MDkyNnww	Ohrid, North Macedonia	Sara Melo Gago	saraisworking	#a3a3ca	#a7b6f7
world-scenery	KjygFwbYWZA	/photo-1655224630263-440be4b06dbf?ixid=M3wxMjA3fDB8MXxzZWFyY2h8M3x8Z296byUyMG1hbHRhJTIwY29hc3R8ZW58MHwwfHx8MTc4NzM4MDkyOHww	Gozo, Malta	Spruce	sprucejpg	#7a9ba8	#065468
world-scenery	NdZ9jZNhQT4	/photo-1655224630844-a767b55baa2b?ixid=M3wxMjA3fDB8MXxzZWFyY2h8NHx8Z296byUyMG1hbHRhJTIwY29hc3R8ZW58MHwwfHx8MTc4NzM4MDkyOHww	Gozo, Malta	Spruce	sprucejpg	#779daf	#043848
world-scenery	xe1twzKHwIo	/photo-1675773681742-4d8f1d2d0111?ixid=M3wxMjA3fDB8MXxzZWFyY2h8NXx8Z296byUyMG1hbHRhJTIwY29hc3R8ZW58MHwwfHx8MTc4NzM4MDkyOHww	Gozo, Malta	Nejc Soklič	nejc_soklic	#405958	#044449
world-scenery	i7I7Xywynik	/photo-1675773681758-0c29d9f09ad5?ixid=M3wxMjA3fDB8MXxzZWFyY2h8Nnx8Z296byUyMG1hbHRhJTIwY29hc3R8ZW58MHwwfHx8MTc4NzM4MDkyOHww	Gozo, Malta	Nejc Soklič	nejc_soklic	#798b86	#257a83
world-scenery	rEr2UuhbC5k	/photo-1671705782043-f3495bcfd522?ixid=M3wxMjA3fDB8MXxzZWFyY2h8NHx8dmlrJTIwaWNlbGFuZCUyMGJsYWNrJTIwc2FuZCUyMGJlYWNofGVufDB8MHx8fDE3ODczODA5Mjl8MA	Vík, Iceland	Matej Rieciciar	m_riecko	#6c6c6c	#a6a6a6
world-scenery	f-fl0yNqEsU	/photo-1587400364540-b78883d60470?ixid=M3wxMjA3fDB8MXxzZWFyY2h8Nnx8dmlrJTIwaWNlbGFuZCUyMGJsYWNrJTIwc2FuZCUyMGJlYWNofGVufDB8MHx8fDE3ODczODA5Mjl8MA	Vík, Iceland	Rémy Penet	remypnt	#9499a0	#242629
world-scenery	ISBPr3reT68	/photo-1519396899666-1ae8531ef17b?ixid=M3wxMjA3fDB8MXxzZWFyY2h8N3x8dmlrJTIwaWNlbGFuZCUyMGJsYWNrJTIwc2FuZCUyMGJlYWNofGVufDB8MHx8fDE3ODczODA5Mjl8MA	Vík, Iceland	Marc Zimmer	knipszimmer	#7a8085	#121918
world-scenery	FXhRrfFH9kc	/photo-1509004584412-2ded8cbfb599?ixid=M3wxMjA3fDB8MXxzZWFyY2h8OHx8dmlrJTIwaWNlbGFuZCUyMGJsYWNrJTIwc2FuZCUyMGJlYWNofGVufDB8MHx8fDE3ODczODA5Mjl8MA	Vík, Iceland	tom coe	tomcoe	#bbbfc6	#f4f5f9
world-scenery	CxEYMfromKQ	/photo-1716810480951-8b487d19795c?ixid=M3wxMjA3fDB8MXxzZWFyY2h8M3x8bWFkZWlyYSUyMHBvcnR1Z2FsJTIwbW91bnRhaW4lMjBjb2FzdHxlbnwwfDB8fHwxNzg3MzgwOTMwfDA	Madeira, Portugal	Christina Zhang	_hues	#667080	#385576
world-scenery	d7i2YWBFaE4	/photo-1654688144350-6b3aa01556b5?ixid=M3wxMjA3fDB8MXxzZWFyY2h8NHx8bWFkZWlyYSUyMHBvcnR1Z2FsJTIwbW91bnRhaW4lMjBjb2FzdHxlbnwwfDB8fHwxNzg3MzgwOTMwfDA	Madeira, Portugal	Hans	hansphoto	#c0bfb3	#f2f5ed
world-scenery	r-gSVQR8-rs	/photo-1689086028296-c9b93f1738ff?ixid=M3wxMjA3fDB8MXxzZWFyY2h8NXx8bWFkZWlyYSUyMHBvcnR1Z2FsJTIwbW91bnRhaW4lMjBjb2FzdHxlbnwwfDB8fHwxNzg3MzgwOTMwfDA	Madeira, Portugal	Thomas Winkler	thomsonwinkler	#3c666b	#015784
world-scenery	YJl2zLNQtDQ	/photo-1689086472012-087fefa857f2?ixid=M3wxMjA3fDB8MXxzZWFyY2h8Nnx8bWFkZWlyYSUyMHBvcnR1Z2FsJTIwbW91bnRhaW4lMjBjb2FzdHxlbnwwfDB8fHwxNzg3MzgwOTMwfDA	Madeira, Portugal	Thomas Winkler	thomsonwinkler	#3b8a94	#0289c4
world-scenery	wJj5Bs1jHxg	/photo-1503640538573-148065ba4904?ixid=M3wxMjA3fDB8MXxzZWFyY2h8M3x8a3lvdG8lMjBqYXBhbiUyMHRlbXBsZXxlbnwwfDB8fHwxNzg3MzgwOTMwfDA	Kyoto, Japan	Erik Eastman	erikeae	#3a4d4a	#024775
world-scenery	YbcX7QktfjA	/photo-1707474893587-a37a9cf1b555?ixid=M3wxMjA3fDB8MXxzZWFyY2h8NHx8a3lvdG8lMjBqYXBhbiUyMHRlbXBsZXxlbnwwfDB8fHwxNzg3MzgwOTMwfDA	Kyoto, Japan	Omkar Jori	ojori	#8d6a56	#874836
world-scenery	stDtoqwp7uQ	/photo-1602897387777-f89c6b7e4a9e?ixid=M3wxMjA3fDB8MXxzZWFyY2h8Nnx8a3lvdG8lMjBqYXBhbiUyMHRlbXBsZXxlbnwwfDB8fHwxNzg3MzgwOTMwfDA	Kyoto, Japan	LU XISH	luxish	#4d5660	#17181a
world-scenery	z2wE8pkb-Mk	/flagged/photo-1575356253609-f32f494b1a23?ixid=M3wxMjA3fDB8MXxzZWFyY2h8N3x8a3lvdG8lMjBqYXBhbiUyMHRlbXBsZXxlbnwwfDB8fHwxNzg3MzgwOTMwfDA	Kyoto, Japan	Dayo Adepoju	thrudeeslens	#4c5462	#4874b8
world-scenery	eoZTnFtusDs	/photo-1615811648503-479d06197ff3?ixid=M3wxMjA3fDB8MXxzZWFyY2h8M3x8cGV0cmElMjBqb3JkYW4lMjB0cmVhc3VyeXxlbnwwfDB8fHwxNzg3MzgwOTMxfDA	Petra, Jordan	Brian Kairuz	briankairuz	#88604f	#886657
world-scenery	sYMgkKkHpGI	/photo-1548786811-dd6e453ccca7?ixid=M3wxMjA3fDB8MXxzZWFyY2h8NHx8cGV0cmElMjBqb3JkYW4lMjB0cmVhc3VyeXxlbnwwfDB8fHwxNzg3MzgwOTMxfDA	Petra, Jordan	Emile Guillemot	emilegt	#9f9595	#775649
world-scenery	mYEqvgcY1G4	/photo-1589825274556-94746a018766?ixid=M3wxMjA3fDB8MXxzZWFyY2h8Nnx8cGV0cmElMjBqb3JkYW4lMjB0cmVhc3VyeXxlbnwwfDB8fHwxNzg3MzgwOTMxfDA	Petra, Jordan	Ahmad Qaisieh	aqaisieh	#77584b	#66473a
world-scenery	fCuLt5g_AMI	/photo-1705628078563-966777473473?ixid=M3wxMjA3fDB8MXxzZWFyY2h8N3x8cGV0cmElMjBqb3JkYW4lMjB0cmVhc3VyeXxlbnwwfDB8fHwxNzg3MzgwOTMxfDA	Petra, Jordan	Moxin Wang	baifaheipi	#825639	#170401
world-scenery	CRvaC071ZXo	/photo-1567266565245-c08dc046815f?ixid=M3wxMjA3fDB8MXxzZWFyY2h8M3x8emhhbmdqaWFqaWUlMjBjaGluYSUyMG1vdW50YWluc3xlbnwwfDB8fHwxNzg3MzgwOTMyfDA	Zhangjiajie, China	Robynne O	roborobs	#778189	#657988
world-scenery	gii7lF4y0WY	/photo-1514920735211-8c697444a248?ixid=M3wxMjA3fDB8MXxzZWFyY2h8NHx8emhhbmdqaWFqaWUlMjBjaGluYSUyMG1vdW50YWluc3xlbnwwfDB8fHwxNzg3MzgwOTMyfDA	Zhangjiajie, China	Joshua Sortino	sortino	#595950	#353827
world-scenery	pjsrHjXGnVs	/photo-1546707640-7ba6e4b2df2e?ixid=M3wxMjA3fDB8MXxzZWFyY2h8Nnx8emhhbmdqaWFqaWUlMjBjaGluYSUyMG1vdW50YWluc3xlbnwwfDB8fHwxNzg3MzgwOTMyfDA	Zhangjiajie, China	Robynne O	roborobs	#546477	#161a24
world-scenery	IUjIATAp2AA	/photo-1740521532587-dd5938febf27?ixid=M3wxMjA3fDB8MXxzZWFyY2h8N3x8emhhbmdqaWFqaWUlMjBjaGluYSUyMG1vdW50YWluc3xlbnwwfDB8fHwxNzg3MzgwOTMyfDA	Zhangjiajie, China	Jakub Tomasik	jakubeq	#466570	#0167a7
world-scenery	maJ7hJBE654	/photo-1561461221-959c3f16234b?ixid=M3wxMjA3fDB8MXxzZWFyY2h8M3x8aGElMjBsb25nJTIwYmF5JTIwdmlldG5hbXxlbnwwfDB8fHwxNzg3MzgwOTMzfDA	Ha Long Bay, Vietnam	digitalarbyter :)	digitalarbyter	#6f9099	#97b6d5
world-scenery	Dvtnk9okIR8	/photo-1737484126640-7381808c768b?ixid=M3wxMjA3fDB8MXxzZWFyY2h8NHx8aGElMjBsb25nJTIwYmF5JTIwdmlldG5hbXxlbnwwfDB8fHwxNzg3MzgwOTMzfDA	Ha Long Bay, Vietnam	_cventr	_cventr	#2a8a89	#268886
world-scenery	p3zbb3Efczw	/photo-1573270689103-d7a4e42b609a?ixid=M3wxMjA3fDB8MXxzZWFyY2h8Nnx8aGElMjBsb25nJTIwYmF5JTIwdmlldG5hbXxlbnwwfDB8fHwxNzg3MzgwOTMzfDA	Ha Long Bay, Vietnam	Lewis J Goetz	lgoetz	#84a3a4	#68a5a6
world-scenery	W2KEyYAAvU4	/photo-1431975071466-2c609dac5956?ixid=M3wxMjA3fDB8MXxzZWFyY2h8N3x8aGElMjBsb25nJTIwYmF5JTIwdmlldG5hbXxlbnwwfDB8fHwxNzg3MzgwOTMzfDA	Ha Long Bay, Vietnam	Fré Sonneveld	fresonneveld	#879285	#254947
world-scenery	F4jg3IbiIOE	/photo-1695051702427-1c24ce3682e7?ixid=M3wxMjA3fDB8MXxzZWFyY2h8Mnx8ZWwlMjBuaWRvJTIwcGFsYXdhbiUyMHBoaWxpcHBpbmVzfGVufDB8MHx8fDE3ODczODA5MzR8MA	El Nido, Philippines	Mario von Rotz	mariovr	#456349	#284815
world-scenery	Tx6hqbZuHPo	/photo-1746260948448-d741c5838c16?ixid=M3wxMjA3fDB8MXxzZWFyY2h8M3x8ZWwlMjBuaWRvJTIwcGFsYXdhbiUyMHBoaWxpcHBpbmVzfGVufDB8MHx8fDE3ODczODA5MzR8MA	El Nido, Philippines	Roman Lezhnin	i_am_5_percent	#5c867a	#58d7a8
world-scenery	X3IRiBqvSuY	/photo-1602587921225-3cca658d31bb?ixid=M3wxMjA3fDB8MXxzZWFyY2h8NHx8ZWwlMjBuaWRvJTIwcGFsYXdhbiUyMHBoaWxpcHBpbmVzfGVufDB8MHx8fDE3ODczODA5MzR8MA	El Nido, Philippines	Cauayan Island Resort	cauayanislandresort	#5d6852	#495716
world-scenery	l3-7ClgQ15U	/photo-1728042880915-0dd755899018?ixid=M3wxMjA3fDB8MXxzZWFyY2h8NXx8ZWwlMjBuaWRvJTIwcGFsYXdhbiUyMHBoaWxpcHBpbmVzfGVufDB8MHx8fDE3ODczODA5MzR8MA	El Nido, Philippines	Geio Tischler	oww	#476f65	#05a6a9
world-scenery	h-Kfom9kXgI	/photo-1601824158196-c26cd0684932?ixid=M3wxMjA3fDB8MXxzZWFyY2h8Mnx8dGVnYWxhbGFuZyUyMHJpY2UlMjB0ZXJyYWNlJTIwYmFsaSUyMGluZG9uZXNpYXxlbnwwfDB8fHwxNzg3MzgwOTM1fDA	Ubud, Indonesia	Syuhei Inoue	_______life_	#a5a798	#c7b997
world-scenery	usOgJ0Ba15E	/photo-1715755455989-76413081ad10?ixid=M3wxMjA3fDB8MXxzZWFyY2h8M3x8dGVnYWxhbGFuZyUyMHJpY2UlMjB0ZXJyYWNlJTIwYmFsaSUyMGluZG9uZXNpYXxlbnwwfDB8fHwxNzg3MzgwOTM1fDA	Ubud, Indonesia	Edmund Lou	edmundlou	#888b66	#979635
world-scenery	b_4C5VyoJ2A	/photo-1711948699135-779c6ba1f805?ixid=M3wxMjA3fDB8MXxzZWFyY2h8NHx8dGVnYWxhbGFuZyUyMHJpY2UlMjB0ZXJyYWNlJTIwYmFsaSUyMGluZG9uZXNpYXxlbnwwfDB8fHwxNzg3MzgwOTM1fDA	Ubud, Indonesia	Michaela Böhm (Římáková)	michaelarimakova	#515b2a	#485518
world-scenery	MqdObIVS3Vs	/photo-1594041764323-023f0a9f367d?ixid=M3wxMjA3fDB8MXxzZWFyY2h8NXx8dGVnYWxhbGFuZyUyMHJpY2UlMjB0ZXJyYWNlJTIwYmFsaSUyMGluZG9uZXNpYXxlbnwwfDB8fHwxNzg3MzgwOTM1fDA	Ubud, Indonesia	Ankit Saxena	theglobalpassenger	#61534c	#070605
world-scenery	PfESUsICW_Q	/photo-1556032818-683e550a2c14?ixid=M3wxMjA3fDB8MXxzZWFyY2h8NHx8bW91bnQlMjBmdWppJTIwamFwYW4lMjBsYWtlJTIwY2hlcnJ5JTIwYmxvc3NvbXN8ZW58MHwwfHx8MTc4NzM4MDkzNXww	Mount Fuji, Japan	Catriona Palo	eldritchatriona	#9397a7	#9ba4b4
world-scenery	VWQcRrzcDwA	/photo-1730800328481-49bf3f4f7b13?ixid=M3wxMjA3fDB8MXxzZWFyY2h8Nnx8bW91bnQlMjBmdWppJTIwamFwYW4lMjBsYWtlJTIwY2hlcnJ5JTIwYmxvc3NvbXN8ZW58MHwwfHx8MTc4NzM4MDkzNXww	Mount Fuji, Japan	Antonio Araujo	antonioaaaraujo	#aaa8a4	#f3f3f5
world-scenery	mmOPJaidt70	/photo-1590499865949-90d9795b598e?ixid=M3wxMjA3fDB8MXxzZWFyY2h8N3x8bW91bnQlMjBmdWppJTIwamFwYW4lMjBsYWtlJTIwY2hlcnJ5JTIwYmxvc3NvbXN8ZW58MHwwfHx8MTc4NzM4MDkzNXww	Mount Fuji, Japan	Mike Swigunski	mike_swigunski	#4b718f	#77b7fa
world-scenery	9fwmQs4JXB0	/photo-1566779693795-b58b482bdb6c?ixid=M3wxMjA3fDB8MXxzZWFyY2h8OHx8bW91bnQlMjBmdWppJTIwamFwYW4lMjBsYWtlJTIwY2hlcnJ5JTIwYmxvc3NvbXN8ZW58MHwwfHx8MTc4NzM4MDkzNXww	Mount Fuji, Japan	C. Stone	sunnymoth	#787878	#a7a7a7
world-scenery	Q6UdPQ0Rbdo	/photo-1598997898925-cfb4b5106f4b?ixid=M3wxMjA3fDB8MXxzZWFyY2h8NHx8YXJhc2hpeWFtYSUyMGJhbWJvbyUyMGZvcmVzdCUyMGt5b3RvfGVufDB8MHx8fDE3ODczODA5MzZ8MA	Arashiyama, Japan	Adam Dillon	theadamdillon	#737954	#587458
world-scenery	-70qrtWX1DE	/photo-1612890877778-f7d9703c6023?ixid=M3wxMjA3fDB8MXxzZWFyY2h8Nnx8YXJhc2hpeWFtYSUyMGJhbWJvbyUyMGZvcmVzdCUyMGt5b3RvfGVufDB8MHx8fDE3ODczODA5MzZ8MA	Arashiyama, Japan	Marek Piwnicki	marekpiwnicki	#2d4434	#142927
world-scenery	B_vRcGv80sA	/photo-1539790453790-495d341d9b82?ixid=M3wxMjA3fDB8MXxzZWFyY2h8N3x8YXJhc2hpeWFtYSUyMGJhbWJvbyUyMGZvcmVzdCUyMGt5b3RvfGVufDB8MHx8fDE3ODczODA5MzZ8MA	Arashiyama, Japan	Eleonora Albasi	eleonoralbasi	#767249	#060201
world-scenery	1u0B0akEQx0	/photo-1511364033374-07ffa0c99c4c?ixid=M3wxMjA3fDB8MXxzZWFyY2h8OHx8YXJhc2hpeWFtYSUyMGJhbWJvbyUyMGZvcmVzdCUyMGt5b3RvfGVufDB8MHx8fDE3ODczODA5MzZ8MA	Arashiyama, Japan	Matteo Ferrero	thessd	#343f36	#242a28
world-scenery	qg7JxmqNjYY	/photo-1644932524907-1181ea113a33?ixid=M3wxMjA3fDB8MXxzZWFyY2h8NHx8c2hpcmFrYXdhJTIwZ28lMjBqYXBhbiUyMHdpbnRlciUyMHZpbGxhZ2V8ZW58MHwwfHx8MTc4NzM4MDkzN3ww	Shirakawa-go, Japan	Hyungman Jeon	hyungman	#d4d2d9	#c6c4cb
world-scenery	KwqTRxkRS8E	/photo-1645541842260-582bd3bffb9a?ixid=M3wxMjA3fDB8MXxzZWFyY2h8Nnx8c2hpcmFrYXdhJTIwZ28lMjBqYXBhbiUyMHdpbnRlciUyMHZpbGxhZ2V8ZW58MHwwfHx8MTc4NzM4MDkzN3ww	Shirakawa-go, Japan	Hyungman Jeon	hyungman	#d7d5d7	#eeeef0
world-scenery	nPIaQghJyNY	/photo-1646198660878-075e51ff7c49?ixid=M3wxMjA3fDB8MXxzZWFyY2h8N3x8c2hpcmFrYXdhJTIwZ28lMjBqYXBhbiUyMHdpbnRlciUyMHZpbGxhZ2V8ZW58MHwwfHx8MTc4NzM4MDkzN3ww	Shirakawa-go, Japan	Hyungman Jeon	hyungman	#afafb3	#d5d6db
world-scenery	Y8zT4FqMZPg	/photo-1646198660884-93a05a52b371?ixid=M3wxMjA3fDB8MXxzZWFyY2h8OHx8c2hpcmFrYXdhJTIwZ28lMjBqYXBhbiUyMHdpbnRlciUyMHZpbGxhZ2V8ZW58MHwwfHx8MTc4NzM4MDkzN3ww	Shirakawa-go, Japan	Hyungman Jeon	hyungman	#c6c7cc	#ececf1
world-scenery	77kgRKMUyHg	/photo-1621478763597-11fb71047890?ixid=M3wxMjA3fDB8MXxzZWFyY2h8M3x8amVqdSUyMGlzbGFuZCUyMHNvdXRoJTIwa29yZWElMjBjb2FzdHxlbnwwfDB8fHwxNzg3MzgwOTM4fDA	Jeju Island, South Korea	yujeong Huh	yujeongh	#456b7c	#488aa6
world-scenery	GZTGY2ayyPI	/photo-1667971286457-144269b0e4d8?ixid=M3wxMjA3fDB8MXxzZWFyY2h8NHx8amVqdSUyMGlzbGFuZCUyMHNvdXRoJTIwa29yZWElMjBjb2FzdHxlbnwwfDB8fHwxNzg3MzgwOTM4fDA	Jeju Island, South Korea	Jungjin Moon	jungjinmoon	#7e98ab	#6599e6
world-scenery	72WWQ9iNVmA	/photo-1667971286493-ecd587d8f411?ixid=M3wxMjA3fDB8MXxzZWFyY2h8NXx8amVqdSUyMGlzbGFuZCUyMHNvdXRoJTIwa29yZWElMjBjb2FzdHxlbnwwfDB8fHwxNzg3MzgwOTM4fDA	Jeju Island, South Korea	Jungjin Moon	jungjinmoon	#83919e	#c6b9a5
world-scenery	Y7X6JQHVf1c	/photo-1667971286579-63a5222780ff?ixid=M3wxMjA3fDB8MXxzZWFyY2h8Nnx8amVqdSUyMGlzbGFuZCUyMHNvdXRoJTIwa29yZWElMjBjb2FzdHxlbnwwfDB8fHwxNzg3MzgwOTM4fDA	Jeju Island, South Korea	Jungjin Moon	jungjinmoon	#6e757e	#162639
world-scenery	ciyW1NqHLj8	/photo-1541928787372-6e5088530c93?ixid=M3wxMjA3fDB8MXxzZWFyY2h8NHx8c2VvcmFrc2FuJTIwc291dGglMjBrb3JlYSUyMGF1dHVtbnxlbnwwfDB8fHwxNzg3MzgwOTM4fDA	Seoraksan, South Korea	RAMESH KUMAR SAINI	saini1997	#847e71	#676636
world-scenery	ME5iYXcTlLc	/photo-1700306730557-e62129da6092?ixid=M3wxMjA3fDB8MXxzZWFyY2h8Nnx8c2VvcmFrc2FuJTIwc291dGglMjBrb3JlYSUyMGF1dHVtbnxlbnwwfDB8fHwxNzg3MzgwOTM4fDA	Seoraksan, South Korea	Ken Cheung	hk_kenc	#4b3229	#2a2417
world-scenery	Rp09svSHHMM	/photo-1590438524657-e7d29a7513c8?ixid=M3wxMjA3fDB8MXxzZWFyY2h8N3x8c2VvcmFrc2FuJTIwc291dGglMjBrb3JlYSUyMGF1dHVtbnxlbnwwfDB8fHwxNzg3MzgwOTM4fDA	Seoraksan, South Korea	Mike Swigunski	mike_swigunski	#7a5c51	#875737
world-scenery	n7ASzWW2_GA	/photo-1611153532534-d72e8baca034?ixid=M3wxMjA3fDB8MXxzZWFyY2h8OHx8c2VvcmFrc2FuJTIwc291dGglMjBrb3JlYSUyMGF1dHVtbnxlbnwwfDB8fHwxNzg3MzgwOTM4fDA	Seoraksan, South Korea	Pond Juprasong	pondjup	#927f5f	#c89635
world-scenery	KG5MYknzQtI	/photo-1588423886412-914102b72f96?ixid=M3wxMjA3fDB8MXxzZWFyY2h8NHx8Z3VpbGluJTIwY2hpbmElMjBrYXJzdCUyMGxpJTIwcml2ZXJ8ZW58MHwwfHx8MTc4NzM4MDkzOXww	Guilin, China	Camillo Corsetti Antonini	signorsmith	#818781	#788a93
world-scenery	aQlWS8hsyPI	/photo-1659233306527-226a26a08634?ixid=M3wxMjA3fDB8MXxzZWFyY2h8Nnx8Z3VpbGluJTIwY2hpbmElMjBrYXJzdCUyMGxpJTIwcml2ZXJ8ZW58MHwwfHx8MTc4NzM4MDkzOXww	Guilin, China	Sergio Li	guiyu	#54778a	#014765
world-scenery	HljGrgrrvxc	/photo-1659233297460-55b6532562f3?ixid=M3wxMjA3fDB8MXxzZWFyY2h8N3x8Z3VpbGluJTIwY2hpbmElMjBrYXJzdCUyMGxpJTIwcml2ZXJ8ZW58MHwwfHx8MTc4NzM4MDkzOXww	Guilin, China	Sergio Li	guiyu	#6b8795	#034457
world-scenery	l_WyuhA5oqE	/photo-1659233297552-90356460320c?ixid=M3wxMjA3fDB8MXxzZWFyY2h8OHx8Z3VpbGluJTIwY2hpbmElMjBrYXJzdCUyMGxpJTIwcml2ZXJ8ZW58MHwwfHx8MTc4NzM4MDkzOXww	Guilin, China	Sergio Li	guiyu	#7f8c98	#366587
world-scenery	usiwz8gTwSc	/photo-1773150837866-19ab0b1b9a6f?ixid=M3wxMjA3fDB8MXxzZWFyY2h8M3x8aml1emhhaWdvdSUyMGNoaW5hJTIwdHVycXVvaXNlJTIwbGFrZXxlbnwwfDB8fHwxNzg3MzgwOTQwfDA	Jiuzhaigou, China	Kent Chin	kent424	#6e6f64	#4a4839
world-scenery	dPgiuIVzkGM	/photo-1769778234326-07cb63a02df2?ixid=M3wxMjA3fDB8MXxzZWFyY2h8NHx8aml1emhhaWdvdSUyMGNoaW5hJTIwdHVycXVvaXNlJTIwbGFrZXxlbnwwfDB8fHwxNzg3MzgwOTQwfDA	Jiuzhaigou, China	Yunfan Li	sakana_yoyo	#414e49	#292924
world-scenery	xmfMRrW1OQY	/photo-1672367686112-a92b9b521607?ixid=M3wxMjA3fDB8MXxzZWFyY2h8NXx8aml1emhhaWdvdSUyMGNoaW5hJTIwdHVycXVvaXNlJTIwbGFrZXxlbnwwfDB8fHwxNzg3MzgwOTQwfDA	Jiuzhaigou, China	Kevin Leonearz	kleonearz90	#427f7c	#017689
world-scenery	_hRG4ZEuIrY	/photo-1760454826762-faad1edbf6f6?ixid=M3wxMjA3fDB8MXxzZWFyY2h8Nnx8aml1emhhaWdvdSUyMGNoaW5hJTIwdHVycXVvaXNlJTIwbGFrZXxlbnwwfDB8fHwxNzg3MzgwOTQwfDA	Jiuzhaigou, China	Jimmy Liu	jimmy__liu	#7f7b72	#586878
world-scenery	v09ak64o7bs	/photo-1755710116297-20f8e42d3c28?ixid=M3wxMjA3fDB8MXxzZWFyY2h8NHx8eXVhbnlhbmclMjByaWNlJTIwdGVycmFjZXMlMjBjaGluYXxlbnwwfDB8fHwxNzg3MzgwOTQxfDA	Yuanyang, China	Sandra Mosconi	sanmosconi	#908a89	#989497
world-scenery	5vJHhxiuXHY	/photo-1787281486449-acad8b3a55b0?ixid=M3wxMjA3fDB8MXxzZWFyY2h8NXx8eXVhbnlhbmclMjByaWNlJTIwdGVycmFjZXMlMjBjaGluYXxlbnwwfDB8fHwxNzg3MzgwOTQxfDA	Yuanyang, China	Ahmet Yüksek ✪	ahmetyuksek	#8f9190	#595746
world-scenery	2Xd7_-wDZ9s	/photo-1776294984950-3f812aa0f797?ixid=M3wxMjA3fDB8MXxzZWFyY2h8Nnx8eXVhbnlhbmclMjByaWNlJTIwdGVycmFjZXMlMjBjaGluYXxlbnwwfDB8fHwxNzg3MzgwOTQxfDA	Yuanyang, China	Wietse Jongsma	wietsej	#81817d	#8898b9
world-scenery	D_6Mauh0pzk	/photo-1741279794270-82c6a21db79a?ixid=M3wxMjA3fDB8MXxzZWFyY2h8N3x8eXVhbnlhbmclMjByaWNlJTIwdGVycmFjZXMlMjBjaGluYXxlbnwwfDB8fHwxNzg3MzgwOTQxfDA	Yuanyang, China	Wietse Jongsma	wietsej	#5f5e5b	#464847
world-scenery	1eswIwEugnc	/photo-1729180253317-93ba9cf4ceb4?ixid=M3wxMjA3fDB8MXxzZWFyY2h8M3x8dGlnZXJzJTIwbmVzdCUyMG1vbmFzdGVyeSUyMGJodXRhbnxlbnwwfDB8fHwxNzg3MzgwOTQxfDA	Tiger's Nest, Bhutan	Raul Taciu	raultaciu	#4a473d	#262717
world-scenery	yqi3RPkgNss	/photo-1729180253314-54e62b485eed?ixid=M3wxMjA3fDB8MXxzZWFyY2h8NHx8dGlnZXJzJTIwbmVzdCUyMG1vbmFzdGVyeSUyMGJodXRhbnxlbnwwfDB8fHwxNzg3MzgwOTQxfDA	Tiger's Nest, Bhutan	Raul Taciu	raultaciu	#484848	#070809
world-scenery	FbVAJN4AZgg	/photo-1545030856-612d5feaf990?ixid=M3wxMjA3fDB8MXxzZWFyY2h8NXx8dGlnZXJzJTIwbmVzdCUyMG1vbmFzdGVyeSUyMGJodXRhbnxlbnwwfDB8fHwxNzg3MzgwOTQxfDA	Tiger's Nest, Bhutan	Darpan	darpanvisuals	#395e72	#374954
world-scenery	3h_luJBjQ84	/photo-1544514246-2970255c7788?ixid=M3wxMjA3fDB8MXxzZWFyY2h8Nnx8dGlnZXJzJTIwbmVzdCUyMG1vbmFzdGVyeSUyMGJodXRhbnxlbnwwfDB8fHwxNzg3MzgwOTQxfDA	Tiger's Nest, Bhutan	Darpan	darpanvisuals	#383c3c	#293435
world-scenery	BktsfAKbErw	/photo-1729176990188-b11bdb3d902a?ixid=M3wxMjA3fDB8MXxzZWFyY2h8Mnx8cHVuYWtoYSUyMGR6b25nJTIwYmh1dGFufGVufDB8MHx8fDE3ODczODA5NDJ8MA	Punakha, Bhutan	Raul Taciu	raultaciu	#826557	#966548
world-scenery	uMbGXBy7bKs	/photo-1580649851649-992b28f56e98?ixid=M3wxMjA3fDB8MXxzZWFyY2h8M3x8cHVuYWtoYSUyMGR6b25nJTIwYmh1dGFufGVufDB8MHx8fDE3ODczODA5NDJ8MA	Punakha, Bhutan	Nihar Modi	nihar21	#819098	#a6c8e9
world-scenery	NdxbOuJt91M	/photo-1579459719973-e1f6d1a5c438?ixid=M3wxMjA3fDB8MXxzZWFyY2h8NHx8cHVuYWtoYSUyMGR6b25nJTIwYmh1dGFufGVufDB8MHx8fDE3ODczODA5NDJ8MA	Punakha, Bhutan	Gaurav Bagdi	dfyngrvty	#364449	#040101
world-scenery	HX_ZbkumxPg	/photo-1585982343981-53b06b597857?ixid=M3wxMjA3fDB8MXxzZWFyY2h8NXx8cHVuYWtoYSUyMGR6b25nJTIwYmh1dGFufGVufDB8MHx8fDE3ODczODA5NDJ8MA	Punakha, Bhutan	Jaanam Haleem	jaanam9	#9da090	#c7d7ea
world-scenery	1MpOowQFfn0	/photo-1697012511676-674067ec0aa9?ixid=M3wxMjA3fDB8MXxzZWFyY2h8M3x8YW5uYXB1cm5hJTIwbmVwYWwlMjBoaW1hbGF5YXxlbnwwfDB8fHwxNzg3MzgwOTQzfDA	Annapurna, Nepal	Embla Voss	emblavoss	#1d3a51	#003966
world-scenery	Vw8Yep45WSU	/photo-1645788421204-0e4eb1d2a518?ixid=M3wxMjA3fDB8MXxzZWFyY2h8NHx8YW5uYXB1cm5hJTIwbmVwYWwlMjBoaW1hbGF5YXxlbnwwfDB8fHwxNzg3MzgwOTQzfDA	Annapurna, Nepal	Kiran Mistry	k_mistry	#4a5974	#5775a7
world-scenery	0omS4uLbies	/photo-1718179620334-b1d5056ed607?ixid=M3wxMjA3fDB8MXxzZWFyY2h8Nnx8YW5uYXB1cm5hJTIwbmVwYWwlMjBoaW1hbGF5YXxlbnwwfDB8fHwxNzg3MzgwOTQzfDA	Annapurna, Nepal	Martin Skřivánek	skrivan	#457383	#393626
world-scenery	eLfQNcL7HHo	/photo-1685353259900-85286668a8f2?ixid=M3wxMjA3fDB8MXxzZWFyY2h8N3x8YW5uYXB1cm5hJTIwbmVwYWwlMjBoaW1hbGF5YXxlbnwwfDB8fHwxNzg3MzgwOTQzfDA	Annapurna, Nepal	mo jiaming	ni000co	#50627e	#070c14
world-scenery	BtobjX_u7lU	/photo-1700556581873-087bde7919a0?ixid=M3wxMjA3fDB8MXxzZWFyY2h8NHx8ZXZlcmVzdCUyMGJhc2UlMjBjYW1wJTIwbmVwYWwlMjBoaW1hbGF5YXxlbnwwfDB8fHwxNzg3MzgwOTQ0fDA	Everest Base Camp, Nepal	Dylan Shaw	dylanshaw	#768a96	#c7e5f7
world-scenery	6_t8R-uCW3I	/photo-1700556581877-a21318d4d84e?ixid=M3wxMjA3fDB8MXxzZWFyY2h8Nnx8ZXZlcmVzdCUyMGJhc2UlMjBjYW1wJTIwbmVwYWwlMjBoaW1hbGF5YXxlbnwwfDB8fHwxNzg3MzgwOTQ0fDA	Everest Base Camp, Nepal	Dylan Shaw	dylanshaw	#363024	#090a05
world-scenery	B5We-yetl8U	/photo-1637423086319-892cc1c3526b?ixid=M3wxMjA3fDB8MXxzZWFyY2h8N3x8ZXZlcmVzdCUyMGJhc2UlMjBjYW1wJTIwbmVwYWwlMjBoaW1hbGF5YXxlbnwwfDB8fHwxNzg3MzgwOTQ0fDA	Everest Base Camp, Nepal	Eugene Ga	eugene_ga	#4c4b4b	#565555
world-scenery	n2C_792oItU	/photo-1755709908797-8a4102567a53?ixid=M3wxMjA3fDB8MXxzZWFyY2h8OHx8ZXZlcmVzdCUyMGJhc2UlMjBjYW1wJTIwbmVwYWwlMjBoaW1hbGF5YXxlbnwwfDB8fHwxNzg3MzgwOTQ0fDA	Everest Base Camp, Nepal	Sandra Mosconi	sanmosconi	#404040	#777777
world-scenery	TzeoULMYyEQ	/photo-1643368214091-6af1a029aee0?ixid=M3wxMjA3fDB8MXxzZWFyY2h8NHx8cGFuZ29uZyUyMGxha2UlMjBsYWRha2glMjBpbmRpYXxlbnwwfDB8fHwxNzg3MzgwOTQ1fDA	Pangong Lake, India	Anuj Bansal	thenexcanpictures	#5b6264	#644a26
world-scenery	QOyZAmnWc_I	/photo-1648851460314-ba293ba2cdcf?ixid=M3wxMjA3fDB8MXxzZWFyY2h8Nnx8cGFuZ29uZyUyMGxha2UlMjBsYWRha2glMjBpbmRpYXxlbnwwfDB8fHwxNzg3MzgwOTQ1fDA	Pangong Lake, India	Vamshi Vangapally	idohodl	#668c9a	#0298d5
world-scenery	8yQ43RGhLhM	/photo-1566323124508-c708b5524d61?ixid=M3wxMjA3fDB8MXxzZWFyY2h8N3x8cGFuZ29uZyUyMGxha2UlMjBsYWRha2glMjBpbmRpYXxlbnwwfDB8fHwxNzg3MzgwOTQ1fDA	Pangong Lake, India	Rish Agarwal	rish_magica	#677e88	#024867
world-scenery	QYde9P7nnkE	/photo-1598563262148-0a9496712b44?ixid=M3wxMjA3fDB8MXxzZWFyY2h8OHx8cGFuZ29uZyUyMGxha2UlMjBsYWRha2glMjBpbmRpYXxlbnwwfDB8fHwxNzg3MzgwOTQ1fDA	Pangong Lake, India	Hans-Jurgen Mager	hansjurgen007	#8e9092	#6598c8
world-scenery	Jqc2nOH3u3Y	/photo-1580818135730-ebd11086660b?ixid=M3wxMjA3fDB8MXxzZWFyY2h8NHx8bXVubmFyJTIwa2VyYWxhJTIwaW5kaWElMjB0ZWElMjBwbGFudGF0aW9uc3xlbnwwfDB8fHwxNzg3MzgwOTQ2fDA	Munnar, India	Dream Holidays	dreamholidays	#4e604f	#556858
world-scenery	ySQXoZLAsmc	/photo-1455157823797-3019317cbcf0?ixid=M3wxMjA3fDB8MXxzZWFyY2h8Nnx8bXVubmFyJTIwa2VyYWxhJTIwaW5kaWElMjB0ZWElMjBwbGFudGF0aW9uc3xlbnwwfDB8fHwxNzg3MzgwOTQ2fDA	Munnar, India	Ravi Pinisetti	ravipinisetti	#686d4e	#263a06
world-scenery	JKbyACnTvuE	/photo-1522747776116-64ee03be1dad?ixid=M3wxMjA3fDB8MXxzZWFyY2h8N3x8bXVubmFyJTIwa2VyYWxhJTIwaW5kaWElMjB0ZWElMjBwbGFudGF0aW9uc3xlbnwwfDB8fHwxNzg3MzgwOTQ2fDA	Munnar, India	Vivek Kumar	qriusv	#868c42	#434a06
world-scenery	nPUPi2FKfGI	/photo-1674498260932-6f7d8eed6d9f?ixid=M3wxMjA3fDB8MXxzZWFyY2h8OHx8bXVubmFyJTIwa2VyYWxhJTIwaW5kaWElMjB0ZWElMjBwbGFudGF0aW9uc3xlbnwwfDB8fHwxNzg3MzgwOTQ2fDA	Munnar, India	Vasanth Kedige	kedige	#698d62	#668735
world-scenery	Ii4-mpa_g3Y	/photo-1608181017892-cc4a542570d5?ixid=M3wxMjA3fDB8MXxzZWFyY2h8NHx8aGFtcGklMjBpbmRpYSUyMHJ1aW5zJTIwbGFuZHNjYXBlfGVufDB8MHx8fDE3ODczODA5NDd8MA	Hampi, India	yash kiran	yashkiran12345678	#6e6d6d	#0068ba
world-scenery	parqKQ656K8	/photo-1617111439532-90c0fba6b2c5?ixid=M3wxMjA3fDB8MXxzZWFyY2h8Nnx8aGFtcGklMjBpbmRpYSUyMHJ1aW5zJTIwbGFuZHNjYXBlfGVufDB8MHx8fDE3ODczODA5NDd8MA	Hampi, India	Abhishek Kumar	akabhieminem	#727b9a	#2867f2
world-scenery	RGBSVagT8go	/photo-1655710917923-7e6882cdf1ca?ixid=M3wxMjA3fDB8MXxzZWFyY2h8N3x8aGFtcGklMjBpbmRpYSUyMHJ1aW5zJTIwbGFuZHNjYXBlfGVufDB8MHx8fDE3ODczODA5NDd8MA	Hampi, India	Animesh Sahoo	animeshsahoo	#625b54	#675647
world-scenery	5kY5hGnaCMg	/photo-1611952589293-4c1c8a6ae7eb?ixid=M3wxMjA3fDB8MXxzZWFyY2h8OHx8aGFtcGklMjBpbmRpYSUyMHJ1aW5zJTIwbGFuZHNjYXBlfGVufDB8MHx8fDE3ODczODA5NDd8MA	Hampi, India	Olena Medvedieva	ohmedvedeva	#837969	#393514
world-scenery	pv-2hRmoJRU	/photo-1559038331-02f4bae92a3d?ixid=M3wxMjA3fDB8MXxzZWFyY2h8NHx8c2lnaXJpeWElMjByb2NrJTIwc3JpJTIwbGFua2F8ZW58MHwwfHx8MTc4NzM4MDk0OHww	Sigiriya, Sri Lanka	Egle Sidaraviciute	egle_sidaraviciute	#a0a190	#353818
world-scenery	8NpelZe-EzM	/photo-1588598198321-9735fd52455b?ixid=M3wxMjA3fDB8MXxzZWFyY2h8Nnx8c2lnaXJpeWElMjByb2NrJTIwc3JpJTIwbGFua2F8ZW58MHwwfHx8MTc4NzM4MDk0OHww	Sigiriya, Sri Lanka	Brian Kyed	brnkd	#778276	#586747
world-scenery	i-oW2qqE9fk	/photo-1567157802189-aadc856131dc?ixid=M3wxMjA3fDB8MXxzZWFyY2h8N3x8c2lnaXJpeWElMjByb2NrJTIwc3JpJTIwbGFua2F8ZW58MHwwfHx8MTc4NzM4MDk0OHww	Sigiriya, Sri Lanka	Yves Alarie	yvesalarie	#9e9784	#786527
world-scenery	S9LN3vb47gw	/photo-1580889240912-c39ecefd3d95?ixid=M3wxMjA3fDB8MXxzZWFyY2h8OHx8c2lnaXJpeWElMjByb2NrJTIwc3JpJTIwbGFua2F8ZW58MHwwfHx8MTc4NzM4MDk0OHww	Sigiriya, Sri Lanka	Daniele Franchi	daniele_franchi	#818482	#37332b
world-scenery	N6veIf4fESA	/photo-1559038267-bfa6d8d3a160?ixid=M3wxMjA3fDB8MXxzZWFyY2h8NHx8ZWxsYSUyMHNyaSUyMGxhbmthJTIwbmluZSUyMGFyY2hlcyUyMGJyaWRnZXxlbnwwfDB8fHwxNzg3MzgwOTQ4fDA	Ella, Sri Lanka	Egle Sidaraviciute	egle_sidaraviciute	#6c735f	#555729
world-scenery	a_-hYhh-R3Q	/photo-1584897356466-858d9b6c53d1?ixid=M3wxMjA3fDB8MXxzZWFyY2h8MXx8YmFnYW4lMjBteWFubWFyJTIwdGVtcGxlcyUyMHN1bnJpc2V8ZW58MHwwfHx8MTc4NzM4MDk0OXww	Bagan, Myanmar	Majkell Projku	travelmajk	#7d7472	#574737
world-scenery	QyqVAt9xw2I	/photo-1515900959941-d1cce424f5c4?ixid=M3wxMjA3fDB8MXxzZWFyY2h8M3x8YmFnYW4lMjBteWFubWFyJTIwdGVtcGxlcyUyMHN1bnJpc2V8ZW58MHwwfHx8MTc4NzM4MDk0OXww	Bagan, Myanmar	Robert Collins	robbie36	#816a69	#774537
world-scenery	Gb_7hOjMa3s	/photo-1535748020240-f647f81842ee?ixid=M3wxMjA3fDB8MXxzZWFyY2h8NHx8YmFnYW4lMjBteWFubWFyJTIwdGVtcGxlcyUyMHN1bnJpc2V8ZW58MHwwfHx8MTc4NzM4MDk0OXww	Bagan, Myanmar	Stefano Alemani	stefano75	#4b565d	#577789
world-scenery	l_WB3l6_nlQ	/photo-1544513379-1d6aeef1a1c3?ixid=M3wxMjA3fDB8MXxzZWFyY2h8Nnx8YmFnYW4lMjBteWFubWFyJTIwdGVtcGxlcyUyMHN1bnJpc2V8ZW58MHwwfHx8MTc4NzM4MDk0OXww	Bagan, Myanmar	Ye Lin Wai	yelinnwai	#826664	#493734
world-scenery	n0mQwdMNYjk	/photo-1537075205063-4df28ad235ef?ixid=M3wxMjA3fDB8MXxzZWFyY2h8NHx8aW5sZSUyMGxha2UlMjBteWFubWFyfGVufDB8MHx8fDE3ODczODA5NTB8MA	Inle Lake, Myanmar	Steph Smith	stephsmith	#cfd4dd	#e9eef7
world-scenery	k2f5_CHxXqY	/photo-1519876310206-456a2dcb1291?ixid=M3wxMjA3fDB8MXxzZWFyY2h8NXx8aW5sZSUyMGxha2UlMjBteWFubWFyfGVufDB8MHx8fDE3ODczODA5NTB8MA	Inle Lake, Myanmar	Mega Caesaria	megacaesaria	#8a7865	#e8c37a
world-scenery	dM5d51e3D38	/photo-1541738922795-4b569eba3a3e?ixid=M3wxMjA3fDB8MXxzZWFyY2h8Nnx8aW5sZSUyMGxha2UlMjBteWFubWFyfGVufDB8MHx8fDE3ODczODA5NTB8MA	Inle Lake, Myanmar	Steph Smith	stephsmith	#a7afc2	#d7e6fd
world-scenery	0UU9-_1EMvM	/photo-1733913128715-ddfac4bcf9fd?ixid=M3wxMjA3fDB8MXxzZWFyY2h8N3x8aW5sZSUyMGxha2UlMjBteWFubWFyfGVufDB8MHx8fDE3ODczODA5NTB8MA	Inle Lake, Myanmar	Nicolas Jehly	nicolasjehly	#7d7670	#1c2224
world-scenery	9Ct73yKbpEo	/photo-1535961652354-923cb08225a7?ixid=M3wxMjA3fDB8MXxzZWFyY2h8NHx8bHVhbmclMjBwcmFiYW5nJTIwbGFvcyUyMHdhdGVyZmFsbHxlbnwwfDB8fHwxNzg3MzgwOTUxfDA	Luang Prabang, Laos	simon	simon_berger	#595c4c	#151916
world-scenery	9pKSkpULfXA	/photo-1575573333701-d644e92a5160?ixid=M3wxMjA3fDB8MXxzZWFyY2h8Nnx8bHVhbmclMjBwcmFiYW5nJTIwbGFvcyUyMHdhdGVyZmFsbHxlbnwwfDB8fHwxNzg3MzgwOTUxfDA	Luang Prabang, Laos	Khamkéo	mahkeo	#524e46	#181816
world-scenery	C15JKmCXdj4	/photo-1695706789135-67689c53fbc2?ixid=M3wxMjA3fDB8MXxzZWFyY2h8N3x8bHVhbmclMjBwcmFiYW5nJTIwbGFvcyUyMHdhdGVyZmFsbHxlbnwwfDB8fHwxNzg3MzgwOTUxfDA	Luang Prabang, Laos	sumamarn anannab	sunnyjune	#8f8e8b	#959799
world-scenery	Ayvk7ZlfrPU	/photo-1695706779311-ac33d83a1dc9?ixid=M3wxMjA3fDB8MXxzZWFyY2h8OHx8bHVhbmclMjBwcmFiYW5nJTIwbGFvcyUyMHdhdGVyZmFsbHxlbnwwfDB8fHwxNzg3MzgwOTUxfDA	Luang Prabang, Laos	sumamarn anannab	sunnyjune	#babab3	#979897
world-scenery	lrG4nki2kYM	/photo-1653959864991-c828b72c82a8?ixid=M3wxMjA3fDB8MXxzZWFyY2h8NHx8YW5na29yJTIwd2F0JTIwY2FtYm9kaWElMjBzdW5yaXNlfGVufDB8MHx8fDE3ODczODA5NTF8MA	Angkor Wat, Cambodia	Sebastian Latorre	sebalatorre	#7a584d	#956a65
world-scenery	5h5mpf0ivCg	/photo-1551155674-6d39c2140d6d?ixid=M3wxMjA3fDB8MXxzZWFyY2h8Nnx8YW5na29yJTIwd2F0JTIwY2FtYm9kaWElMjBzdW5yaXNlfGVufDB8MHx8fDE3ODczODA5NTF8MA	Angkor Wat, Cambodia	JJ Ying	jjying	#484953	#020101
world-scenery	KSL4dI-539k	/photo-1626980353862-caa7f113dee3?ixid=M3wxMjA3fDB8MXxzZWFyY2h8N3x8YW5na29yJTIwd2F0JTIwY2FtYm9kaWElMjBzdW5yaXNlfGVufDB8MHx8fDE3ODczODA5NTF8MA	Angkor Wat, Cambodia	Sasha Kaunas	akaunas	#736d70	#7788a7
world-scenery	XSRBaSG4zpU	/photo-1704419295914-5313728c847f?ixid=M3wxMjA3fDB8MXxzZWFyY2h8OHx8YW5na29yJTIwd2F0JTIwY2FtYm9kaWElMjBzdW5yaXNlfGVufDB8MHx8fDE3ODczODA5NTF8MA	Angkor Wat, Cambodia	Robin Canfield	robincanfield	#2f2321	#050101
world-scenery	Yh84CSCnihM	/photo-1759476313188-ace167358a23?ixid=M3wxMjA3fDB8MXxzZWFyY2h8NHx8bmluaCUyMGJpbmglMjB2aWV0bmFtJTIwbGltZXN0b25lJTIwcml2ZXJ8ZW58MHwwfHx8MTc4NzM4MDk1Mnww	Ninh Bình, Vietnam	Florian Delée	florian_delee	#6c7c6c	#465837
world-scenery	j2AQdTWE81c	/photo-1778394860201-c7675ff8466f?ixid=M3wxMjA3fDB8MXxzZWFyY2h8NXx8bmluaCUyMGJpbmglMjB2aWV0bmFtJTIwbGltZXN0b25lJTIwcml2ZXJ8ZW58MHwwfHx8MTc4NzM4MDk1Mnww	Ninh Bình, Vietnam	Vishal Chokkala	vishalcross36	#4e514f	#1a2327
world-scenery	8lBK9egeyoM	/photo-1768158186882-9e7e15e53532?ixid=M3wxMjA3fDB8MXxzZWFyY2h8Nnx8bmluaCUyMGJpbmglMjB2aWV0bmFtJTIwbGltZXN0b25lJTIwcml2ZXJ8ZW58MHwwfHx8MTc4NzM4MDk1Mnww	Ninh Bình, Vietnam	Bernd 📷 Dittrich	hdbernd	#7b7975	#787569
world-scenery	EeukLUjiea4	/photo-1759476313233-55b1a4d3711b?ixid=M3wxMjA3fDB8MXxzZWFyY2h8N3x8bmluaCUyMGJpbmglMjB2aWV0bmFtJTIwbGltZXN0b25lJTIwcml2ZXJ8ZW58MHwwfHx8MTc4NzM4MDk1Mnww	Ninh Bình, Vietnam	Florian Delée	florian_delee	#657669	#3a5524
world-scenery	mYNGbkIBIGM	/photo-1569271532956-3fb81a207115?ixid=M3wxMjA3fDB8MXxzZWFyY2h8NHx8aG9pJTIwYW4lMjB2aWV0bmFtJTIwbGFudGVybnN8ZW58MHwwfHx8MTc4NzM4MDk1M3ww	Hội An, Vietnam	Steven Wilcox	stevenewilcox	#392e1f	#0b1518
world-scenery	XGuZ4HlC5qU	/photo-1563354860-799d15199ac3?ixid=M3wxMjA3fDB8MXxzZWFyY2h8NXx8aG9pJTIwYW4lMjB2aWV0bmFtJTIwbGFudGVybnN8ZW58MHwwfHx8MTc4NzM4MDk1M3ww	Hội An, Vietnam	Thanh Soledas	thanhsoledas	#5a2d16	#050101
world-scenery	S4Mzuhyovks	/photo-1662139031115-9f8dfe2da641?ixid=M3wxMjA3fDB8MXxzZWFyY2h8Nnx8aG9pJTIwYW4lMjB2aWV0bmFtJTIwbGFudGVybnN8ZW58MHwwfHx8MTc4NzM4MDk1M3ww	Hội An, Vietnam	Khoi Tran	dananghoianphotographer	#99664d	#371608
world-scenery	oi1GQVgO5oQ	/photo-1718942901264-2fd48f7da75f?ixid=M3wxMjA3fDB8MXxzZWFyY2h8N3x8aG9pJTIwYW4lMjB2aWV0bmFtJTIwbGFudGVybnN8ZW58MHwwfHx8MTc4NzM4MDk1M3ww	Hội An, Vietnam	Michael Lock	milo_photo	#684d40	#050a0c
world-scenery	vQnNCa0vJJo	/photo-1641892026965-b02c7e0019a7?ixid=M3wxMjA3fDB8MXxzZWFyY2h8M3x8a2hhbyUyMHNvayUyMHRoYWlsYW5kJTIwbGFrZSUyMGxpbWVzdG9uZXxlbnwwfDB8fHwxNzg3MzgwOTU0fDA	Khao Sok, Thailand	Polina Kocheva	kocheva	#889eb2	#4b6783
world-scenery	a9uWohPWJcA	/photo-1641892025906-345ac7f6ac13?ixid=M3wxMjA3fDB8MXxzZWFyY2h8NHx8a2hhbyUyMHNvayUyMHRoYWlsYW5kJTIwbGFrZSUyMGxpbWVzdG9uZXxlbnwwfDB8fHwxNzg3MzgwOTU0fDA	Khao Sok, Thailand	Polina Kocheva	kocheva	#8a9eb0	#536879
world-scenery	KChOsABI_fQ	/photo-1778295932541-1b16d2c7e628?ixid=M3wxMjA3fDB8MXxzZWFyY2h8N3x8a2hhbyUyMHNvayUyMHRoYWlsYW5kJTIwbGFrZSUyMGxpbWVzdG9uZXxlbnwwfDB8fHwxNzg3MzgwOTU0fDA	Khao Sok, Thailand	Ahmet Yüksek ✪	ahmetyuksek	#7f8687	#899499
world-scenery	DD-qZe_2CFU	/photo-1778036716747-6b6e9fd9da97?ixid=M3wxMjA3fDB8MXxzZWFyY2h8OHx8a2hhbyUyMHNvayUyMHRoYWlsYW5kJTIwbGFrZSUyMGxpbWVzdG9uZXxlbnwwfDB8fHwxNzg3MzgwOTU0fDA	Khao Sok, Thailand	Ahmet Yüksek ✪	ahmetyuksek	#66787b	#8ab3cb
world-scenery	IY26_XliyPw	/photo-1729707691077-b2a567af72bb?ixid=M3wxMjA3fDB8MXxzZWFyY2h8Mnx8cmFpbGF5JTIwYmVhY2glMjB0aGFpbGFuZCUyMGNsaWZmc3xlbnwwfDB8fHwxNzg3MzgwOTU1fDA	Railay Beach, Thailand	Antonio Araujo	antonioaaaraujo	#909c92	#99b5b9
world-scenery	qHa4Tw5vVNI	/photo-1747166383079-dc8bcb6fc1de?ixid=M3wxMjA3fDB8MXxzZWFyY2h8M3x8cmFpbGF5JTIwYmVhY2glMjB0aGFpbGFuZCUyMGNsaWZmc3xlbnwwfDB8fHwxNzg3MzgwOTU1fDA	Railay Beach, Thailand	Niklas Priddat	ntothep	#5a516c	#a9a5d9
world-scenery	GvzHZ6LeKmI	/photo-1764753318137-4593b8125a51?ixid=M3wxMjA3fDB8MXxzZWFyY2h8NHx8cmFpbGF5JTIwYmVhY2glMjB0aGFpbGFuZCUyMGNsaWZmc3xlbnwwfDB8fHwxNzg3MzgwOTU1fDA	Railay Beach, Thailand	SERGEI BEZZUBOV	sergskur	#787c79	#dbe3e8
world-scenery	o_EMprxwh_c	/photo-1773489347098-423767290139?ixid=M3wxMjA3fDB8MXxzZWFyY2h8Nnx8cmFpbGF5JTIwYmVhY2glMjB0aGFpbGFuZCUyMGNsaWZmc3xlbnwwfDB8fHwxNzg3MzgwOTU1fDA	Railay Beach, Thailand	Jan Hildebrand	hildi_	#506166	#04161b
world-scenery	GlxYs8WlgkU	/photo-1657788405193-c2039edaad6b?ixid=M3wxMjA3fDB8MXxzZWFyY2h8M3x8a29tb2RvJTIwaXNsYW5kJTIwaW5kb25lc2lhJTIwcGluayUyMGJlYWNofGVufDB8MHx8fDE3ODczODA5NTV8MA	Komodo, Indonesia	dwi damarnesia	damarpilau_indonesia	#727a6f	#676947
world-scenery	_MlyU5ipNnU	/photo-1724127722795-96efb9caffbc?ixid=M3wxMjA3fDB8MXxzZWFyY2h8NHx8a29tb2RvJTIwaXNsYW5kJTIwaW5kb25lc2lhJTIwcGluayUyMGJlYWNofGVufDB8MHx8fDE3ODczODA5NTV8MA	Komodo, Indonesia	Takashi Miyazaki	miyatankun	#8e7e84	#d9a38a
world-scenery	E1ZGdNQ6C-w	/photo-1724210434208-9093f66e4b3f?ixid=M3wxMjA3fDB8MXxzZWFyY2h8NXx8a29tb2RvJTIwaXNsYW5kJTIwaW5kb25lc2lhJTIwcGluayUyMGJlYWNofGVufDB8MHx8fDE3ODczODA5NTV8MA	Komodo, Indonesia	Takashi Miyazaki	miyatankun	#807680	#3857a8
world-scenery	ULqHsWcpkPM	/photo-1622608456256-339270a7d8e5?ixid=M3wxMjA3fDB8MXxzZWFyY2h8Nnx8a29tb2RvJTIwaXNsYW5kJTIwaW5kb25lc2lhJTIwcGluayUyMGJlYWNofGVufDB8MHx8fDE3ODczODA5NTV8MA	Komodo, Indonesia	Natasha Jenny	natashajenny	#aab5b9	#bbb3aa
world-scenery	_387q_NwPLg	/photo-1588522621257-23648044339e?ixid=M3wxMjA3fDB8MXxzZWFyY2h8NHx8bW91bnQlMjBicm9tbyUyMGluZG9uZXNpYSUyMHN1bnJpc2V8ZW58MHwwfHx8MTc4NzM4MDk1Nnww	Mount Bromo, Indonesia	kilarov	kilarov345	#797c7e	#443b36
world-scenery	5MbNzpNwdew	/photo-1721070034470-68625e92d384?ixid=M3wxMjA3fDB8MXxzZWFyY2h8Nnx8bW91bnQlMjBicm9tbyUyMGluZG9uZXNpYSUyMHN1bnJpc2V8ZW58MHwwfHx8MTc4NzM4MDk1Nnww	Mount Bromo, Indonesia	Muhammad Wafiy	wafiy08_	#856851	#241a14
world-scenery	Yx5qQKEaD_s	/photo-1620339478629-7f0a3fac877d?ixid=M3wxMjA3fDB8MXxzZWFyY2h8N3x8bW91bnQlMjBicm9tbyUyMGluZG9uZXNpYSUyMHN1bnJpc2V8ZW58MHwwfHx8MTc4NzM4MDk1Nnww	Mount Bromo, Indonesia	Mario La Pergola	mlapergolaphoto	#55443d	#160a04
world-scenery	rpoDj1l_XvA	/photo-1589648409377-21889dbd786f?ixid=M3wxMjA3fDB8MXxzZWFyY2h8OHx8bW91bnQlMjBicm9tbyUyMGluZG9uZXNpYSUyMHN1bnJpc2V8ZW58MHwwfHx8MTc4NzM4MDk1Nnww	Mount Bromo, Indonesia	kilarov	kilarov345	#8f8b87	#2e2925
world-scenery	BEdy6WZ_TFg	/photo-1703769605314-18648cfc3428?ixid=M3wxMjA3fDB8MXxzZWFyY2h8NHx8cmFqYSUyMGFtcGF0JTIwaW5kb25lc2lhJTIwaXNsYW5kc3xlbnwwfDB8fHwxNzg3MzgwOTU3fDA	Raja Ampat, Indonesia	Simon Spring	springsimon	#869c96	#3b5c79
world-scenery	DxmBSgUYKis	/photo-1516690561799-46d8f74f9abf?ixid=M3wxMjA3fDB8MXxzZWFyY2h8NXx8cmFqYSUyMGFtcGF0JTIwaW5kb25lc2lhJTIwaXNsYW5kc3xlbnwwfDB8fHwxNzg3MzgwOTU3fDA	Raja Ampat, Indonesia	sutirta budiman	sutirtab	#598a9d	#5688b6
world-scenery	LcVL3QcLPo4	/photo-1703769605307-395ace742240?ixid=M3wxMjA3fDB8MXxzZWFyY2h8Nnx8cmFqYSUyMGFtcGF0JTIwaW5kb25lc2lhJTIwaXNsYW5kc3xlbnwwfDB8fHwxNzg3MzgwOTU3fDA	Raja Ampat, Indonesia	Simon Spring	springsimon	#76918c	#3698a7
world-scenery	vPsBkv61e3Y	/photo-1703769605300-95c02ea2cb67?ixid=M3wxMjA3fDB8MXxzZWFyY2h8N3x8cmFqYSUyMGFtcGF0JTIwaW5kb25lc2lhJTIwaXNsYW5kc3xlbnwwfDB8fHwxNzg3MzgwOTU3fDA	Raja Ampat, Indonesia	Simon Spring	springsimon	#849994	#f8f8f8
world-scenery	kpH5FWIWk1I	/photo-1711060266408-2d1f0d49a926?ixid=M3wxMjA3fDB8MXxzZWFyY2h8NHx8YmFuYXVlJTIwcmljZSUyMHRlcnJhY2VzJTIwcGhpbGlwcGluZXN8ZW58MHwwfHx8MTc4NzM4MDk1OHww	Banaue, Philippines	Helena Pfisterer	pixbyhelena	#665756	#580217
world-scenery	rEUQ-_fvOec	/photo-1615185403293-a8fb0482d24e?ixid=M3wxMjA3fDB8MXxzZWFyY2h8Mnx8Y2hvY29sYXRlJTIwaGlsbHMlMjBib2hvbCUyMHBoaWxpcHBpbmVzfGVufDB8MHx8fDE3ODczODA5NTh8MA	Chocolate Hills, Philippines	Rene Padillo	renesansz	#7c7964	#36361a
world-scenery	85V-8QFpYcM	/photo-1707730088436-0e55e78843d8?ixid=M3wxMjA3fDB8MXxzZWFyY2h8NHx8Y2hvY29sYXRlJTIwaGlsbHMlMjBib2hvbCUyMHBoaWxpcHBpbmVzfGVufDB8MHx8fDE3ODczODA5NTh8MA	Chocolate Hills, Philippines	Jaanus Jagomägi	jaanus	#8d866e	#272616
world-scenery	kCNf42AH5RM	/photo-1515511210479-bc02c48ec763?ixid=M3wxMjA3fDB8MXxzZWFyY2h8NXx8Y2hvY29sYXRlJTIwaGlsbHMlMjBib2hvbCUyMHBoaWxpcHBpbmVzfGVufDB8MHx8fDE3ODczODA5NTh8MA	Chocolate Hills, Philippines	Shing	imshing	#717b7b	#cac9d4
world-scenery	0civ2v7Stvg	/photo-1782061036551-63837ddbb9a6?ixid=M3wxMjA3fDB8MXxzZWFyY2h8Nnx8Y2hvY29sYXRlJTIwaGlsbHMlMjBib2hvbCUyMHBoaWxpcHBpbmVzfGVufDB8MHx8fDE3ODczODA5NTh8MA	Chocolate Hills, Philippines	Ash	a_4_ash	#676552	#b5a68a
world-scenery	ywQLwGDrrZY	/photo-1584942315602-6ba8c7084ad2?ixid=M3wxMjA3fDB8MXxzZWFyY2h8NHx8bW91bnQlMjBraW5hYmFsdSUyMG1hbGF5c2lhfGVufDB8MHx8fDE3ODczODA5NTl8MA	Mount Kinabalu, Malaysia	Ryan 'O' Niel	ryanoniel	#4f6968	#243907
world-scenery	rZAxaU6Cp2I	/photo-1663168017898-501e22ab025c?ixid=M3wxMjA3fDB8MXxzZWFyY2h8NXx8bW91bnQlMjBraW5hYmFsdSUyMG1hbGF5c2lhfGVufDB8MHx8fDE3ODczODA5NTl8MA	Mount Kinabalu, Malaysia	Ong Cheng Zheng	ocz0929	#727e88	#38424b
world-scenery	AyFPVvPnjJk	/photo-1697212187378-31138d145e51?ixid=M3wxMjA3fDB8MXxzZWFyY2h8Nnx8bW91bnQlMjBraW5hYmFsdSUyMG1hbGF5c2lhfGVufDB8MHx8fDE3ODczODA5NTl8MA	Mount Kinabalu, Malaysia	Adam Khair	adams92	#61899a	#67a6e8
world-scenery	vk2gTv6Qd80	/photo-1681080897896-b524d6850d7c?ixid=M3wxMjA3fDB8MXxzZWFyY2h8N3x8bW91bnQlMjBraW5hYmFsdSUyMG1hbGF5c2lhfGVufDB8MHx8fDE3ODczODA5NTl8MA	Mount Kinabalu, Malaysia	Bryan Heng	bryan_hys	#82a9bf	#87cbf6
world-scenery	EgQa0AOcaPk	/photo-1674384696285-a4239c8609b7?ixid=M3wxMjA3fDB8MXxzZWFyY2h8Mnx8Y2FtZXJvbiUyMGhpZ2hsYW5kcyUyMG1hbGF5c2lhJTIwdGVhfGVufDB8MHx8fDE3ODczODA5NjB8MA	Cameron Highlands, Malaysia	kaliebmann _	kaliebmann	#646b5a	#434927
world-scenery	1ZlwBdC4VWg	/photo-1651608018547-dfbc9e41d0e7?ixid=M3wxMjA3fDB8MXxzZWFyY2h8NHx8Y2FtZXJvbiUyMGhpZ2hsYW5kcyUyMG1hbGF5c2lhJTIwdGVhfGVufDB8MHx8fDE3ODczODA5NjB8MA	Cameron Highlands, Malaysia	Job Savelsberg	jobsavelsberg	#6e894c	#88a448
world-scenery	DMOSv8LJRfw	/photo-1705812613641-858c16d9164a?ixid=M3wxMjA3fDB8MXxzZWFyY2h8NXx8Y2FtZXJvbiUyMGhpZ2hsYW5kcyUyMG1hbGF5c2lhJTIwdGVhfGVufDB8MHx8fDE3ODczODA5NjB8MA	Cameron Highlands, Malaysia	Tan Kok Feng	kevintan2025	#627873	#28370a
world-scenery	fRVkcaBqBwU	/photo-1683858222142-e5596d680fe3?ixid=M3wxMjA3fDB8MXxzZWFyY2h8Nnx8Y2FtZXJvbiUyMGhpZ2hsYW5kcyUyMG1hbGF5c2lhJTIwdGVhfGVufDB8MHx8fDE3ODczODA5NjB8MA	Cameron Highlands, Malaysia	Josh Kirk	this_josh	#616446	#473806
world-scenery	ahSFjjLru4Y	/photo-1508597370841-836e72ef6f54?ixid=M3wxMjA3fDB8MXxzZWFyY2h8NHx8Z2FyZGVucyUyMGJ5JTIwdGhlJTIwYmF5JTIwc2luZ2Fwb3JlJTIwbmlnaHR8ZW58MHwwfHx8MTc4NzM4MDk2MXww	Gardens by the Bay, Singapore	Miguel Sousa	heymikel	#353543	#010305
world-scenery	zH3M9rfYtuk	/photo-1623076149912-7edb49c66c0b?ixid=M3wxMjA3fDB8MXxzZWFyY2h8Nnx8Z2FyZGVucyUyMGJ5JTIwdGhlJTIwYmF5JTIwc2luZ2Fwb3JlJTIwbmlnaHR8ZW58MHwwfHx8MTc4NzM4MDk2MXww	Gardens by the Bay, Singapore	Mikhail Preobrazhenskiy	misheng_gz	#443438	#261b1a
world-scenery	_xgcEtHojjk	/photo-1519446049631-fec70775e0f3?ixid=M3wxMjA3fDB8MXxzZWFyY2h8N3x8Z2FyZGVucyUyMGJ5JTIwdGhlJTIwYmF5JTIwc2luZ2Fwb3JlJTIwbmlnaHR8ZW58MHwwfHx8MTc4NzM4MDk2MXww	Gardens by the Bay, Singapore	Li Yang	ly0ns	#2f3249	#0b0c17
world-scenery	c53HvA-blYQ	/photo-1517570123306-d58896657b2c?ixid=M3wxMjA3fDB8MXxzZWFyY2h8OHx8Z2FyZGVucyUyMGJ5JTIwdGhlJTIwYmF5JTIwc2luZ2Fwb3JlJTIwbmlnaHR8ZW58MHwwfHx8MTc4NzM4MDk2MXww	Gardens by the Bay, Singapore	Victor	victor_g	#6d6f83	#4a6696
world-scenery	J_tpg9cloPg	/photo-1580204745408-9c18ddb64978?ixid=M3wxMjA3fDB8MXxzZWFyY2h8NHx8d2FkaSUyMHJ1bSUyMGpvcmRhbiUyMGRlc2VydHxlbnwwfDB8fHwxNzg3MzgwOTYyfDA	Wadi Rum, Jordan	Konstantinos Kaskanis	k_kaskanis	#7b6e68	#775647
world-scenery	kKxfELd_5pg	/photo-1463595373836-6e0b0a8ee322?ixid=M3wxMjA3fDB8MXxzZWFyY2h8Nnx8d2FkaSUyMHJ1bSUyMGpvcmRhbiUyMGRlc2VydHxlbnwwfDB8fHwxNzg3MzgwOTYyfDA	Wadi Rum, Jordan	Julien Lavallée	julienlavallee	#b5a292	#eab687
world-scenery	QvNKJZUtwdM	/photo-1664725080246-9d5368a0a86b?ixid=M3wxMjA3fDB8MXxzZWFyY2h8N3x8d2FkaSUyMHJ1bSUyMGpvcmRhbiUyMGRlc2VydHxlbnwwfDB8fHwxNzg3MzgwOTYyfDA	Wadi Rum, Jordan	Ludovico Bee	ludovico_bee	#a98b77	#c99567
world-scenery	maOhLY00aCo	/photo-1589298644458-93a496a22abe?ixid=M3wxMjA3fDB8MXxzZWFyY2h8OHx8d2FkaSUyMHJ1bSUyMGpvcmRhbiUyMGRlc2VydHxlbnwwfDB8fHwxNzg3MzgwOTYyfDA	Wadi Rum, Jordan	Accolade Creative	accolade	#bda69a	#e49867
world-scenery	siq3xkHUhSg	/photo-1642425150068-422fef94a8ea?ixid=M3wxMjA3fDB8MXxzZWFyY2h8Mnx8c29jb3RyYSUyMHllbWVuJTIwZHJhZ29uJTIwYmxvb2QlMjB0cmVlc3xlbnwwfDB8fHwxNzg3MzgwOTYyfDA	Socotra, Yemen	Andrew Svk	andrew_svk	#7e7d83	#5386ba
world-scenery	REwZEYzw19g	/photo-1642425149556-b6f90e946859?ixid=M3wxMjA3fDB8MXxzZWFyY2h8NHx8c29jb3RyYSUyMHllbWVuJTIwZHJhZ29uJTIwYmxvb2QlMjB0cmVlc3xlbnwwfDB8fHwxNzg3MzgwOTYyfDA	Socotra, Yemen	Andrew Svk	andrew_svk	#7c6e79	#35251a
world-scenery	MCYR8cJYQRM	/photo-1642425149819-af1b803b2b25?ixid=M3wxMjA3fDB8MXxzZWFyY2h8NXx8c29jb3RyYSUyMHllbWVuJTIwZHJhZ29uJTIwYmxvb2QlMjB0cmVlc3xlbnwwfDB8fHwxNzg3MzgwOTYyfDA	Socotra, Yemen	Andrew Svk	andrew_svk	#796668	#362828
world-scenery	mpAyw_RtiG4	/photo-1582461563126-3a470ec9ecb2?ixid=M3wxMjA3fDB8MXxzZWFyY2h8NHx8bXVzYW5kYW0lMjBvbWFuJTIwZmpvcmRzfGVufDB8MHx8fDE3ODczODA5NjN8MA	Musandam, Oman	Musandam Dhow Tours	musandamdhowtour	#a0b6c0	#b6d6fe
world-scenery	86yYTDJk5FY	/photo-1624608708049-53587f652e16?ixid=M3wxMjA3fDB8MXxzZWFyY2h8NXx8bXVzYW5kYW0lMjBvbWFuJTIwZmpvcmRzfGVufDB8MHx8fDE3ODczODA5NjN8MA	Musandam, Oman	Julius Yls	juliusyls	#899197	#798596
world-scenery	2W0DsmF61pY	/photo-1674369103209-baa313acae83?ixid=M3wxMjA3fDB8MXxzZWFyY2h8Nnx8bXVzYW5kYW0lMjBvbWFuJTIwZmpvcmRzfGVufDB8MHx8fDE3ODczODA5NjN8MA	Musandam, Oman	Secret Travel Guide	secrettravelguide	#7b858a	#7ba5c6
world-scenery	PeqtFDIXoUg	/photo-1624608496439-d24694e1e434?ixid=M3wxMjA3fDB8MXxzZWFyY2h8N3x8bXVzYW5kYW0lMjBvbWFuJTIwZmpvcmRzfGVufDB8MHx8fDE3ODczODA5NjN8MA	Musandam, Oman	Julius Yls	juliusyls	#94a6b3	#7797c8
world-scenery	AT9KXQzmfks	/photo-1643892151836-07fe5562d0f2?ixid=M3wxMjA3fDB8MXxzZWFyY2h8NHx8YWx1bGElMjBzYXVkaSUyMGFyYWJpYSUyMGRlc2VydCUyMHJvY2tzfGVufDB8MHx8fDE3ODczODA5NjR8MA	AlUla, Saudi Arabia	KHAWAJA UMER FAROOQ	kufarooq	#817571	#7697c7
world-scenery	56MXmdRhY28	/photo-1679056251071-aab5fb606158?ixid=M3wxMjA3fDB8MXxzZWFyY2h8Nnx8YWx1bGElMjBzYXVkaSUyMGFyYWJpYSUyMGRlc2VydCUyMHJvY2tzfGVufDB8MHx8fDE3ODczODA5NjR8MA	AlUla, Saudi Arabia	Datingscout	datingscout	#8f99a1	#77b4e7
world-scenery	CM6dr7dUmSk	/photo-1609717533806-24b022619f09?ixid=M3wxMjA3fDB8MXxzZWFyY2h8N3x8YWx1bGElMjBzYXVkaSUyMGFyYWJpYSUyMGRlc2VydCUyMHJvY2tzfGVufDB8MHx8fDE3ODczODA5NjR8MA	AlUla, Saudi Arabia	M K	mk189	#796f68	#654c37
world-scenery	rfVBiGAoZo8	/photo-1766136068609-447e34dec756?ixid=M3wxMjA3fDB8MXxzZWFyY2h8OHx8YWx1bGElMjBzYXVkaSUyMGFyYWJpYSUyMGRlc2VydCUyMHJvY2tzfGVufDB8MHx8fDE3ODczODA5NjR8MA	AlUla, Saudi Arabia	Arne Backhaus	ae_bckhs	#7e8b9e	#4175bb
world-scenery	w_DXQ-W8jJc	/flagged/photo-1554398912-87ad6a73dbb6?ixid=M3wxMjA3fDB8MXxzZWFyY2h8M3x8c2hlaWtoJTIwemF5ZWQlMjBtb3NxdWUlMjBhYnUlMjBkaGFiaXxlbnwwfDB8fHwxNzg3MzgwOTY1fDA	Sheikh Zayed Mosque, United Arab Emirates	Katerina Kerdi	katekerdi	#d2d6d0	#b5e2eb
world-scenery	nGE6oEBeUjE	/photo-1619729239841-d7354ebf9bb3?ixid=M3wxMjA3fDB8MXxzZWFyY2h8NHx8c2hlaWtoJTIwemF5ZWQlMjBtb3NxdWUlMjBhYnUlMjBkaGFiaXxlbnwwfDB8fHwxNzg3MzgwOTY1fDA	Sheikh Zayed Mosque, United Arab Emirates	Nick Fewings	jannerboy62	#4b7191	#004687
world-scenery	sfMW7-4NI-o	/photo-1612207644086-243779ab1013?ixid=M3wxMjA3fDB8MXxzZWFyY2h8NXx8c2hlaWtoJTIwemF5ZWQlMjBtb3NxdWUlMjBhYnUlMjBkaGFiaXxlbnwwfDB8fHwxNzg3MzgwOTY1fDA	Sheikh Zayed Mosque, United Arab Emirates	Nick Fewings	jannerboy62	#53809e	#015a94
world-scenery	2yZ-CzlBrZ4	/photo-1508724547755-22fa72fcbe24?ixid=M3wxMjA3fDB8MXxzZWFyY2h8Nnx8c2hlaWtoJTIwemF5ZWQlMjBtb3NxdWUlMjBhYnUlMjBkaGFiaXxlbnwwfDB8fHwxNzg3MzgwOTY1fDA	Sheikh Zayed Mosque, United Arab Emirates	Grace Zhu	gracezhu	#697c9b	#36548a
world-scenery	xsOQWiS-S54	/photo-1559783873-66b042dfc6e4?ixid=M3wxMjA3fDB8MXxzZWFyY2h8NHx8Y2FwcGFkb2NpYSUyMHR1cmtleSUyMHJvY2slMjBmb3JtYXRpb25zJTIwc3VucmlzZXxlbnwwfDB8fHwxNzg3MzgwOTY2fDA	Cappadocia Valleys, Türkiye	Tony Lee	tli427	#848363	#b58a36
world-scenery	TCklQgQxF5I	/photo-1714675166166-4ee5150ab1c9?ixid=M3wxMjA3fDB8MXxzZWFyY2h8Nnx8Y2FwcGFkb2NpYSUyMHR1cmtleSUyMHJvY2slMjBmb3JtYXRpb25zJTIwc3VucmlzZXxlbnwwfDB8fHwxNzg3MzgwOTY2fDA	Cappadocia Valleys, Türkiye	Musa Ortaç	musaortac	#89796c	#a67757
world-scenery	ajKJbMeN6Js	/photo-1701616857671-e497ffd2b6d4?ixid=M3wxMjA3fDB8MXxzZWFyY2h8N3x8Y2FwcGFkb2NpYSUyMHR1cmtleSUyMHJvY2slMjBmb3JtYXRpb25zJTIwc3VucmlzZXxlbnwwfDB8fHwxNzg3MzgwOTY2fDA	Cappadocia Valleys, Türkiye	Carlo Romero	carlo3173	#98988e	#757a75
world-scenery	0F5jq3WYoR8	/photo-1604303047212-d2c6ee9288cd?ixid=M3wxMjA3fDB8MXxzZWFyY2h8OHx8Y2FwcGFkb2NpYSUyMHR1cmtleSUyMHJvY2slMjBmb3JtYXRpb25zJTIwc3VucmlzZXxlbnwwfDB8fHwxNzg3MzgwOTY2fDA	Cappadocia Valleys, Türkiye	Ahmet Harmanli	hrmnli	#8693a0	#6688b7
world-scenery	9ztpbW7mZjY	/photo-1675181828618-de7bbbcaf4af?ixid=M3wxMjA3fDB8MXxzZWFyY2h8M3x8bGFrZSUyMHNldmFuJTIwYXJtZW5pYSUyMG1vbmFzdGVyeXxlbnwwfDB8fHwxNzg3MzgwOTY3fDA	Lake Sevan, Armenia	Valeria V	lera_v	#a89c91	#a77848
world-scenery	oqWb_tOK7ns	/photo-1594766722982-fb4cd139ee7c?ixid=M3wxMjA3fDB8MXxzZWFyY2h8NHx8a2F6YmVnaSUyMGdlb3JnaWElMjBjYXVjYXN1cyUyMGNodXJjaHxlbnwwfDB8fHwxNzg3MzgwOTY4fDA	Kazbegi, Georgia	Mike Swigunski	mike_swigunski	#7f7f67	#757736
world-scenery	JuYuMUxpHUM	/photo-1683222279623-30d86d4ff887?ixid=M3wxMjA3fDB8MXxzZWFyY2h8Nnx8a2F6YmVnaSUyMGdlb3JnaWElMjBjYXVjYXN1cyUyMGNodXJjaHxlbnwwfDB8fHwxNzg3MzgwOTY4fDA	Kazbegi, Georgia	Nina Slashchilina	ninaslashchilina	#6d6f66	#666867
world-scenery	LSDRhNvaW_0	/photo-1692262211862-26f4555ef0b7?ixid=M3wxMjA3fDB8MXxzZWFyY2h8N3x8a2F6YmVnaSUyMGdlb3JnaWElMjBjYXVjYXN1cyUyMGNodXJjaHxlbnwwfDB8fHwxNzg3MzgwOTY4fDA	Kazbegi, Georgia	Aleksei Anatskii	antki	#3f3f38	#0a0b03
world-scenery	RbBzWfPCVbw	/photo-1507194615470-9ed0f7dafe99?ixid=M3wxMjA3fDB8MXxzZWFyY2h8OHx8a2F6YmVnaSUyMGdlb3JnaWElMjBjYXVjYXN1cyUyMGNodXJjaHxlbnwwfDB8fHwxNzg3MzgwOTY4fDA	Kazbegi, Georgia	Paul van Harten	travelpa	#898d9c	#a6a9b5
world-scenery	VRY-odqNmPY	/photo-1607644546432-45b4e524dd3d?ixid=M3wxMjA3fDB8MXxzZWFyY2h8M3x8Y2hhcnluJTIwY2FueW9uJTIwa2F6YWtoc3RhbnxlbnwwfDB8fHwxNzg3MzgwOTY5fDA	Charyn Canyon, Kazakhstan	Thomas Ten	ten_ax	#856d6d	#975439
world-scenery	IwvQzyJ_cm8	/photo-1556881798-ea9705321743?ixid=M3wxMjA3fDB8MXxzZWFyY2h8NHx8Y2hhcnluJTIwY2FueW9uJTIwa2F6YWtoc3RhbnxlbnwwfDB8fHwxNzg3MzgwOTY5fDA	Charyn Canyon, Kazakhstan	Yelena Vakker	yelenavakker	#917c77	#754637
world-scenery	VG59VyNxOoY	/photo-1752583987880-557887b32194?ixid=M3wxMjA3fDB8MXxzZWFyY2h8NXx8Y2hhcnluJTIwY2FueW9uJTIwa2F6YWtoc3RhbnxlbnwwfDB8fHwxNzg3MzgwOTY5fDA	Charyn Canyon, Kazakhstan	GWANGJIN GO	chocolate_milk_denmark	#938173	#96745a
world-scenery	D0HI701CKuE	/photo-1556881823-e47daeb08460?ixid=M3wxMjA3fDB8MXxzZWFyY2h8Nnx8Y2hhcnluJTIwY2FueW9uJTIwa2F6YWtoc3RhbnxlbnwwfDB8fHwxNzg3MzgwOTY5fDA	Charyn Canyon, Kazakhstan	Yelena Vakker	yelenavakker	#6d838f	#0068b6
world-scenery	qLchd-tax_g	/photo-1489421382202-f7ec0cfd96f7?ixid=M3wxMjA3fDB8MXxzZWFyY2h8Mnx8c29uZyUyMGt1bCUyMGxha2UlMjBreXJneXpzdGFuJTIweXVydHN8ZW58MHwwfHx8MTc4NzM4MDk3MHww	Song-Kul, Kyrgyzstan	Oziel Gómez	ozgomz	#839997	#798754
world-scenery	CjvZYvH6f4M	/photo-1604877249407-f4dce6f21d02?ixid=M3wxMjA3fDB8MXxzZWFyY2h8M3x8c29uZyUyMGt1bCUyMGxha2UlMjBreXJneXpzdGFuJTIweXVydHN8ZW58MHwwfHx8MTc4NzM4MDk3MHww	Song-Kul, Kyrgyzstan	Thomas Evans	thoeva	#7a8087	#b8c6d6
world-scenery	6u0I--H7hRA	/photo-1621425022500-d801b0be1a05?ixid=M3wxMjA3fDB8MXxzZWFyY2h8NHx8c29uZyUyMGt1bCUyMGxha2UlMjBreXJneXpzdGFuJTIweXVydHN8ZW58MHwwfHx8MTc4NzM4MDk3MHww	Song-Kul, Kyrgyzstan	Joel Heard	kazheard	#757066	#383818
world-scenery	5-lb87Q-Cnk	/photo-1621426633868-6f47d5a23be5?ixid=M3wxMjA3fDB8MXxzZWFyY2h8NXx8c29uZyUyMGt1bCUyMGxha2UlMjBreXJneXpzdGFuJTIweXVydHN8ZW58MHwwfHx8MTc4NzM4MDk3MHww	Song-Kul, Kyrgyzstan	Joel Heard	kazheard	#898981	#596545
world-scenery	bq9My4gB3-w	/photo-1621425022689-308a7b7691a3?ixid=M3wxMjA3fDB8MXxzZWFyY2h8M3x8cGFtaXIlMjBoaWdod2F5JTIwdGFqaWtpc3RhbiUyMG1vdW50YWluc3xlbnwwfDB8fHwxNzg3MzgwOTcwfDA	Pamir Highway, Tajikistan	Joel Heard	kazheard	#798190	#123b74
world-scenery	H1SJ4jbDbvk	/photo-1508598126084-9dfccbb92cd5?ixid=M3wxMjA3fDB8MXxzZWFyY2h8NHx8cGFtaXIlMjBoaWdod2F5JTIwdGFqaWtpc3RhbiUyMG1vdW50YWluc3xlbnwwfDB8fHwxNzg3MzgwOTcwfDA	Pamir Highway, Tajikistan	simon sun	simonsun2017	#6a4c49	#080604
world-scenery	exdy2Xc7Fmg	/photo-1621425022462-a14e58eebcc0?ixid=M3wxMjA3fDB8MXxzZWFyY2h8NXx8cGFtaXIlMjBoaWdod2F5JTIwdGFqaWtpc3RhbiUyMG1vdW50YWluc3xlbnwwfDB8fHwxNzg3MzgwOTcwfDA	Pamir Highway, Tajikistan	Joel Heard	kazheard	#8b867c	#566849
world-scenery	bsNsO0Uath8	/photo-1728115214399-ad40d93eb935?ixid=M3wxMjA3fDB8MXxzZWFyY2h8NHx8cmVnaXN0YW4lMjBzYW1hcmthbmQlMjB1emJla2lzdGFufGVufDB8MHx8fDE3ODczODA5NzF8MA	Registan, Uzbekistan	Farkhod Saydullaev	farkhod	#a09895	#977867
world-scenery	2O8sAwInqT8	/photo-1557841621-d9f6673405ed?ixid=M3wxMjA3fDB8MXxzZWFyY2h8NXx8cmVnaXN0YW4lMjBzYW1hcmthbmQlMjB1emJla2lzdGFufGVufDB8MHx8fDE3ODczODA5NzF8MA	Registan, Uzbekistan	Snowscat	snowscat	#636b7a	#2a5894
world-scenery	BGoVPT39UB0	/photo-1744873332014-24b94790f4ac?ixid=M3wxMjA3fDB8MXxzZWFyY2h8Nnx8cmVnaXN0YW4lMjBzYW1hcmthbmQlMjB1emJla2lzdGFufGVufDB8MHx8fDE3ODczODA5NzF8MA	Registan, Uzbekistan	Edgar Cavazos	edgar_cape	#6f7681	#4696d6
world-scenery	k1pZpJLPLpI	/photo-1728281522185-0c06b2d7a598?ixid=M3wxMjA3fDB8MXxzZWFyY2h8N3x8cmVnaXN0YW4lMjBzYW1hcmthbmQlMjB1emJla2lzdGFufGVufDB8MHx8fDE3ODczODA5NzF8MA	Registan, Uzbekistan	Farkhod Saydullaev	farkhod	#999992	#876656
world-scenery	YUxPA4oprdw	/photo-1562913346-61ae3ab9277e?ixid=M3wxMjA3fDB8MXxzZWFyY2h8NHx8aHVuemElMjB2YWxsZXklMjBwYWtpc3RhbiUyMG1vdW50YWluc3xlbnwwfDB8fHwxNzg3MzgwOTc1fDA	Hunza Valley, Pakistan	Rizwan Saeed	dilshad3	#929596	#564936
world-scenery	fp6KYfSAxsE	/photo-1632309378201-14f05412c697?ixid=M3wxMjA3fDB8MXxzZWFyY2h8NXx8aHVuemElMjB2YWxsZXklMjBwYWtpc3RhbiUyMG1vdW50YWluc3xlbnwwfDB8fHwxNzg3MzgwOTc1fDA	Hunza Valley, Pakistan	Ahmed Raza	acidpro	#6d615b	#495875
world-scenery	kaHk88Z8CQA	/photo-1611821824288-95e977eab064?ixid=M3wxMjA3fDB8MXxzZWFyY2h8Nnx8aHVuemElMjB2YWxsZXklMjBwYWtpc3RhbiUyMG1vdW50YWluc3xlbnwwfDB8fHwxNzg3MzgwOTc1fDA	Hunza Valley, Pakistan	Hussain Ali	bunkubab	#687078	#4a5c65
world-scenery	RoxONDwtgJo	/photo-1611821887389-cd0ae7ebfff4?ixid=M3wxMjA3fDB8MXxzZWFyY2h8N3x8aHVuemElMjB2YWxsZXklMjBwYWtpc3RhbiUyMG1vdW50YWluc3xlbnwwfDB8fHwxNzg3MzgwOTc1fDA	Hunza Valley, Pakistan	Hussain Ali	bunkubab	#818485	#576668
world-scenery	WqNIYKOdjBA	/photo-1657122067013-4c44bbed9861?ixid=M3wxMjA3fDB8MXxzZWFyY2h8M3x8ZmFpcnklMjBtZWFkb3dzJTIwbmFuZ2ElMjBwYXJiYXQlMjBwYWtpc3RhbnxlbnwwfDB8fHwxNzg3MzgwOTc2fDA	Fairy Meadows, Pakistan	Shujaat Muzaffar	frizcon	#8f9b8a	#99a356
world-scenery	nG_m3m3ncWg	/photo-1696894134220-cfc38c3bf7a1?ixid=M3wxMjA3fDB8MXxzZWFyY2h8M3x8c29zc3VzdmxlaSUyMG5hbWliaWElMjBkdW5lc3xlbnwwfDB8fHwxNzg3MzgwOTc2fDA	Sossusvlei, Namibia	Taylor Wright	taylorwright22	#797570	#d7651b
world-scenery	vH0ReAlfpqA	/photo-1586627950143-537c07d56b23?ixid=M3wxMjA3fDB8MXxzZWFyY2h8NHx8c29zc3VzdmxlaSUyMG5hbWliaWElMjBkdW5lc3xlbnwwfDB8fHwxNzg3MzgwOTc2fDA	Sossusvlei, Namibia	Bruna Afonso	brunalopesafonso	#947a69	#a9744b
world-scenery	CekWKVKi0_c	/photo-1652599720885-abf363ed2992?ixid=M3wxMjA3fDB8MXxzZWFyY2h8Nnx8c29zc3VzdmxlaSUyMG5hbWliaWElMjBkdW5lc3xlbnwwfDB8fHwxNzg3MzgwOTc2fDA	Sossusvlei, Namibia	Bernd 📷 Dittrich	hdbernd	#8f725d	#d5a977
world-scenery	hoNj5pZK8Ec	/photo-1644097554010-87686343f389?ixid=M3wxMjA3fDB8MXxzZWFyY2h8N3x8c29zc3VzdmxlaSUyMG5hbWliaWElMjBkdW5lc3xlbnwwfDB8fHwxNzg3MzgwOTc2fDA	Sossusvlei, Namibia	Bernd 📷 Dittrich	hdbernd	#7d7674	#b9a882
world-scenery	PWDmr7aYm1s	/photo-1706804198752-a8fba3070c1f?ixid=M3wxMjA3fDB8MXxzZWFyY2h8Mnx8bWVyem91Z2ElMjBzYWhhcmElMjBtb3JvY2NvJTIwZHVuZXN8ZW58MHwwfHx8MTc4NzM4MDk3N3ww	Merzouga, Morocco	Siem	justsiempie	#7e716d	#68442a
world-scenery	Gzi7e42ZRXo	/photo-1706804198725-fa51050a1047?ixid=M3wxMjA3fDB8MXxzZWFyY2h8M3x8bWVyem91Z2ElMjBzYWhhcmElMjBtb3JvY2NvJTIwZHVuZXN8ZW58MHwwfHx8MTc4NzM4MDk3N3ww	Merzouga, Morocco	Siem	justsiempie	#877b77	#694736
world-scenery	nRn27ip0hjw	/photo-1706804198742-3e09d7360308?ixid=M3wxMjA3fDB8MXxzZWFyY2h8NHx8bWVyem91Z2ElMjBzYWhhcmElMjBtb3JvY2NvJTIwZHVuZXN8ZW58MHwwfHx8MTc4NzM4MDk3N3ww	Merzouga, Morocco	Siem	justsiempie	#635f66	#261816
world-scenery	sCQpGeViZJ8	/photo-1706804198712-3af92a2c4b51?ixid=M3wxMjA3fDB8MXxzZWFyY2h8NXx8bWVyem91Z2ElMjBzYWhhcmElMjBtb3JvY2NvJTIwZHVuZXN8ZW58MHwwfHx8MTc4NzM4MDk3N3ww	Merzouga, Morocco	Siem	justsiempie	#51617c	#4875b9
world-scenery	U-7GtV1Da2c	/photo-1695367255569-85b0536aeed2?ixid=M3wxMjA3fDB8MXxzZWFyY2h8M3x8c2VyZW5nZXRpJTIwdGFuemFuaWElMjBhY2FjaWElMjBzdW5zZXR8ZW58MHwwfHx8MTc4NzM4MDk3OHww	Serengeti, Tanzania	Denice Alex	denisi_z	#916b4c	#b89a86
world-scenery	Jf_rtYqPmRs	/photo-1561003008-d5f7ca660350?ixid=M3wxMjA3fDB8MXxzZWFyY2h8NHx8c2VyZW5nZXRpJTIwdGFuemFuaWElMjBhY2FjaWElMjBzdW5zZXR8ZW58MHwwfHx8MTc4NzM4MDk3OHww	Serengeti, Tanzania	Greg Bulla	gregbulla	#514d53	#040302
world-scenery	j8PfDO_mT3c	/photo-1500549158481-49dcc08a37ab?ixid=M3wxMjA3fDB8MXxzZWFyY2h8NXx8c2VyZW5nZXRpJTIwdGFuemFuaWElMjBhY2FjaWElMjBzdW5zZXR8ZW58MHwwfHx8MTc4NzM4MDk3OHww	Serengeti, Tanzania	Javi Lorbada	javilorbada	#625958	#020b05
world-scenery	mJWSScxNEss	/photo-1723643750330-c868b56af36f?ixid=M3wxMjA3fDB8MXxzZWFyY2h8Nnx8c2VyZW5nZXRpJTIwdGFuemFuaWElMjBhY2FjaWElMjBzdW5zZXR8ZW58MHwwfHx8MTc4NzM4MDk3OHww	Serengeti, Tanzania	Uzuri Safaris Tanzania	uzuri_safaris_tanzania	#8b8177	#5a4328
world-scenery	JzQfaDFGyF0	/photo-1664270702748-9a4408b600ca?ixid=M3wxMjA3fDB8MXxzZWFyY2h8NHx8bmdvcm9uZ29ybyUyMGNyYXRlciUyMHRhbnphbmlhfGVufDB8MHx8fDE3ODczODA5Nzh8MA	Ngorongoro, Tanzania	Uzuri Safaris Tanzania	uzuri_safaris_tanzania	#647078	#456b99
world-scenery	8itbyfNfbq8	/photo-1635328291121-87fa492cf44f?ixid=M3wxMjA3fDB8MXxzZWFyY2h8Nnx8bmdvcm9uZ29ybyUyMGNyYXRlciUyMHRhbnphbmlhfGVufDB8MHx8fDE3ODczODA5Nzh8MA	Ngorongoro, Tanzania	Valeria Rossi	valeriarossi96	#999a88	#696b54
world-scenery	0JMiyCjeqSo	/photo-1670786445420-785b98e9ec0f?ixid=M3wxMjA3fDB8MXxzZWFyY2h8N3x8bmdvcm9uZ29ybyUyMGNyYXRlciUyMHRhbnphbmlhfGVufDB8MHx8fDE3ODczODA5Nzh8MA	Ngorongoro, Tanzania	Audric Wonkam	a_wonkam	#8a7a6d	#b88656
world-scenery	uG50pFav8tI	/photo-1619022894036-f987144cb43a?ixid=M3wxMjA3fDB8MXxzZWFyY2h8OHx8bmdvcm9uZ29ybyUyMGNyYXRlciUyMHRhbnphbmlhfGVufDB8MHx8fDE3ODczODA5Nzh8MA	Ngorongoro, Tanzania	Dmitrii Zhodzishskii	dmitrii_zhodzishskii	#767f3e	#848b46
world-scenery	8M203ZXEN7s	/photo-1590159247828-50db87c9228e?ixid=M3wxMjA3fDB8MXxzZWFyY2h8NHx8bW91bnQlMjBraWxpbWFuamFybyUyMHRhbnphbmlhfGVufDB8MHx8fDE3ODczODA5Nzl8MA	Mount Kilimanjaro, Tanzania	Yoad Shejtman	yoadsh	#656a6b	#041517
world-scenery	89IBtfoz3Vw	/photo-1517846875602-2371528547d4?ixid=M3wxMjA3fDB8MXxzZWFyY2h8NHx8bWFhc2FpJTIwbWFyYSUyMGtlbnlhJTIwd2lsZGxpZmUlMjBsYW5kc2NhcGV8ZW58MHwwfHx8MTc4NzM4MDk4MXww	Maasai Mara, Kenya	sutirta budiman	sutirtab	#adb9bc	#a8d3ed
world-scenery	Ktaq_oibnu4	/photo-1663848990481-8e0da3374a9c?ixid=M3wxMjA3fDB8MXxzZWFyY2h8Nnx8bWFhc2FpJTIwbWFyYSUyMGtlbnlhJTIwd2lsZGxpZmUlMjBsYW5kc2NhcGV8ZW58MHwwfHx8MTc4NzM4MDk4MXww	Maasai Mara, Kenya	Edmar Gonçalves	edmar	#94a5b4	#858849
world-scenery	8fH4JwxbAyw	/photo-1621139261252-27d1a67449f4?ixid=M3wxMjA3fDB8MXxzZWFyY2h8N3x8bWFhc2FpJTIwbWFyYSUyMGtlbnlhJTIwd2lsZGxpZmUlMjBsYW5kc2NhcGV8ZW58MHwwfHx8MTc4NzM4MDk4MXww	Maasai Mara, Kenya	Ahmed Galal	ahmadgalal	#745b44	#040201
world-scenery	wOauvcluLBY	/photo-1623951581058-58138db08519?ixid=M3wxMjA3fDB8MXxzZWFyY2h8OHx8bWFhc2FpJTIwbWFyYSUyMGtlbnlhJTIwd2lsZGxpZmUlMjBsYW5kc2NhcGV8ZW58MHwwfHx8MTc4NzM4MDk4MXww	Maasai Mara, Kenya	Bibhash (Polygon.Cafe) Banerjee	perventuator	#c4a953	#b67805
world-scenery	NZHU5vfPo3M	/photo-1525535816528-974e4b19eb51?ixid=M3wxMjA3fDB8MXxzZWFyY2h8NHx8YW1ib3NlbGklMjBrZW55YSUyMGVsZXBoYW50cyUyMGtpbGltYW5qYXJvfGVufDB8MHx8fDE3ODczODA5ODF8MA	Amboseli, Kenya	Matt Cramblett	mcramblett	#a6b08e	#aab665
world-scenery	U17K57Kwi0U	/photo-1739703213318-acc03d446981?ixid=M3wxMjA3fDB8MXxzZWFyY2h8Nnx8YW1ib3NlbGklMjBrZW55YSUyMGVsZXBoYW50cyUyMGtpbGltYW5qYXJvfGVufDB8MHx8fDE3ODczODA5ODF8MA	Amboseli, Kenya	Gabriel Schumacher	gabriels501	#7f959e	#88b3e2
world-scenery	sefmRllMoDk	/photo-1740928507728-841d214e1b3c?ixid=M3wxMjA3fDB8MXxzZWFyY2h8N3x8YW1ib3NlbGklMjBrZW55YSUyMGVsZXBoYW50cyUyMGtpbGltYW5qYXJvfGVufDB8MHx8fDE3ODczODA5ODF8MA	Amboseli, Kenya	Simone Dinoia	simonedna	#b9afa8	#b79269
world-scenery	TSmHH4Jmws8	/photo-1675775254618-3d5e819f33b9?ixid=M3wxMjA3fDB8MXxzZWFyY2h8OHx8YW1ib3NlbGklMjBrZW55YSUyMGVsZXBoYW50cyUyMGtpbGltYW5qYXJvfGVufDB8MHx8fDE3ODczODA5ODF8MA	Amboseli, Kenya	Amanda Bonny	amandabonny02	#9a9b9f	#796a56
world-scenery	c_g1U0XKiFg	/photo-1602579350028-3b6e757e379c?ixid=M3wxMjA3fDB8MXxzZWFyY2h8M3x8ZGlhbmklMjBiZWFjaCUyMGtlbnlhfGVufDB8MHx8fDE3ODczODA5ODJ8MA	Diani Beach, Kenya	Timothy K	t_kiman	#768581	#374537
world-scenery	JABUL7Ve_gg	/photo-1561190717-706e279f40a8?ixid=M3wxMjA3fDB8MXxzZWFyY2h8NHx8ZGlhbmklMjBiZWFjaCUyMGtlbnlhfGVufDB8MHx8fDE3ODczODA5ODJ8MA	Diani Beach, Kenya	Michael Mole	michael254	#676664	#585836
world-scenery	fU64hPNr50A	/photo-1664093671757-df1b2a7bb5da?ixid=M3wxMjA3fDB8MXxzZWFyY2h8NXx8ZGlhbmklMjBiZWFjaCUyMGtlbnlhfGVufDB8MHx8fDE3ODczODA5ODJ8MA	Diani Beach, Kenya	imsogabriel stock	imsogabriel	#759cad	#5589bb
world-scenery	_5zzNSpeJ_I	/photo-1598264465421-f0f5b488b679?ixid=M3wxMjA3fDB8MXxzZWFyY2h8Nnx8ZGlhbmklMjBiZWFjaCUyMGtlbnlhfGVufDB8MHx8fDE3ODczODA5ODJ8MA	Diani Beach, Kenya	Nadine Murphy	nisaac01	#a1a8a1	#a7d8ea
world-scenery	GbxLfKvHrXs	/photo-1668622471932-d719f5776147?ixid=M3wxMjA3fDB8MXxzZWFyY2h8M3x8YndpbmRpJTIwZm9yZXN0JTIwdWdhbmRhJTIwbWlzdHxlbnwwfDB8fHwxNzg3MzgwOTgzfDA	Bwindi Forest, Uganda	Huzair Shafiq	uzair544	#636c67	#0a1716
world-scenery	WJb-xJq-Ze8	/photo-1598372864207-fc74557a2350?ixid=M3wxMjA3fDB8MXxzZWFyY2h8NHx8YndpbmRpJTIwZm9yZXN0JTIwdWdhbmRhJTIwbWlzdHxlbnwwfDB8fHwxNzg3MzgwOTgzfDA	Bwindi Forest, Uganda	Bike and Boat Motorcycle Tours	bikeandboat	#687155	#3a4727
world-scenery	pPkrf7-iYVo	/photo-1594068337983-b24ff1207b1b?ixid=M3wxMjA3fDB8MXxzZWFyY2h8NXx8YndpbmRpJTIwZm9yZXN0JTIwdWdhbmRhJTIwbWlzdHxlbnwwfDB8fHwxNzg3MzgwOTgzfDA	Bwindi Forest, Uganda	Julie Ricard	jricard	#636a6a	#2a3533
world-scenery	mJnpEarytNA	/photo-1551357141-d6488e9d2c86?ixid=M3wxMjA3fDB8MXxzZWFyY2h8Nnx8YndpbmRpJTIwZm9yZXN0JTIwdWdhbmRhJTIwbWlzdHxlbnwwfDB8fHwxNzg3MzgwOTgzfDA	Bwindi Forest, Uganda	Random Institute	randominstitute	#656c51	#596645
world-scenery	4MoRgY7H42s	/photo-1651860282296-47055c68580e?ixid=M3wxMjA3fDB8MXxzZWFyY2h8M3x8dm9sY2Fub2VzJTIwbmF0aW9uYWwlMjBwYXJrJTIwcndhbmRhfGVufDB8MHx8fDE3ODczODA5ODR8MA	Volcanoes National Park, Rwanda	Andrew Molo	molosocial	#617770	#263917
world-scenery	iRCy13kFPwI	/photo-1667504319000-8133f9021cf8?ixid=M3wxMjA3fDB8MXxzZWFyY2h8NHx8dm9sY2Fub2VzJTIwbmF0aW9uYWwlMjBwYXJrJTIwcndhbmRhfGVufDB8MHx8fDE3ODczODA5ODR8MA	Volcanoes National Park, Rwanda	Emmy Shingiro	eshingiro	#7f876b	#879665
world-scenery	mLkzI_hYPpA	/photo-1682773083915-5375145f99e5?ixid=M3wxMjA3fDB8MXxzZWFyY2h8NXx8dm9sY2Fub2VzJTIwbmF0aW9uYWwlMjBwYXJrJTIwcndhbmRhfGVufDB8MHx8fDE3ODczODA5ODR8MA	Volcanoes National Park, Rwanda	Tobias Doering	doeringphotograpy	#878572	#595609
world-scenery	1ihYfuwRZds	/photo-1682773083896-95176d8aecf8?ixid=M3wxMjA3fDB8MXxzZWFyY2h8Nnx8dm9sY2Fub2VzJTIwbmF0aW9uYWwlMjBwYXJrJTIwcndhbmRhfGVufDB8MHx8fDE3ODczODA5ODR8MA	Volcanoes National Park, Rwanda	Tobias Doering	doeringphotograpy	#a9ac9f	#f4f4f7
world-scenery	YPLosSc3w6A	/photo-1624314138470-5a2f24623f10?ixid=M3wxMjA3fDB8MXxzZWFyY2h8Nnx8c2ltaWVuJTIwbW91bnRhaW5zJTIwZXRoaW9waWF8ZW58MHwwfHx8MTc4NzM4MDk4NXww	Simien Mountains, Ethiopia	Yohannes Minas	yohannesminas	#568aaa	#57a7e4
world-scenery	kUzXgJ3-ThA	/photo-1573403092240-26095e118918?ixid=M3wxMjA3fDB8MXxzZWFyY2h8N3x8c2ltaWVuJTIwbW91bnRhaW5zJTIwZXRoaW9waWF8ZW58MHwwfHx8MTc4NzM4MDk4NXww	Simien Mountains, Ethiopia	Daniele Levis Pelusi	yogidan2012	#5c6c6b	#182623
world-scenery	TgaK_57wRWU	/photo-1573404353091-bd68e3010d73?ixid=M3wxMjA3fDB8MXxzZWFyY2h8OHx8c2ltaWVuJTIwbW91bnRhaW5zJTIwZXRoaW9waWF8ZW58MHwwfHx8MTc4NzM4MDk4NXww	Simien Mountains, Ethiopia	Daniele Levis Pelusi	yogidan2012	#90a0b4	#6a95c3
world-scenery	-C5cJ41YPDg	/photo-1614981816670-3e65f4cfdb28?ixid=M3wxMjA3fDB8MXxzZWFyY2h8MTB8fHNpbWllbiUyMG1vdW50YWlucyUyMGV0aGlvcGlhfGVufDB8MHx8fDE3ODczODA5ODV8MA	Simien Mountains, Ethiopia	Gift Habeshaw	gift_habeshaw	#c9b99f	#f7ebd8
world-scenery	93TZ4UGwh84	/photo-1614852897475-6533db8f3564?ixid=M3wxMjA3fDB8MXxzZWFyY2h8NHx8bGFsaWJlbGElMjBldGhpb3BpYSUyMHJvY2slMjBjaHVyY2h8ZW58MHwwfHx8MTc4NzM4MDk4Nnww	Lalibela, Ethiopia	fame of God studios	fameofgodstudios_1	#d09d89	#e57849
world-scenery	jH7HIUO9UPA	/photo-1679757212876-fecab603a806?ixid=M3wxMjA3fDB8MXxzZWFyY2h8Nnx8bGFsaWJlbGElMjBldGhpb3BpYSUyMHJvY2slMjBjaHVyY2h8ZW58MHwwfHx8MTc4NzM4MDk4Nnww	Lalibela, Ethiopia	Veronika Wölfelová	elishawolf	#5e6f83	#4786d6
world-scenery	TncwYWGb4ok	/photo-1696927444323-a4fecc31de82?ixid=M3wxMjA3fDB8MXxzZWFyY2h8N3x8bGFsaWJlbGElMjBldGhpb3BpYSUyMHJvY2slMjBjaHVyY2h8ZW58MHwwfHx8MTc4NzM4MDk4Nnww	Lalibela, Ethiopia	Ravishka Samarakoon	ravishka99	#7a7065	#585954
world-scenery	P95L1AIVay8	/photo-1566653222777-67960bfe6088?ixid=M3wxMjA3fDB8MXxzZWFyY2h8OHx8bGFsaWJlbGElMjBldGhpb3BpYSUyMHJvY2slMjBjaHVyY2h8ZW58MHwwfHx8MTc4NzM4MDk4Nnww	Lalibela, Ethiopia	Jonathan Borba	jonathanborba	#9a9996	#a7b6bb
world-scenery	VgQVWNTuQFg	/photo-1627764409592-6c8e514e8ff5?ixid=M3wxMjA3fDB8MXxzZWFyY2h8M3x8b2thdmFuZ28lMjBkZWx0YSUyMGJvdHN3YW5hJTIwYWVyaWFsfGVufDB8MHx8fDE3ODczODA5ODd8MA	Okavango Delta, Botswana	Maria Baltazzi	happy1sojourn	#376c8f	#0069b7
world-scenery	fG9ay5fcIYI	/photo-1704236153953-5d4a7ad5a456?ixid=M3wxMjA3fDB8MXxzZWFyY2h8NHx8b2thdmFuZ28lMjBkZWx0YSUyMGJvdHN3YW5hJTIwYWVyaWFsfGVufDB8MHx8fDE3ODczODA5ODd8MA	Okavango Delta, Botswana	Sheila C	qld_traveller	#976746	#a67657
world-scenery	ZURBFcstPbE	/photo-1655981653521-b1202465b180?ixid=M3wxMjA3fDB8MXxzZWFyY2h8NXx8b2thdmFuZ28lMjBkZWx0YSUyMGJvdHN3YW5hJTIwYWVyaWFsfGVufDB8MHx8fDE3ODczODA5ODd8MA	Okavango Delta, Botswana	Ajeet Panesar	ajeetpanesarphotography	#728083	#77a4d7
world-scenery	7zDHJ5EuKAo	/photo-1627759501315-28407b7cac86?ixid=M3wxMjA3fDB8MXxzZWFyY2h8Nnx8b2thdmFuZ28lMjBkZWx0YSUyMGJvdHN3YW5hJTIwYWVyaWFsfGVufDB8MHx8fDE3ODczODA5ODd8MA	Okavango Delta, Botswana	Maria Baltazzi	happy1sojourn	#797e7e	#788796
world-scenery	XDCsdbedmug	/photo-1759221947568-240243ee9b3a?ixid=M3wxMjA3fDB8MXxzZWFyY2h8NHx8bWFrZ2FkaWtnYWRpJTIwc2FsdCUyMHBhbnMlMjBib3Rzd2FuYXxlbnwwfDB8fHwxNzg3MzgwOTg4fDA	Makgadikgadi, Botswana	Ed Wingate	ed_wingate	#c5b4ad	#c8bab6
world-scenery	xegy8TBmpdk	/photo-1759220842372-59ea95019103?ixid=M3wxMjA3fDB8MXxzZWFyY2h8Nnx8bWFrZ2FkaWtnYWRpJTIwc2FsdCUyMHBhbnMlMjBib3Rzd2FuYXxlbnwwfDB8fHwxNzg3MzgwOTg4fDA	Makgadikgadi, Botswana	Ed Wingate	ed_wingate	#705c56	#271715
world-scenery	v08oVTD7Vyc	/photo-1759221947500-fa0d5d4e0e1d?ixid=M3wxMjA3fDB8MXxzZWFyY2h8N3x8bWFrZ2FkaWtnYWRpJTIwc2FsdCUyMHBhbnMlMjBib3Rzd2FuYXxlbnwwfDB8fHwxNzg3MzgwOTg4fDA	Makgadikgadi, Botswana	Ed Wingate	ed_wingate	#d9c8b5	#c69a65
world-scenery	5ivygO4VOos	/photo-1759221947882-4d2f744f16f2?ixid=M3wxMjA3fDB8MXxzZWFyY2h8OHx8bWFrZ2FkaWtnYWRpJTIwc2FsdCUyMHBhbnMlMjBib3Rzd2FuYXxlbnwwfDB8fHwxNzg3MzgwOTg4fDA	Makgadikgadi, Botswana	Ed Wingate	ed_wingate	#cab5a3	#c59a65
world-scenery	uC3__aFQFnA	/photo-1619029383069-21d494034ed7?ixid=M3wxMjA3fDB8MXxzZWFyY2h8NHx8dmljdG9yaWElMjBmYWxscyUyMHppbWJhYndlfGVufDB8MHx8fDE3ODczODA5ODl8MA	Victoria Falls, Zimbabwe	Datingscout	datingscout	#848e94	#8798a6
world-scenery	nsm-gUKDMeQ	/photo-1674573606969-0b0403e6fce1?ixid=M3wxMjA3fDB8MXxzZWFyY2h8Nnx8dmljdG9yaWElMjBmYWxscyUyMHppbWJhYndlfGVufDB8MHx8fDE3ODczODA5ODl8MA	Victoria Falls, Zimbabwe	Ian Mackey	ianmackey	#5a6165	#5983b7
world-scenery	ELO9ynmwmBE	/photo-1650470200336-2f02e404976c?ixid=M3wxMjA3fDB8MXxzZWFyY2h8N3x8dmljdG9yaWElMjBmYWxscyUyMHppbWJhYndlfGVufDB8MHx8fDE3ODczODA5ODl8MA	Victoria Falls, Zimbabwe	Datingjungle	datingjungle	#939895	#788389
world-scenery	LaR0wA7litI	/photo-1696652697930-6c9b0a91174c?ixid=M3wxMjA3fDB8MXxzZWFyY2h8OHx8dmljdG9yaWElMjBmYWxscyUyMHppbWJhYndlfGVufDB8MHx8fDE3ODczODA5ODl8MA	Victoria Falls, Zimbabwe	Vince Russell	russmail	#88949d	#454a56
world-scenery	bWE2CLXU0bM	/photo-1645777762248-cd62e0c9149a?ixid=M3wxMjA3fDB8MXxzZWFyY2h8M3x8Ymx5ZGUlMjByaXZlciUyMGNhbnlvbiUyMHNvdXRoJTIwYWZyaWNhfGVufDB8MHx8fDE3ODczODA5OTB8MA	Blyde River Canyon, South Africa	Asher Pardey	asherpardey	#645f5f	#14171a
world-scenery	KUAsjGtvVS4	/photo-1596022344404-4129e03bbe19?ixid=M3wxMjA3fDB8MXxzZWFyY2h8NHx8Ymx5ZGUlMjByaXZlciUyMGNhbnlvbiUyMHNvdXRoJTIwYWZyaWNhfGVufDB8MHx8fDE3ODczODA5OTB8MA	Blyde River Canyon, South Africa	Rodrigo Casañas	rodrigocasanas	#758476	#567587
world-scenery	LXNKbWM6l6Q	/photo-1682354578891-3c60e230168c?ixid=M3wxMjA3fDB8MXxzZWFyY2h8NXx8Ymx5ZGUlMjByaXZlciUyMGNhbnlvbiUyMHNvdXRoJTIwYWZyaWNhfGVufDB8MHx8fDE3ODczODA5OTB8MA	Blyde River Canyon, South Africa	ludovico di giorgi	lyudo1243	#707b7e	#344548
world-scenery	bUOMCTiUymE	/photo-1507274274451-b203cf128a8f?ixid=M3wxMjA3fDB8MXxzZWFyY2h8Nnx8Ymx5ZGUlMjByaXZlciUyMGNhbnlvbiUyMHNvdXRoJTIwYWZyaWNhfGVufDB8MHx8fDE3ODczODA5OTB8MA	Blyde River Canyon, South Africa	Matthias Mullie	matthiasmullie	#7b7063	#a46435
world-scenery	9VTU2GoJPcg	/photo-1566840021286-b26a2e522c7e?ixid=M3wxMjA3fDB8MXxzZWFyY2h8NHx8ZHJha2Vuc2JlcmclMjBzb3V0aCUyMGFmcmljYSUyMG1vdW50YWluc3xlbnwwfDB8fHwxNzg3MzgwOTkxfDA	Drakensberg, South Africa	Arthur Hickinbotham	arthurhick	#936d59	#a75935
world-scenery	ggyOJ5SZrIs	/photo-1606369779314-062ff8ba39f3?ixid=M3wxMjA3fDB8MXxzZWFyY2h8Nnx8ZHJha2Vuc2JlcmclMjBzb3V0aCUyMGFmcmljYSUyMG1vdW50YWluc3xlbnwwfDB8fHwxNzg3MzgwOTkxfDA	Drakensberg, South Africa	Tim Johnson	timalanjohnson	#8d857e	#d3dbe3
world-scenery	bSf2oUlqcEE	/photo-1566840021288-88c4f8877b5f?ixid=M3wxMjA3fDB8MXxzZWFyY2h8N3x8ZHJha2Vuc2JlcmclMjBzb3V0aCUyMGFmcmljYSUyMG1vdW50YWluc3xlbnwwfDB8fHwxNzg3MzgwOTkxfDA	Drakensberg, South Africa	Arthur Hickinbotham	arthurhick	#72756e	#555b46
world-scenery	Th4e1fXfY10	/photo-1566840009607-bc64a59294a1?ixid=M3wxMjA3fDB8MXxzZWFyY2h8OHx8ZHJha2Vuc2JlcmclMjBzb3V0aCUyMGFmcmljYSUyMG1vdW50YWluc3xlbnwwfDB8fHwxNzg3MzgwOTkxfDA	Drakensberg, South Africa	Arthur Hickinbotham	arthurhick	#74695d	#39331c
world-scenery	HMy-NMPMPZM	/photo-1638641568906-857234836cad?ixid=M3wxMjA3fDB8MXxzZWFyY2h8M3x8Y2FwZSUyMHBvaW50JTIwc291dGglMjBhZnJpY2ElMjBjb2FzdHxlbnwwfDB8fHwxNzg3MzgwOTkxfDA	Cape Point, South Africa	Julia Fiander	julia_fiander	#87868c	#c6c5cb
world-scenery	_oUuDZdfPpc	/photo-1663493748406-69984d8715f7?ixid=M3wxMjA3fDB8MXxzZWFyY2h8NHx8Y2FwZSUyMHBvaW50JTIwc291dGglMjBhZnJpY2ElMjBjb2FzdHxlbnwwfDB8fHwxNzg3MzgwOTkxfDA	Cape Point, South Africa	Joshua Kettle	joshuakettle	#97a1a0	#d8e9f8
world-scenery	x-aMZUTxVjo	/photo-1663585805777-167548029c16?ixid=M3wxMjA3fDB8MXxzZWFyY2h8NXx8Y2FwZSUyMHBvaW50JTIwc291dGglMjBhZnJpY2ElMjBjb2FzdHxlbnwwfDB8fHwxNzg3MzgwOTkxfDA	Cape Point, South Africa	Joshua Kettle	joshuakettle	#768185	#a6b8c7
world-scenery	SYN93FM09C8	/photo-1663582080571-b2a6627eb6c4?ixid=M3wxMjA3fDB8MXxzZWFyY2h8Nnx8Y2FwZSUyMHBvaW50JTIwc291dGglMjBhZnJpY2ElMjBjb2FzdHxlbnwwfDB8fHwxNzg3MzgwOTkxfDA	Cape Point, South Africa	Joshua Kettle	joshuakettle	#718188	#575546
world-scenery	2wiMdLDwloI	/photo-1641799218459-5c104b598c53?ixid=M3wxMjA3fDB8MXxzZWFyY2h8Mnx8bmFtYXF1YWxhbmQlMjBzb3V0aCUyMGFmcmljYSUyMGZsb3dlcnN8ZW58MHwwfHx8MTc4NzM4MDk5Mnww	Namaqualand, South Africa	Amy Harrison	amy_harrison	#5c4d2e	#0a0c06
world-scenery	PAZMLdk7q-I	/photo-1641566403725-00dcaa346fae?ixid=M3wxMjA3fDB8MXxzZWFyY2h8NHx8bmFtYXF1YWxhbmQlMjBzb3V0aCUyMGFmcmljYSUyMGZsb3dlcnN8ZW58MHwwfHx8MTc4NzM4MDk5Mnww	Namaqualand, South Africa	Amy Harrison	amy_harrison	#96864b	#a99446
world-scenery	7o8UMRKzxjs	/photo-1641566403450-0e67a9d33d27?ixid=M3wxMjA3fDB8MXxzZWFyY2h8NXx8bmFtYXF1YWxhbmQlMjBzb3V0aCUyMGFmcmljYSUyMGZsb3dlcnN8ZW58MHwwfHx8MTc4NzM4MDk5Mnww	Namaqualand, South Africa	Amy Harrison	amy_harrison	#68603a	#595429
world-scenery	yy4YTJjfpJw	/photo-1641566403608-78794f00a8e0?ixid=M3wxMjA3fDB8MXxzZWFyY2h8Nnx8bmFtYXF1YWxhbmQlMjBzb3V0aCUyMGFmcmljYSUyMGZsb3dlcnN8ZW58MHwwfHx8MTc4NzM4MDk5Mnww	Namaqualand, South Africa	Amy Harrison	amy_harrison	#877425	#877426
world-scenery	DuOeLVG_Y44	/photo-1542524395734-db8f7381a84d?ixid=M3wxMjA3fDB8MXxzZWFyY2h8M3x8YXZlbnVlJTIwb2YlMjBiYW9iYWJzJTIwbWFkYWdhc2NhcnxlbnwwfDB8fHwxNzg3MzgwOTk0fDA	Avenue of the Baobabs, Madagascar	ANTONI SOCIAS	antonisocias	#7d7d7d	#787878
world-scenery	JyN-RZBCwRo	/photo-1597426061335-e50c8697630b?ixid=M3wxMjA3fDB8MXxzZWFyY2h8NHx8YXZlbnVlJTIwb2YlMjBiYW9iYWJzJTIwbWFkYWdhc2NhcnxlbnwwfDB8fHwxNzg3MzgwOTk0fDA	Avenue of the Baobabs, Madagascar	Dmitrii Zhodzishskii	dmitrii_zhodzishskii	#352615	#030000
world-scenery	yPSbirjJWzs	/photo-1558694440-03ade9215d7b?ixid=M3wxMjA3fDB8MXxzZWFyY2h8NXx8YXZlbnVlJTIwb2YlMjBiYW9iYWJzJTIwbWFkYWdhc2NhcnxlbnwwfDB8fHwxNzg3MzgwOTk0fDA	Avenue of the Baobabs, Madagascar	Graphic Node	graphicnode	#a5a3a1	#d8dce5
world-scenery	LXvmcx55wwA	/photo-1781428269702-eee4a2a8bbd8?ixid=M3wxMjA3fDB8MXxzZWFyY2h8M3x8dHNpbmd5JTIwZGUlMjBiZW1hcmFoYSUyMG1hZGFnYXNjYXJ8ZW58MHwwfHx8MTc4NzM4MDk5NHww	Tsingy de Bemaraha, Madagascar	Rafael Peier	rafaelpeier	#72859d	#1968c5
world-scenery	WV4B_aVj0aQ	/photo-1513415563383-4e580ed27a46?ixid=M3wxMjA3fDB8MXxzZWFyY2h8M3x8bGUlMjBtb3JuZSUyMG1hdXJpdGl1cyUyMGFlcmlhbHxlbnwwfDB8fHwxNzg3MzgwOTk1fDA	Le Morne, Mauritius	Xavier Coiffic	xaviercoiffic	#4e7b7e	#003749
world-scenery	PspD54sEtdM	/photo-1687977424023-83e3d3385131?ixid=M3wxMjA3fDB8MXxzZWFyY2h8NHx8bGUlMjBtb3JuZSUyMG1hdXJpdGl1cyUyMGFlcmlhbHxlbnwwfDB8fHwxNzg3MzgwOTk1fDA	Le Morne, Mauritius	Liga Meijere	meijere_liga	#6f888d	#a8b4c7
world-scenery	qRMvVEYWkL8	/photo-1739093199916-062927852ef8?ixid=M3wxMjA3fDB8MXxzZWFyY2h8NXx8bGUlMjBtb3JuZSUyMG1hdXJpdGl1cyUyMGFlcmlhbHxlbnwwfDB8fHwxNzg3MzgwOTk1fDA	Le Morne, Mauritius	Sourabh Adhya	soaringsourabh	#7a909d	#87a7d6
world-scenery	y2PaGvkMek4	/photo-1686740348132-c8883cba00a0?ixid=M3wxMjA3fDB8MXxzZWFyY2h8Nnx8bGUlMjBtb3JuZSUyMG1hdXJpdGl1cyUyMGFlcmlhbHxlbnwwfDB8fHwxNzg3MzgwOTk1fDA	Le Morne, Mauritius	Stephan van de Schootbrugge	stephanvds	#6a778a	#373616
world-scenery	X14ZCSr-ej0	/photo-1701676639172-421b5e0b148b?ixid=M3wxMjA3fDB8MXxzZWFyY2h8NHx8Y2hlZmNoYW91ZW4lMjBtb3JvY2NvJTIwYmx1ZSUyMGNpdHl8ZW58MHwwfHx8MTc4NzM4MDk5N3ww	Chefchaouen, Morocco	Taisha Ellison	taishaephoto	#72a2d4	#87a8d7
world-scenery	dnIWYrliZfU	/photo-1559617519-66f3814bfdb3?ixid=M3wxMjA3fDB8MXxzZWFyY2h8Nnx8Y2hlZmNoYW91ZW4lMjBtb3JvY2NvJTIwYmx1ZSUyMGNpdHl8ZW58MHwwfHx8MTc4NzM4MDk5N3ww	Chefchaouen, Morocco	Elizabeth Gottwald	wanderlustphotography	#7795bd	#4775b6
world-scenery	iRHsQi8PtAs	/photo-1553523291-01a0894446d9?ixid=M3wxMjA3fDB8MXxzZWFyY2h8N3x8Y2hlZmNoYW91ZW4lMjBtb3JvY2NvJTIwYmx1ZSUyMGNpdHl8ZW58MHwwfHx8MTc4NzM4MDk5N3ww	Chefchaouen, Morocco	rigel	rigels	#4d89df	#3787f7
world-scenery	mGstAwG0opU	/photo-1699424495131-ab928183d4f0?ixid=M3wxMjA3fDB8MXxzZWFyY2h8OHx8Y2hlZmNoYW91ZW4lMjBtb3JvY2NvJTIwYmx1ZSUyMGNpdHl8ZW58MHwwfHx8MTc4NzM4MDk5N3ww	Chefchaouen, Morocco	Taisha Ellison	taishaephoto	#898376	#342808
world-scenery	7N0_goOMAKU	/photo-1597662786834-8eea85ad4841?ixid=M3wxMjA3fDB8MXxzZWFyY2h8NHx8YXRsYXMlMjBtb3VudGFpbnMlMjBtb3JvY2NvJTIwdmlsbGFnZXxlbnwwfDB8fHwxNzg3MzgwOTk4fDA	Atlas Mountains, Morocco	Paul Macallan	pemacallan	#645b54	#382716
world-scenery	bi-aQg7MPew	/photo-1575064038796-5f31308aa3e9?ixid=M3wxMjA3fDB8MXxzZWFyY2h8Nnx8YXRsYXMlMjBtb3VudGFpbnMlMjBtb3JvY2NvJTIwdmlsbGFnZXxlbnwwfDB8fHwxNzg3MzgwOTk4fDA	Atlas Mountains, Morocco	Alexandra Borovova	lutien	#867b74	#573825
world-scenery	9bWiMx-RQ9A	/photo-1597823262196-cc7e878d73ce?ixid=M3wxMjA3fDB8MXxzZWFyY2h8N3x8YXRsYXMlMjBtb3VudGFpbnMlMjBtb3JvY2NvJTIwdmlsbGFnZXxlbnwwfDB8fHwxNzg3MzgwOTk4fDA	Atlas Mountains, Morocco	Paul Macallan	pemacallan	#656865	#474628
world-scenery	9J53qlNWVFI	/photo-1673302484771-5a6ad7af0a7c?ixid=M3wxMjA3fDB8MXxzZWFyY2h8OHx8YXRsYXMlMjBtb3VudGFpbnMlMjBtb3JvY2NvJTIwdmlsbGFnZXxlbnwwfDB8fHwxNzg3MzgwOTk4fDA	Atlas Mountains, Morocco	Lisha Riabinina	weekendtripcreator	#565658	#352c24
world-scenery	gdQnsMbhkUs	/photo-1506104489822-562ca25152fe?ixid=M3wxMjA3fDB8MXxzZWFyY2h8M3x8bW9yYWluZSUyMGxha2UlMjBiYW5mZiUyMGNhbmFkYXxlbnwwfDB8fHwxNzg3MzgwOTk5fDA	Moraine Lake, Canada	Redd Francisco	reddfrancisco	#8ca29f	#d6e7e8
world-scenery	6rC8fmNW3pk	/photo-1561134643-668f9057cce4?ixid=M3wxMjA3fDB8MXxzZWFyY2h8NHx8bW9yYWluZSUyMGxha2UlMjBiYW5mZiUyMGNhbmFkYXxlbnwwfDB8fHwxNzg3MzgwOTk5fDA	Moraine Lake, Canada	Jacky Huang	boba4life	#657878	#373923
world-scenery	4l4h5_msufY	/flagged/photo-1561805108-04d5124771dd?ixid=M3wxMjA3fDB8MXxzZWFyY2h8Nnx8bW9yYWluZSUyMGxha2UlMjBiYW5mZiUyMGNhbmFkYXxlbnwwfDB8fHwxNzg3MzgwOTk5fDA	Moraine Lake, Canada	Jelmer Borst	japborst	#5e7896	#95a9d7
world-scenery	K8IlloSJ4fI	/photo-1610878180933-123728745d22?ixid=M3wxMjA3fDB8MXxzZWFyY2h8N3x8bW9yYWluZSUyMGxha2UlMjBiYW5mZiUyMGNhbmFkYXxlbnwwfDB8fHwxNzg3MzgwOTk5fDA	Moraine Lake, Canada	David McLenachan	dmclenachan	#657e8b	#5988d8
world-scenery	1GEY6GsWEk0	/photo-1705351978871-2b3316c25e6d?ixid=M3wxMjA3fDB8MXxzZWFyY2h8M3x8YXJlbmFsJTIwdm9sY2FubyUyMGNvc3RhJTIwcmljYXxlbnwwfDB8fHwxNzg3MzgxMDAwfDA	Arenal, Costa Rica	Daniel Ingersoll	daninger4995	#728483	#3a5604
world-scenery	ej_L8rJEjJg	/photo-1745208746272-8d3b979d5f92?ixid=M3wxMjA3fDB8MXxzZWFyY2h8NHx8YXJlbmFsJTIwdm9sY2FubyUyMGNvc3RhJTIwcmljYXxlbnwwfDB8fHwxNzg3MzgxMDAwfDA	Arenal, Costa Rica	Abhi Verma	abhiver	#7c847b	#373907
world-scenery	-G-HBf6UN48	/photo-1685340475418-c85e32cc2730?ixid=M3wxMjA3fDB8MXxzZWFyY2h8Nnx8YXJlbmFsJTIwdm9sY2FubyUyMGNvc3RhJTIwcmljYXxlbnwwfDB8fHwxNzg3MzgxMDAwfDA	Arenal, Costa Rica	Nisarg Patel	nisargptel	#76807c	#5a6975
world-scenery	dRl8jpI3kls	/photo-1684383311007-7baa94be7951?ixid=M3wxMjA3fDB8MXxzZWFyY2h8N3x8YXJlbmFsJTIwdm9sY2FubyUyMGNvc3RhJTIwcmljYXxlbnwwfDB8fHwxNzg3MzgxMDAwfDA	Arenal, Costa Rica	Owen Hills-Klaus	owenhk	#6e7565	#44481a
world-scenery	Rm1yvSRVTRE	/photo-1605592743932-83d35eec3482?ixid=M3wxMjA3fDB8MXxzZWFyY2h8NHx8eW9zZW1pdGUlMjB2YWxsZXklMjBjYWxpZm9ybmlhfGVufDB8MHx8fDE3ODczODEwMDB8MA	Yosemite Valley, United States	KC Welch	kcwelch330	#6a5d88	#182b66
world-scenery	gsh-RsCnLKQ	/photo-1429516387459-9891b7b96c78?ixid=M3wxMjA3fDB8MXxzZWFyY2h8Nnx8eW9zZW1pdGUlMjB2YWxsZXklMjBjYWxpZm9ybmlhfGVufDB8MHx8fDE3ODczODEwMDB8MA	Yosemite Valley, United States	Yang🙋‍♂️🙏❤️ Song	starsy	#706f77	#88b8d5
world-scenery	hb09G5FZG5k	/photo-1563256919-c093646a6a0e?ixid=M3wxMjA3fDB8MXxzZWFyY2h8N3x8eW9zZW1pdGUlMjB2YWxsZXklMjBjYWxpZm9ybmlhfGVufDB8MHx8fDE3ODczODEwMDB8MA	Yosemite Valley, United States	Mick Haupt	rocinante_11	#5c6e6e	#3a63a8
world-scenery	OJ02cQHePds	/photo-1610147323479-a7fb11ffd5dd?ixid=M3wxMjA3fDB8MXxzZWFyY2h8OHx8eW9zZW1pdGUlMjB2YWxsZXklMjBjYWxpZm9ybmlhfGVufDB8MHx8fDE3ODczODEwMDB8MA	Yosemite Valley, United States	max pruvost	acquireapp	#778f9a	#6b94c8
world-scenery	3jnbdgJcAmk	/photo-1591823600156-25dfdce98423?ixid=M3wxMjA3fDB8MXxzZWFyY2h8NHx8Z3JhbmQlMjBjYW55b24lMjBhcml6b25hJTIwc3VucmlzZXxlbnwwfDB8fHwxNzg3MzgxMDAxfDA	Grand Canyon, United States	Florian Wehde	florianwehde	#a46a55	#884a38
world-scenery	4nHRE8rotvM	/photo-1593435713715-c35a9201cfbd?ixid=M3wxMjA3fDB8MXxzZWFyY2h8Nnx8Z3JhbmQlMjBjYW55b24lMjBhcml6b25hJTIwc3VucmlzZXxlbnwwfDB8fHwxNzg3MzgxMDAxfDA	Grand Canyon, United States	Andrey Bond	andreybond	#614442	#28130b
world-scenery	Jr4MONhwLgg	/photo-1499875872124-7bc3e1d90c17?ixid=M3wxMjA3fDB8MXxzZWFyY2h8N3x8Z3JhbmQlMjBjYW55b24lMjBhcml6b25hJTIwc3VucmlzZXxlbnwwfDB8fHwxNzg3MzgxMDAxfDA	Grand Canyon, United States	Dayne Topkin	dtopkin1	#663f3b	#563339
world-scenery	Q2mY-NDXpuc	/photo-1669937911016-6ad7483a2415?ixid=M3wxMjA3fDB8MXxzZWFyY2h8OHx8Z3JhbmQlMjBjYW55b24lMjBhcml6b25hJTIwc3VucmlzZXxlbnwwfDB8fHwxNzg3MzgxMDAxfDA	Grand Canyon, United States	Gigin Krishnan	giginkrishnan	#90776f	#664736
world-scenery	kU5v88i0W1U	/photo-1577152005665-426d197d694e?ixid=M3wxMjA3fDB8MXxzZWFyY2h8NHx8bW9udW1lbnQlMjB2YWxsZXklMjBhcml6b25hJTIwdXRhaHxlbnwwfDB8fHwxNzg3MzgxMDAyfDA	Monument Valley, United States	marc phillips	mphill	#8b868d	#662919
world-scenery	oKZDdU5g7BQ	/photo-1541516342299-a93196e274d8?ixid=M3wxMjA3fDB8MXxzZWFyY2h8Nnx8bW9udW1lbnQlMjB2YWxsZXklMjBhcml6b25hJTIwdXRhaHxlbnwwfDB8fHwxNzg3MzgxMDAyfDA	Monument Valley, United States	Nik Shuliahin 💛💙	tjump	#785d53	#573529
world-scenery	ArSxHmLs9QY	/photo-1498252207774-50583342eb33?ixid=M3wxMjA3fDB8MXxzZWFyY2h8N3x8bW9udW1lbnQlMjB2YWxsZXklMjBhcml6b25hJTIwdXRhaHxlbnwwfDB8fHwxNzg3MzgxMDAyfDA	Monument Valley, United States	Mar Bocatcat	marbocatcat	#857b7d	#774635
world-scenery	EsyIO4hYJA0	/photo-1581689942833-c116692b0bba?ixid=M3wxMjA3fDB8MXxzZWFyY2h8OHx8bW9udW1lbnQlMjB2YWxsZXklMjBhcml6b25hJTIwdXRhaHxlbnwwfDB8fHwxNzg3MzgxMDAyfDA	Monument Valley, United States	Mattia Bericchia	mattiabericchia	#b1a59c	#b69567
world-scenery	nlyWZtWTzCo	/photo-1545251142-f32339076e6d?ixid=M3wxMjA3fDB8MXxzZWFyY2h8NHx8bmElMjBwYWxpJTIwY29hc3QlMjBrYXVhaSUyMGhhd2FpaXxlbnwwfDB8fHwxNzg3MzgxMDAzfDA	Na Pali Coast, United States	Luke McKeown	waikatospear	#787e79	#252a27
world-scenery	dhsMqSP0o_s	/photo-1531226208074-94fb5a1bb26c?ixid=M3wxMjA3fDB8MXxzZWFyY2h8Nnx8bmElMjBwYWxpJTIwY29hc3QlMjBrYXVhaSUyMGhhd2FpaXxlbnwwfDB8fHwxNzg3MzgxMDAzfDA	Na Pali Coast, United States	J dG	vultured	#4b6e69	#196778
world-scenery	lHJZ2JTxSlI	/photo-1553787762-b5f5721f3270?ixid=M3wxMjA3fDB8MXxzZWFyY2h8N3x8bmElMjBwYWxpJTIwY29hc3QlMjBrYXVhaSUyMGhhd2FpaXxlbnwwfDB8fHwxNzg3MzgxMDAzfDA	Na Pali Coast, United States	Pascal Debrunner	debrupas	#4e5a58	#186977
world-scenery	Jat5D3lH_FA	/photo-1553301139-3c610dd5b1cb?ixid=M3wxMjA3fDB8MXxzZWFyY2h8OHx8bmElMjBwYWxpJTIwY29hc3QlMjBrYXVhaSUyMGhhd2FpaXxlbnwwfDB8fHwxNzg3MzgxMDAzfDA	Na Pali Coast, United States	Roberto Nickson	rpnickson	#5f6467	#014668
world-scenery	WlPVhbW1DNg	/photo-1544143779-6afcefd7ac46?ixid=M3wxMjA3fDB8MXxzZWFyY2h8NHx8ZGVuYWxpJTIwYWxhc2thJTIwbW91bnRhaW58ZW58MHwwfHx8MTc4NzM4MTAwNHww	Denali, United States	Sandra Seitamaa	seitamaaphotography	#5f6e6d	#152628
world-scenery	wMhj9icaHhA	/photo-1604180989431-aa4e1ab13847?ixid=M3wxMjA3fDB8MXxzZWFyY2h8Nnx8ZGVuYWxpJTIwYWxhc2thJTIwbW91bnRhaW58ZW58MHwwfHx8MTc4NzM4MTAwNHww	Denali, United States	Patrick Federi	federi	#6f838f	#548cb2
world-scenery	aIeoLm6Zcrc	/photo-1603204043962-f1562f2ea562?ixid=M3wxMjA3fDB8MXxzZWFyY2h8N3x8ZGVuYWxpJTIwYWxhc2thJTIwbW91bnRhaW58ZW58MHwwfHx8MTc4NzM4MTAwNHww	Denali, United States	John Thomas	capturelight	#8a8c89	#37351a
world-scenery	ZtOcWht8r34	/photo-1614891264575-4385b57101c9?ixid=M3wxMjA3fDB8MXxzZWFyY2h8OHx8ZGVuYWxpJTIwYWxhc2thJTIwbW91bnRhaW58ZW58MHwwfHx8MTc4NzM4MTAwNHww	Denali, United States	Landon Arnold	landonarnold	#625e8a	#555a86
world-scenery	9yHgsg4ik2k	/photo-1690982951685-2b1d4cd62e02?ixid=M3wxMjA3fDB8MXxzZWFyY2h8NHx8Z2xhY2llciUyMGJheSUyMGFsYXNrYXxlbnwwfDB8fHwxNzg3MzgxMDA0fDA	Glacier Bay, United States	Mick Kirchman	mickkirch	#6f889c	#385a7b
world-scenery	BGczyQfFIhg	/photo-1750526927596-654bdccacc3c?ixid=M3wxMjA3fDB8MXxzZWFyY2h8Nnx8Z2xhY2llciUyMGJheSUyMGFsYXNrYXxlbnwwfDB8fHwxNzg3MzgxMDA0fDA	Glacier Bay, United States	Elvis Liang	vegie_photo	#7a8fa4	#87aaca
world-scenery	7DjAaadx610	/photo-1515001152216-ad31f76102cb?ixid=M3wxMjA3fDB8MXxzZWFyY2h8N3x8Z2xhY2llciUyMGJheSUyMGFsYXNrYXxlbnwwfDB8fHwxNzg3MzgxMDA0fDA	Glacier Bay, United States	Phil Reaves	pointclick17	#8fb0cb	#b7d5e9
world-scenery	UrQDjARU7g8	/photo-1549402213-f13647c11c84?ixid=M3wxMjA3fDB8MXxzZWFyY2h8OHx8Z2xhY2llciUyMGJheSUyMGFsYXNrYXxlbnwwfDB8fHwxNzg3MzgxMDA0fDA	Glacier Bay, United States	Richard Young	ryoung1776	#90a7bc	#7496b6
world-scenery	RYtiT3b7XW4	/photo-1599496507927-9056debd0f0a?ixid=M3wxMjA3fDB8MXxzZWFyY2h8NHx8YW50ZWxvcGUlMjBjYW55b24lMjBhcml6b25hJTIwbGlnaHR8ZW58MHwwfHx8MTc4NzM4MTAwNXww	Antelope Canyon, United States	Peter Olexa	deeezyfree	#4f423d	#2a2624
world-scenery	gQZTOtbD2Js	/photo-1488456682038-659fb6e7ddf7?ixid=M3wxMjA3fDB8MXxzZWFyY2h8Nnx8YW50ZWxvcGUlMjBjYW55b24lMjBhcml6b25hJTIwbGlnaHR8ZW58MHwwfHx8MTc4NzM4MTAwNXww	Antelope Canyon, United States	Paul Van Cotthem	paulvancotthem	#a85a45	#a65a45
world-scenery	_6d-Hgu0Wdo	/photo-1512428197675-daae5d4e1e43?ixid=M3wxMjA3fDB8MXxzZWFyY2h8N3x8YW50ZWxvcGUlMjBjYW55b24lMjBhcml6b25hJTIwbGlnaHR8ZW58MHwwfHx8MTc4NzM4MTAwNXww	Antelope Canyon, United States	Nicolas Cool	shotz	#3f4040	#262224
world-scenery	qvO4yjZo-Mc	/photo-1505521272875-d5f5e1b54f1f?ixid=M3wxMjA3fDB8MXxzZWFyY2h8OHx8YW50ZWxvcGUlMjBjYW55b24lMjBhcml6b25hJTIwbGlnaHR8ZW58MHwwfHx8MTc4NzM4MTAwNXww	Antelope Canyon, United States	Madhu Shesharam	madhu_shesharam	#642411	#782707
world-scenery	vXE-KMYj894	/photo-1647571147007-ab383cc8a409?ixid=M3wxMjA3fDB8MXxzZWFyY2h8M3x8bWFyb29uJTIwYmVsbHMlMjBjb2xvcmFkbyUyMGF1dHVtbnxlbnwwfDB8fHwxNzg3MzgxMDA2fDA	Maroon Bells, United States	Michael Kirsh	michaelkirsh	#b29b74	#68a7f4
world-scenery	Jn8N5TSzjXo	/photo-1735529973735-f985141078ee?ixid=M3wxMjA3fDB8MXxzZWFyY2h8NHx8bWFyb29uJTIwYmVsbHMlMjBjb2xvcmFkbyUyMGF1dHVtbnxlbnwwfDB8fHwxNzg3MzgxMDA2fDA	Maroon Bells, United States	Dennis Haug	dennisjhaug	#686a5d	#786516
world-scenery	xgdNBF3ijOQ	/photo-1647291937569-26507d105455?ixid=M3wxMjA3fDB8MXxzZWFyY2h8NXx8bWFyb29uJTIwYmVsbHMlMjBjb2xvcmFkbyUyMGF1dHVtbnxlbnwwfDB8fHwxNzg3MzgxMDA2fDA	Maroon Bells, United States	David Wirzba	psalms	#65685f	#4499f9
world-scenery	n9YP5owLh1M	/photo-1649823700595-6cc9313bb2e9?ixid=M3wxMjA3fDB8MXxzZWFyY2h8Nnx8bWFyb29uJTIwYmVsbHMlMjBjb2xvcmFkbyUyMGF1dHVtbnxlbnwwfDB8fHwxNzg3MzgxMDA2fDA	Maroon Bells, United States	Michael Kirsh	michaelkirsh	#ac956b	#6799e4
world-scenery	Tix_89QaKVY	/photo-1607550315608-257a07a8b132?ixid=M3wxMjA3fDB8MXxzZWFyY2h8NHx8eWVsbG93c3RvbmUlMjBncmFuZCUyMHByaXNtYXRpYyUyMHNwcmluZ3xlbnwwfDB8fHwxNzg3MzgxMDA3fDA	Yellowstone, United States	Denys Nevozhai	dnevozhai	#848583	#878688
world-scenery	JKTkNHZiJ8Y	/photo-1600218626575-7c7af2c30781?ixid=M3wxMjA3fDB8MXxzZWFyY2h8Nnx8eWVsbG93c3RvbmUlMjBncmFuZCUyMHByaXNtYXRpYyUyMHNwcmluZ3xlbnwwfDB8fHwxNzg3MzgxMDA3fDA	Yellowstone, United States	Laminda Nickla	lknickla	#9d8f83	#c88655
world-scenery	nnfmWbJjkzc	/photo-1651076478061-7d730cfe457f?ixid=M3wxMjA3fDB8MXxzZWFyY2h8N3x8eWVsbG93c3RvbmUlMjBncmFuZCUyMHByaXNtYXRpYyUyMHNwcmluZ3xlbnwwfDB8fHwxNzg3MzgxMDA3fDA	Yellowstone, United States	Nandita Damaraju	ndam	#726e71	#0078a8
world-scenery	KFSSqybTy7U	/photo-1563642417016-e6b3abadd931?ixid=M3wxMjA3fDB8MXxzZWFyY2h8OHx8eWVsbG93c3RvbmUlMjBncmFuZCUyMHByaXNtYXRpYyUyMHNwcmluZ3xlbnwwfDB8fHwxNzg3MzgxMDA3fDA	Yellowstone, United States	Seth Cottle	sethcottle	#747888	#4a76b8
world-scenery	C8c1uRQnYUU	/photo-1503276119451-51ac0fdc4668?ixid=M3wxMjA3fDB8MXxzZWFyY2h8NHx8YmlnJTIwc3VyJTIwY2FsaWZvcm5pYSUyMGNvYXN0fGVufDB8MHx8fDE3ODczODEwMDd8MA	Big Sur, United States	Shelby White	shelbywhite_iv	#7e9793	#155759
world-scenery	o-UODeUeBuM	/photo-1561084195-ee7372303a19?ixid=M3wxMjA3fDB8MXxzZWFyY2h8Nnx8YmlnJTIwc3VyJTIwY2FsaWZvcm5pYSUyMGNvYXN0fGVufDB8MHx8fDE3ODczODEwMDd8MA	Big Sur, United States	Sasha • Make Stories Studio	sanfrancisco	#9f9787	#a7895a
world-scenery	1PdQ1NAL2aU	/photo-1538506247757-b6717f941759?ixid=M3wxMjA3fDB8MXxzZWFyY2h8N3x8YmlnJTIwc3VyJTIwY2FsaWZvcm5pYSUyMGNvYXN0fGVufDB8MHx8fDE3ODczODEwMDd8MA	Big Sur, United States	Robert Bye	robertbye	#738185	#597786
world-scenery	A_KiJ0GrK8w	/photo-1565619633668-cabd457602d2?ixid=M3wxMjA3fDB8MXxzZWFyY2h8OHx8YmlnJTIwc3VyJTIwY2FsaWZvcm5pYSUyMGNvYXN0fGVufDB8MHx8fDE3ODczODEwMDd8MA	Big Sur, United States	Venti Views	ventiviews	#598a94	#578798
world-scenery	GEgleHw8Cg4	/photo-1503040309319-516b4cf9320d?ixid=M3wxMjA3fDB8MXxzZWFyY2h8Mnx8bW91bnQlMjByYWluaWVyJTIwd2FzaGluZ3RvbiUyMHdpbGRmbG93ZXJzfGVufDB8MHx8fDE3ODczODEwMDh8MA	Mount Rainier, United States	Liana Mikah	lianamikah	#908473	#574527
world-scenery	OcfSHwxaU4I	/photo-1578575737601-bd8f2557550c?ixid=M3wxMjA3fDB8MXxzZWFyY2h8M3x8bW91bnQlMjByYWluaWVyJTIwd2FzaGluZ3RvbiUyMHdpbGRmbG93ZXJzfGVufDB8MHx8fDE3ODczODEwMDh8MA	Mount Rainier, United States	Andy Li	andylid0	#858c8d	#393327
world-scenery	GrseuMcXqPM	/photo-1525024917383-14967b1980f5?ixid=M3wxMjA3fDB8MXxzZWFyY2h8NHx8bW91bnQlMjByYWluaWVyJTIwd2FzaGluZ3RvbiUyMHdpbGRmbG93ZXJzfGVufDB8MHx8fDE3ODczODEwMDh8MA	Mount Rainier, United States	John Price	johnprice	#92897b	#575405
world-scenery	9ptEex2aQXw	/photo-1675794211734-6033ed90ecd2?ixid=M3wxMjA3fDB8MXxzZWFyY2h8Nnx8bW91bnQlMjByYWluaWVyJTIwd2FzaGluZ3RvbiUyMHdpbGRmbG93ZXJzfGVufDB8MHx8fDE3ODczODEwMDh8MA	Mount Rainier, United States	Steve & Barb Sande	steve_barb_sande	#537371	#0179e5
world-scenery	d29AItxjEZ8	/photo-1601721360246-b6d69bc3bf81?ixid=M3wxMjA3fDB8MXxzZWFyY2h8NHx8Y3JhdGVyJTIwbGFrZSUyMG9yZWdvbnxlbnwwfDB8fHwxNzg3MzgxMDA5fDA	Crater Lake, United States	Hasmik Ghazaryan Olson	find_something_pretty_everyday	#7893aa	#549bd5
world-scenery	YzTEUX1BKjI	/photo-1602542978246-ba9a27665570?ixid=M3wxMjA3fDB8MXxzZWFyY2h8NXx8Y3JhdGVyJTIwbGFrZSUyMG9yZWdvbnxlbnwwfDB8fHwxNzg3MzgxMDA5fDA	Crater Lake, United States	Harika G	harika1017	#425e87	#4a77c7
world-scenery	A--cz3cxstI	/photo-1472005991841-b135020cad7c?ixid=M3wxMjA3fDB8MXxzZWFyY2h8Nnx8Y3JhdGVyJTIwbGFrZSUyMG9yZWdvbnxlbnwwfDB8fHwxNzg3MzgxMDA5fDA	Crater Lake, United States	Vlad Shapochnikov	vladshap	#697896	#566b95
world-scenery	j533Z61ZqQs	/photo-1657469080409-54c5d64f4d87?ixid=M3wxMjA3fDB8MXxzZWFyY2h8N3x8Y3JhdGVyJTIwbGFrZSUyMG9yZWdvbnxlbnwwfDB8fHwxNzg3MzgxMDA5fDA	Crater Lake, United States	Chris Cagle	parksandtrips	#858e99	#c9d7e6
world-scenery	Bx4sTkGJLcc	/photo-1586115040208-aa100177240d?ixid=M3wxMjA3fDB8MXxzZWFyY2h8NHx8YnJ5Y2UlMjBjYW55b24lMjB1dGFoJTIwc3VucmlzZXxlbnwwfDB8fHwxNzg3MzgxMDEwfDA	Bryce Canyon, United States	Leo_Visions	leo_visions_	#977662	#562814
world-scenery	-AHNjBL5VN4	/photo-1712249138085-79dfea8de7dd?ixid=M3wxMjA3fDB8MXxzZWFyY2h8Nnx8YnJ5Y2UlMjBjYW55b24lMjB1dGFoJTIwc3VucmlzZXxlbnwwfDB8fHwxNzg3MzgxMDEwfDA	Bryce Canyon, United States	Rick Meyers	rdmeyers2	#8e7971	#957668
world-scenery	4HIUfjjYPCE	/photo-1709856076226-b433c3fc53c8?ixid=M3wxMjA3fDB8MXxzZWFyY2h8N3x8YnJ5Y2UlMjBjYW55b24lMjB1dGFoJTIwc3VucmlzZXxlbnwwfDB8fHwxNzg3MzgxMDEwfDA	Bryce Canyon, United States	Richard Hedrick	fortuitousfoto	#88968d	#02a6e7
world-scenery	DZQV8a063dM	/photo-1514820654155-15e52b32874e?ixid=M3wxMjA3fDB8MXxzZWFyY2h8OHx8YnJ5Y2UlMjBjYW55b24lMjB1dGFoJTIwc3VucmlzZXxlbnwwfDB8fHwxNzg3MzgxMDEwfDA	Bryce Canyon, United States	Ellis Dieperink	dieperink	#a58570	#a87657
world-scenery	-QbVBqWlOJg	/photo-1576547756401-f9e122d87431?ixid=M3wxMjA3fDB8MXxzZWFyY2h8M3x8YmFuZmYlMjBjYW5hZGElMjBtb3VudGFpbnMlMjBsYWtlfGVufDB8MHx8fDE3ODczODEwMTF8MA	Banff, Canada	Tevin Trinh	tevintrinh	#708b91	#85bbe1
world-scenery	DJyvMB_EgGs	/photo-1602519958552-07eb454c9a78?ixid=M3wxMjA3fDB8MXxzZWFyY2h8Nnx8YmFuZmYlMjBjYW5hZGElMjBtb3VudGFpbnMlMjBsYWtlfGVufDB8MHx8fDE3ODczODEwMTF8MA	Banff, Canada	Mahesh Gupta	snapper542	#6a8f99	#66aaa7
world-scenery	sGptUDSrMVU	/photo-1623423415485-1d36867376b6?ixid=M3wxMjA3fDB8MXxzZWFyY2h8N3x8YmFuZmYlMjBjYW5hZGElMjBtb3VudGFpbnMlMjBsYWtlfGVufDB8MHx8fDE3ODczODEwMTF8MA	Banff, Canada	Annegret Kammer	anneeaway	#586e68	#0a161a
world-scenery	Tr-faG4v38w	/photo-1650493359585-f394207e8460?ixid=M3wxMjA3fDB8MXxzZWFyY2h8OHx8YmFuZmYlMjBjYW5hZGElMjBtb3VudGFpbnMlMjBsYWtlfGVufDB8MHx8fDE3ODczODEwMTF8MA	Banff, Canada	M B	tripleeagle	#5b7e88	#078595
world-scenery	HRsI0j5UWnA	/photo-1596570629816-f006704f54ad?ixid=M3wxMjA3fDB8MXxzZWFyY2h8NHx8amFzcGVyJTIwbmF0aW9uYWwlMjBwYXJrJTIwY2FuYWRhfGVufDB8MHx8fDE3ODczODEwMTF8MA	Jasper, Canada	Eelco Böhtlingk	eelco_bohtlingk	#47747e	#05b6d5
world-scenery	WGED93ww46Y	/photo-1572880405854-d0212e984d16?ixid=M3wxMjA3fDB8MXxzZWFyY2h8Nnx8amFzcGVyJTIwbmF0aW9uYWwlMjBwYXJrJTIwY2FuYWRhfGVufDB8MHx8fDE3ODczODEwMTF8MA	Jasper, Canada	Neil Cooper	neilcoopr	#5f625d	#373527
world-scenery	lWMMq8Hh6Dg	/photo-1565015931955-2febbbdef4b5?ixid=M3wxMjA3fDB8MXxzZWFyY2h8N3x8amFzcGVyJTIwbmF0aW9uYWwlMjBwYXJrJTIwY2FuYWRhfGVufDB8MHx8fDE3ODczODEwMTF8MA	Jasper, Canada	Chi Liu	chiditty	#20646d	#013547
world-scenery	aKKAXH31NBE	/photo-1632351459753-cdad060d9138?ixid=M3wxMjA3fDB8MXxzZWFyY2h8OHx8amFzcGVyJTIwbmF0aW9uYWwlMjBwYXJrJTIwY2FuYWRhfGVufDB8MHx8fDE3ODczODEwMTF8MA	Jasper, Canada	Jacob Vizek	jakevizek	#b5b1a8	#e9e9e6
world-scenery	UiwVgzUpq20	/photo-1612899666705-a50a3e19bebf?ixid=M3wxMjA3fDB8MXxzZWFyY2h8M3x8dG9maW5vJTIwdmFuY291dmVyJTIwaXNsYW5kJTIwY2FuYWRhfGVufDB8MHx8fDE3ODczODEwMTJ8MA	Tofino, Canada	Adrienne Merritt	am3rr1tt	#4f74a5	#3875c9
world-scenery	QKwLjtYIZtw	/photo-1731005501107-d145986ee9d8?ixid=M3wxMjA3fDB8MXxzZWFyY2h8NHx8dG9maW5vJTIwdmFuY291dmVyJTIwaXNsYW5kJTIwY2FuYWRhfGVufDB8MHx8fDE3ODczODEwMTJ8MA	Tofino, Canada	Condor Wei	cwcanchn	#93989b	#84888a
world-scenery	22YRv8YVYhs	/photo-1731006857013-d910b90d8edf?ixid=M3wxMjA3fDB8MXxzZWFyY2h8NXx8dG9maW5vJTIwdmFuY291dmVyJTIwaXNsYW5kJTIwY2FuYWRhfGVufDB8MHx8fDE3ODczODEwMTJ8MA	Tofino, Canada	Condor Wei	cwcanchn	#525a4a	#363827
world-scenery	aBuKMrZi2Os	/photo-1731006989672-a2dabbd87e64?ixid=M3wxMjA3fDB8MXxzZWFyY2h8Nnx8dG9maW5vJTIwdmFuY291dmVyJTIwaXNsYW5kJTIwY2FuYWRhfGVufDB8MHx8fDE3ODczODEwMTJ8MA	Tofino, Canada	Condor Wei	cwcanchn	#767e7c	#798486
world-scenery	wF-uW_kMvZQ	/photo-1696279364261-dd5172c121a2?ixid=M3wxMjA3fDB8MXxzZWFyY2h8M3x8Z3JvcyUyMG1vcm5lJTIwbmV3Zm91bmRsYW5kJTIwY2FuYWRhfGVufDB8MHx8fDE3ODczODEwMTN8MA	Gros Morne, Canada	Carol	kayimi	#8391a3	#66768a
world-scenery	Q4AiY99dxC8	/photo-1567733871707-0ec6bb8a47cc?ixid=M3wxMjA3fDB8MXxzZWFyY2h8NHx8Z3JvcyUyMG1vcm5lJTIwbmV3Zm91bmRsYW5kJTIwY2FuYWRhfGVufDB8MHx8fDE3ODczODEwMTN8MA	Gros Morne, Canada	Timothy Holmes	timholmes	#707f8f	#374856
world-scenery	kINBiKGz_cw	/photo-1567733871799-97d0313210cc?ixid=M3wxMjA3fDB8MXxzZWFyY2h8NXx8Z3JvcyUyMG1vcm5lJTIwbmV3Zm91bmRsYW5kJTIwY2FuYWRhfGVufDB8MHx8fDE3ODczODEwMTN8MA	Gros Morne, Canada	Timothy Holmes	timholmes	#8b9498	#475744
world-scenery	ea7rt1OYAS4	/photo-1696280183642-de830b57fdc0?ixid=M3wxMjA3fDB8MXxzZWFyY2h8Nnx8Z3JvcyUyMG1vcm5lJTIwbmV3Zm91bmRsYW5kJTIwY2FuYWRhfGVufDB8MHx8fDE3ODczODEwMTN8MA	Gros Morne, Canada	Carol	kayimi	#888787	#796547
world-scenery	ZWXTz80KICo	/photo-1777268977436-b5d867a740b9?ixid=M3wxMjA3fDB8MXxzZWFyY2h8M3x8dHVsdW0lMjBtZXhpY28lMjBydWlucyUyMHR1cnF1b2lzZSUyMHNlYXxlbnwwfDB8fHwxNzg3MzgxMDE0fDA	Tulum, Mexico	Laszlo Ove	laszloove	#6f7069	#a9b2c9
world-scenery	PSCaccOsPRs	/photo-1591019064916-1527839e262b?ixid=M3wxMjA3fDB8MXxzZWFyY2h8NHx8dHVsdW0lMjBtZXhpY28lMjBydWlucyUyMHR1cnF1b2lzZSUyMHNlYXxlbnwwfDB8fHwxNzg3MzgxMDE0fDA	Tulum, Mexico	Angela Loria	a_lo	#8095aa	#587ba5
world-scenery	ikKTvfeVP9w	/photo-1780213269501-6d378bdb5208?ixid=M3wxMjA3fDB8MXxzZWFyY2h8NXx8dHVsdW0lMjBtZXhpY28lMjBydWlucyUyMHR1cnF1b2lzZSUyMHNlYXxlbnwwfDB8fHwxNzg3MzgxMDE0fDA	Tulum, Mexico	Margo Evardson	stadinstudio	#7298bb	#2468a8
world-scenery	WGbpM1o2j5I	/photo-1713324332203-db43982f5ca5?ixid=M3wxMjA3fDB8MXxzZWFyY2h8Nnx8dHVsdW0lMjBtZXhpY28lMjBydWlucyUyMHR1cnF1b2lzZSUyMHNlYXxlbnwwfDB8fHwxNzg3MzgxMDE0fDA	Tulum, Mexico	Treasure Scott	tesoro19	#8ba4b7	#668799
world-scenery	9Cw2hovdN6c	/photo-1762316175190-c4e118f5212a?ixid=M3wxMjA3fDB8MXxzZWFyY2h8M3x8c3VtaWRlcm8lMjBjYW55b24lMjBjaGlhcGFzJTIwbWV4aWNvfGVufDB8MHx8fDE3ODczODEwMTV8MA	Sumidero Canyon, Mexico	Isaac Constantino	elaisaak	#495a5f	#0c1a22
world-scenery	W1syhrwypB0	/photo-1762316152162-531d7114d959?ixid=M3wxMjA3fDB8MXxzZWFyY2h8NHx8c3VtaWRlcm8lMjBjYW55b24lMjBjaGlhcGFzJTIwbWV4aWNvfGVufDB8MHx8fDE3ODczODEwMTV8MA	Sumidero Canyon, Mexico	Isaac Constantino	elaisaak	#5e6c6b	#172b26
world-scenery	p7tIX5ifQes	/photo-1762316152233-97b9b339d203?ixid=M3wxMjA3fDB8MXxzZWFyY2h8NXx8c3VtaWRlcm8lMjBjYW55b24lMjBjaGlhcGFzJTIwbWV4aWNvfGVufDB8MHx8fDE3ODczODEwMTV8MA	Sumidero Canyon, Mexico	Isaac Constantino	elaisaak	#394648	#45555b
world-scenery	ZSLqwjuja6g	/photo-1762316152151-69082bfbed59?ixid=M3wxMjA3fDB8MXxzZWFyY2h8Nnx8c3VtaWRlcm8lMjBjYW55b24lMjBjaGlhcGFzJTIwbWV4aWNvfGVufDB8MHx8fDE3ODczODEwMTV8MA	Sumidero Canyon, Mexico	Isaac Constantino	elaisaak	#474948	#050507
world-scenery	Kswnnx95_YU	/photo-1530455235907-0a59ea1e04ea?ixid=M3wxMjA3fDB8MXxzZWFyY2h8NHx8aGllcnZlJTIwZWwlMjBhZ3VhJTIwb2F4YWNhJTIwbWV4aWNvfGVufDB8MHx8fDE3ODczODEwMTZ8MA	Hierve el Agua, Mexico	Matthew Essman	thetruth23	#889271	#878638
world-scenery	8JNAY3kbfpI	/photo-1686448921254-b326a7914d2f?ixid=M3wxMjA3fDB8MXxzZWFyY2h8Nnx8aGllcnZlJTIwZWwlMjBhZ3VhJTIwb2F4YWNhJTIwbWV4aWNvfGVufDB8MHx8fDE3ODczODEwMTZ8MA	Hierve el Agua, Mexico	Anastasiia Malai	anainsomnia	#755548	#59453a
world-scenery	M0lGZK64TuQ	/photo-1675523212590-cf205ac8ad71?ixid=M3wxMjA3fDB8MXxzZWFyY2h8N3x8aGllcnZlJTIwZWwlMjBhZ3VhJTIwb2F4YWNhJTIwbWV4aWNvfGVufDB8MHx8fDE3ODczODEwMTZ8MA	Hierve el Agua, Mexico	Jorge Fernández Salas	jorgefdezsalas	#b1afa6	#f5f6f7
world-scenery	UkeY2wcQUoY	/photo-1571678067041-1ad8be8c8dfc?ixid=M3wxMjA3fDB8MXxzZWFyY2h8OHx8aGllcnZlJTIwZWwlMjBhZ3VhJTIwb2F4YWNhJTIwbWV4aWNvfGVufDB8MHx8fDE3ODczODEwMTZ8MA	Hierve el Agua, Mexico	normi	foreveraein	#4f7094	#2767b7
world-scenery	o1rtV_yUnpw	/photo-1707050955161-6c9b8c07b906?ixid=M3wxMjA3fDB8MXxzZWFyY2h8M3x8bGFrZSUyMGF0aXRsYW4lMjBndWF0ZW1hbGElMjB2b2xjYW5vfGVufDB8MHx8fDE3ODczODEwMTd8MA	Lake Atitlán, Guatemala	Sebastian Herrmann	herrherrmann	#577299	#7695c7
world-scenery	ucS5MEh3_9Y	/photo-1650734837293-b3eade08ae62?ixid=M3wxMjA3fDB8MXxzZWFyY2h8NHx8bGFrZSUyMGF0aXRsYW4lMjBndWF0ZW1hbGElMjB2b2xjYW5vfGVufDB8MHx8fDE3ODczODEwMTd8MA	Lake Atitlán, Guatemala	Christopher Garcia	chrisagarcia	#809ba0	#557c86
world-scenery	njXG1VAl5KE	/photo-1650734837693-7169695a7f79?ixid=M3wxMjA3fDB8MXxzZWFyY2h8NXx8bGFrZSUyMGF0aXRsYW4lMjBndWF0ZW1hbGElMjB2b2xjYW5vfGVufDB8MHx8fDE3ODczODEwMTd8MA	Lake Atitlán, Guatemala	Christopher Garcia	chrisagarcia	#869fa2	#6895a3
world-scenery	5P3fWG4hq98	/photo-1650734837858-2c69b8a1fa9a?ixid=M3wxMjA3fDB8MXxzZWFyY2h8Nnx8bGFrZSUyMGF0aXRsYW4lMjBndWF0ZW1hbGElMjB2b2xjYW5vfGVufDB8MHx8fDE3ODczODEwMTd8MA	Lake Atitlán, Guatemala	Christopher Garcia	chrisagarcia	#739399	#396978
world-scenery	sF4QJIk_Kc0	/photo-1668813610810-3d15364b6af9?ixid=M3wxMjA3fDB8MXxzZWFyY2h8M3x8cm9hdGFuJTIwaG9uZHVyYXMlMjByZWVmJTIwYmVhY2h8ZW58MHwwfHx8MTc4NzM4MTAxOXww	Roatán, Honduras	Chalo Garcia	photosbychalo	#4d778c	#3896e7
world-scenery	KpQZB4RnaSM	/photo-1701280360542-aa0eff182331?ixid=M3wxMjA3fDB8MXxzZWFyY2h8NHx8cm9hdGFuJTIwaG9uZHVyYXMlMjByZWVmJTIwYmVhY2h8ZW58MHwwfHx8MTc4NzM4MTAxOXww	Roatán, Honduras	Héctor Emilio Gonzalez	hectoremilio	#91a39b	#66a4a9
world-scenery	hEgeUaND304	/photo-1668813610797-17d32443c9d3?ixid=M3wxMjA3fDB8MXxzZWFyY2h8NXx8cm9hdGFuJTIwaG9uZHVyYXMlMjByZWVmJTIwYmVhY2h8ZW58MHwwfHx8MTc4NzM4MTAxOXww	Roatán, Honduras	Chalo Garcia	photosbychalo	#4a88ab	#2d85e5
world-scenery	2c4rZrkU-54	/photo-1668813610776-de2cbda657a9?ixid=M3wxMjA3fDB8MXxzZWFyY2h8Nnx8cm9hdGFuJTIwaG9uZHVyYXMlMjByZWVmJTIwYmVhY2h8ZW58MHwwfHx8MTc4NzM4MTAxOXww	Roatán, Honduras	Chalo Garcia	photosbychalo	#6a828a	#98b9d6
world-scenery	Y8s8EQqLxo0	/photo-1562568580-4069f5f8845e?ixid=M3wxMjA3fDB8MXxzZWFyY2h8NHx8Y2Vycm8lMjBuZWdybyUyMHZvbGNhbm8lMjBuaWNhcmFndWF8ZW58MHwwfHx8MTc4NzM4MTAyMHww	Cerro Negro, Nicaragua	Ben Turnbull	emotivephotography	#465553	#060a0b
world-scenery	f4ssVmGLfkc	/photo-1684861474571-8a4f8c3f25d6?ixid=M3wxMjA3fDB8MXxzZWFyY2h8NXx8Y2Vycm8lMjBuZWdybyUyMHZvbGNhbm8lMjBuaWNhcmFndWF8ZW58MHwwfHx8MTc4NzM4MTAyMHww	Cerro Negro, Nicaragua	Austin Curtis	afcurtis	#747875	#0a0c0e
world-scenery	5FdUI0WA34Q	/photo-1632178186859-2c1c2184cd55?ixid=M3wxMjA3fDB8MXxzZWFyY2h8Nnx8Y2Vycm8lMjBuZWdybyUyMHZvbGNhbm8lMjBuaWNhcmFndWF8ZW58MHwwfHx8MTc4NzM4MTAyMHww	Cerro Negro, Nicaragua	Frames For Your Heart	framesforyourheart	#8ca2b5	#468bbb
world-scenery	aXhdK5hqvqg	/photo-1775497403139-4b7f9fd25618?ixid=M3wxMjA3fDB8MXxzZWFyY2h8N3x8Y2Vycm8lMjBuZWdybyUyMHZvbGNhbm8lMjBuaWNhcmFndWF8ZW58MHwwfHx8MTc4NzM4MTAyMHww	Cerro Negro, Nicaragua	Alvison Lucas Hunter Arnuero	alvisonhunter	#8d9a9a	#c4dae5
world-scenery	vrSJKeOiLbE	/photo-1638809782100-e30874e220ea?ixid=M3wxMjA3fDB8MXxzZWFyY2h8NHx8bW9udGV2ZXJkZSUyMGNsb3VkJTIwZm9yZXN0JTIwY29zdGElMjByaWNhfGVufDB8MHx8fDE3ODczODEwMjF8MA	Monteverde, Costa Rica	Frames For Your Heart	framesforyourheart	#77725c	#b8a894
world-scenery	WOPk6ozgRvs	/photo-1701111361992-083d91062fda?ixid=M3wxMjA3fDB8MXxzZWFyY2h8NXx8bW9udGV2ZXJkZSUyMGNsb3VkJTIwZm9yZXN0JTIwY29zdGElMjByaWNhfGVufDB8MHx8fDE3ODczODEwMjF8MA	Monteverde, Costa Rica	Dulce Wilson	sweetywilson	#513e54	#040204
world-scenery	L-O6D_0qmVI	/photo-1639521241641-487221eee5ae?ixid=M3wxMjA3fDB8MXxzZWFyY2h8Nnx8bW9udGV2ZXJkZSUyMGNsb3VkJTIwZm9yZXN0JTIwY29zdGElMjByaWNhfGVufDB8MHx8fDE3ODczODEwMjF8MA	Monteverde, Costa Rica	Frames For Your Heart	framesforyourheart	#685a4e	#473937
world-scenery	eWc0BlIluRQ	/photo-1640715436534-42237c38bd03?ixid=M3wxMjA3fDB8MXxzZWFyY2h8N3x8bW9udGV2ZXJkZSUyMGNsb3VkJTIwZm9yZXN0JTIwY29zdGElMjByaWNhfGVufDB8MHx8fDE3ODczODEwMjF8MA	Monteverde, Costa Rica	Frames For Your Heart	framesforyourheart	#79706a	#1a121c
world-scenery	A-cPRe2fvoo	/photo-1670342489229-592468ada0be?ixid=M3wxMjA3fDB8MXxzZWFyY2h8M3x8Ym9jYXMlMjBkZWwlMjB0b3JvJTIwcGFuYW1hJTIwaXNsYW5kc3xlbnwwfDB8fHwxNzg3MzgxMDIyfDA	Bocas del Toro, Panama	ryan doyle	rdoyle99	#666765	#383429
world-scenery	dToYAd7Dl0w	/photo-1646015118912-3c37aacbd626?ixid=M3wxMjA3fDB8MXxzZWFyY2h8NHx8Ym9jYXMlMjBkZWwlMjB0b3JvJTIwcGFuYW1hJTIwaXNsYW5kc3xlbnwwfDB8fHwxNzg3MzgxMDIyfDA	Bocas del Toro, Panama	Azzedine Rouichi	rouichi	#7f7065	#784413
world-scenery	xjYSmFBrdgY	/photo-1646017345777-883cc13aec80?ixid=M3wxMjA3fDB8MXxzZWFyY2h8NXx8Ym9jYXMlMjBkZWwlMjB0b3JvJTIwcGFuYW1hJTIwaXNsYW5kc3xlbnwwfDB8fHwxNzg3MzgxMDIyfDA	Bocas del Toro, Panama	Azzedine Rouichi	rouichi	#747472	#cb9a65
world-scenery	YDB3mIgZZgo	/photo-1646017838294-9cfc4f340099?ixid=M3wxMjA3fDB8MXxzZWFyY2h8Nnx8Ym9jYXMlMjBkZWwlMjB0b3JvJTIwcGFuYW1hJTIwaXNsYW5kc3xlbnwwfDB8fHwxNzg3MzgxMDIyfDA	Bocas del Toro, Panama	Azzedine Rouichi	rouichi	#8f9696	#b39878
world-scenery	xxLVJine9Rw	/photo-1590164411867-d091325b162f?ixid=M3wxMjA3fDB8MXxzZWFyY2h8NHx8dmluYWxlcyUyMGN1YmElMjB2YWxsZXl8ZW58MHwwfHx8MTc4NzM4MTAyMnww	Viñales, Cuba	Daniel Seßler	danielsessler	#534e41	#171609
world-scenery	YEjT2PIjv5c	/photo-1585001996065-20ec0bb66bd5?ixid=M3wxMjA3fDB8MXxzZWFyY2h8NXx8dmluYWxlcyUyMGN1YmElMjB2YWxsZXl8ZW58MHwwfHx8MTc4NzM4MTAyMnww	Viñales, Cuba	Jennifer Chen	jnnfrchn	#5f6a69	#283326
world-scenery	3J8xcnCM1ak	/photo-1661574843197-88c801918fe7?ixid=M3wxMjA3fDB8MXxzZWFyY2h8Nnx8dmluYWxlcyUyMGN1YmElMjB2YWxsZXl8ZW58MHwwfHx8MTc4NzM4MTAyMnww	Viñales, Cuba	Tobias Schulz	flint_mcburbank	#53665e	#465a69
world-scenery	574AsMO3gzs	/photo-1605903116166-2137feca495c?ixid=M3wxMjA3fDB8MXxzZWFyY2h8N3x8dmluYWxlcyUyMGN1YmElMjB2YWxsZXl8ZW58MHwwfHx8MTc4NzM4MTAyMnww	Viñales, Cuba	Robin Canfield	robincanfield	#828b8b	#7696c5
world-scenery	epNWm9wwb-o	/photo-1645408728506-b94d088f10f0?ixid=M3wxMjA3fDB8MXxzZWFyY2h8NHx8c2FtYW5hJTIwZG9taW5pY2FuJTIwcmVwdWJsaWMlMjBjb2FzdHxlbnwwfDB8fHwxNzg3MzgxMDIzfDA	Samaná, Dominican Republic	Zen zeee	zenzeee	#819375	#67abb6
night-cities	Lfh0wUAJXpA	/photo-1617869884925-f8f0a51b2374?ixid=M3wxMjA3fDB8MXxzZWFyY2h8Mnx8dG9reW8lMjBzaGluanVrdSUyMG5lb24lMjBuaWdodHxlbnwwfDB8fHwxNzg3MzgxMDI0fDA	Shinjuku, Japan	Pema G. Lama	peemaglama	#47433d	#070405
night-cities	tUVf65KIVpI	/photo-1532236395709-7d70320fec2d?ixid=M3wxMjA3fDB8MXxzZWFyY2h8M3x8dG9reW8lMjBzaGluanVrdSUyMG5lb24lMjBuaWdodHxlbnwwfDB8fHwxNzg3MzgxMDI0fDA	Shinjuku, Japan	Jezael Melgoza	jezar	#5a757a	#000816
night-cities	nrA0Qd8H36M	/photo-1617870435601-4a5d43be4bd7?ixid=M3wxMjA3fDB8MXxzZWFyY2h8NHx8dG9reW8lMjBzaGluanVrdSUyMG5lb24lMjBuaWdodHxlbnwwfDB8fHwxNzg3MzgxMDI0fDA	Shinjuku, Japan	Pema G. Lama	peemaglama	#56554f	#070608
night-cities	s5j4N6QJLT0	/photo-1617870236116-d99becf1c6c0?ixid=M3wxMjA3fDB8MXxzZWFyY2h8Nnx8dG9reW8lMjBzaGluanVrdSUyMG5lb24lMjBuaWdodHxlbnwwfDB8fHwxNzg3MzgxMDI0fDA	Shinjuku, Japan	Pema G. Lama	peemaglama	#222628	#050405
night-cities	9gtODWv-L5I	/photo-1608874973445-de098faf870f?ixid=M3wxMjA3fDB8MXxzZWFyY2h8N3x8dG9reW8lMjBzaGluanVrdSUyMG5lb24lMjBuaWdodHxlbnwwfDB8fHwxNzg3MzgxMDI0fDA	Shinjuku, Japan	Marek Okon	marekokon	#68504f	#453637
night-cities	icdVDptHxpM	/photo-1578215560516-474d84f62ec3?ixid=M3wxMjA3fDB8MXxzZWFyY2h8OHx8dG9reW8lMjBzaGluanVrdSUyMG5lb24lMjBuaWdodHxlbnwwfDB8fHwxNzg3MzgxMDI0fDA	Shinjuku, Japan	Jean Vella	jean_vella	#57605e	#041538
night-cities	alY6_OpdwRQ	/photo-1542051841857-5f90071e7989?ixid=M3wxMjA3fDB8MXxzZWFyY2h8Mnx8c2hpYnV5YSUyMGNyb3NzaW5nJTIwdG9reW8lMjBuaWdodHxlbnwwfDB8fHwxNzg3MzgxMDI1fDA	Shibuya, Japan	Jezael Melgoza	jezar	#596b78	#0a1b25
night-cities	DGsqL2j028E	/photo-1547448526-5e9d57fa28f7?ixid=M3wxMjA3fDB8MXxzZWFyY2h8M3x8c2hpYnV5YSUyMGNyb3NzaW5nJTIwdG9reW8lMjBuaWdodHxlbnwwfDB8fHwxNzg3MzgxMDI1fDA	Shibuya, Japan	Timo Volz	magict1911	#77726e	#6a6567
night-cities	6ULy3pxuxL8	/photo-1573456373835-579c408de263?ixid=M3wxMjA3fDB8MXxzZWFyY2h8NHx8c2hpYnV5YSUyMGNyb3NzaW5nJTIwdG9reW8lMjBuaWdodHxlbnwwfDB8fHwxNzg3MzgxMDI1fDA	Shibuya, Japan	Denys Nevozhai	dnevozhai	#756465	#463837
night-cities	0BExqfEtp6A	/photo-1583930263826-a1c6a639eaf2?ixid=M3wxMjA3fDB8MXxzZWFyY2h8Nnx8c2hpYnV5YSUyMGNyb3NzaW5nJTIwdG9reW8lMjBuaWdodHxlbnwwfDB8fHwxNzg3MzgxMDI1fDA	Shibuya, Japan	Louie Nicolo Nimor	nicolonimor	#4b433a	#020101
night-cities	URkg4c8uzLg	/photo-1695011046703-90e1f9f3ba85?ixid=M3wxMjA3fDB8MXxzZWFyY2h8OHx8c2hpYnV5YSUyMGNyb3NzaW5nJTIwdG9reW8lMjBuaWdodHxlbnwwfDB8fHwxNzg3MzgxMDI1fDA	Shibuya, Japan	Timo Volz	magict1911	#76716b	#776b66
night-cities	Of2rc0KOfVU	/photo-1613487957484-32c977a8bd62?ixid=M3wxMjA3fDB8MXxzZWFyY2h8MTB8fHNoaWJ1eWElMjBjcm9zc2luZyUyMHRva3lvJTIwbmlnaHR8ZW58MHwwfHx8MTc4NzM4MTAyNXww	Shibuya, Japan	Pat Krupa	patkrupa	#535a59	#010305
night-cities	mYIgb7zl70M	/photo-1571242352061-7611fbafbd42?ixid=M3wxMjA3fDB8MXxzZWFyY2h8Mnx8b3Nha2ElMjBkb3RvbmJvcmklMjBuaWdodCUyMG5lb258ZW58MHwwfHx8MTc4NzM4MTAyNnww	Dotonbori, Japan	miram Oh	talking_dolphin	#4c3e3f	#050506
night-cities	mGs7oMPLB-c	/photo-1628850627071-42b3fb16533d?ixid=M3wxMjA3fDB8MXxzZWFyY2h8M3x8b3Nha2ElMjBkb3RvbmJvcmklMjBuaWdodCUyMG5lb258ZW58MHwwfHx8MTc4NzM4MTAyNnww	Dotonbori, Japan	masahiro miyagi	masamasa3	#293236	#131418
night-cities	fceVaAut3Ec	/photo-1588446498047-3e056de77955?ixid=M3wxMjA3fDB8MXxzZWFyY2h8NHx8b3Nha2ElMjBkb3RvbmJvcmklMjBuaWdodCUyMG5lb258ZW58MHwwfHx8MTc4NzM4MTAyNnww	Dotonbori, Japan	Nuno Antunes	onun	#685468	#190c17
night-cities	OkTlG_s6oaY	/photo-1670960618864-93ad2f92a81c?ixid=M3wxMjA3fDB8MXxzZWFyY2h8Nnx8b3Nha2ElMjBkb3RvbmJvcmklMjBuaWdodCUyMG5lb258ZW58MHwwfHx8MTc4NzM4MTAyNnww	Dotonbori, Japan	Nicolas Caetano	nicolabaka	#333e4c	#020409
night-cities	eM31RORPn6I	/photo-1590495620659-162d9966d7ad?ixid=M3wxMjA3fDB8MXxzZWFyY2h8N3x8b3Nha2ElMjBkb3RvbmJvcmklMjBuaWdodCUyMG5lb258ZW58MHwwfHx8MTc4NzM4MTAyNnww	Dotonbori, Japan	Gilly	gillyberlin	#453458	#041517
night-cities	jUZ4lti7vvQ	/photo-1629021637790-4ce4b8608d78?ixid=M3wxMjA3fDB8MXxzZWFyY2h8OHx8b3Nha2ElMjBkb3RvbmJvcmklMjBuaWdodCUyMG5lb258ZW58MHwwfHx8MTc4NzM4MTAyNnww	Dotonbori, Japan	masahiro miyagi	masamasa3	#4d393c	#010208
night-cities	y-ZMfYyXn6Y	/photo-1517449905587-f80695d63356?ixid=M3wxMjA3fDB8MXxzZWFyY2h8Mnx8aG9uZyUyMGtvbmclMjBza3lsaW5lJTIwbmlnaHQlMjB2aWN0b3JpYSUyMGhhcmJvdXJ8ZW58MHwwfHx8MTc4NzM4MTAyN3ww	Hong Kong Island, China	SHUJA OFFICIAL	shujaofficial	#534f50	#453a36
night-cities	a97UJqatBwY	/photo-1713789071012-0544bfc22a65?ixid=M3wxMjA3fDB8MXxzZWFyY2h8M3x8aG9uZyUyMGtvbmclMjBza3lsaW5lJTIwbmlnaHQlMjB2aWN0b3JpYSUyMGhhcmJvdXJ8ZW58MHwwfHx8MTc4NzM4MTAyN3ww	Hong Kong Island, China	Irvin Liang	il07	#364c6d	#436499
night-cities	sBctjnNkXV0	/photo-1665363237256-7eaef7a6911d?ixid=M3wxMjA3fDB8MXxzZWFyY2h8NHx8aG9uZyUyMGtvbmclMjBza3lsaW5lJTIwbmlnaHQlMjB2aWN0b3JpYSUyMGhhcmJvdXJ8ZW58MHwwfHx8MTc4NzM4MTAyN3ww	Hong Kong Island, China	Wenhao Ruan	wenhao_ruan	#758799	#466479
night-cities	U5SNKEXPszs	/photo-1716488958140-b2547fc3c865?ixid=M3wxMjA3fDB8MXxzZWFyY2h8Nnx8aG9uZyUyMGtvbmclMjBza3lsaW5lJTIwbmlnaHQlMjB2aWN0b3JpYSUyMGhhcmJvdXJ8ZW58MHwwfHx8MTc4NzM4MTAyN3ww	Hong Kong Island, China	Pourya Gohari	_pourya_	#1f2029	#0a0c16
night-cities	qNWbdJxfVrg	/photo-1635426494079-252b746deb07?ixid=M3wxMjA3fDB8MXxzZWFyY2h8N3x8aG9uZyUyMGtvbmclMjBza3lsaW5lJTIwbmlnaHQlMjB2aWN0b3JpYSUyMGhhcmJvdXJ8ZW58MHwwfHx8MTc4NzM4MTAyN3ww	Hong Kong Island, China	Kevin Olson	kev01218	#1a1614	#030202
night-cities	8gFj9h4Fo6o	/photo-1628336562704-35bc763f6c02?ixid=M3wxMjA3fDB8MXxzZWFyY2h8OHx8aG9uZyUyMGtvbmclMjBza3lsaW5lJTIwbmlnaHQlMjB2aWN0b3JpYSUyMGhhcmJvdXJ8ZW58MHwwfHx8MTc4NzM4MTAyN3ww	Hong Kong Island, China	Ken Li	kenli0893	#505d6a	#384756
night-cities	nkOJI_oA0nw	/photo-1774963492565-9acf363fdd49?ixid=M3wxMjA3fDB8MXxzZWFyY2h8MXx8aG9uZyUyMGtvbmclMjBuZW9uJTIwcmFpbiUyMG5pZ2h0JTIwc3RyZWV0fGVufDB8MHx8fDE3ODczODEwMjd8MA	Mong Kok, China	Laszlo Ove	laszloove	#785446	#483a34
night-cities	XGnrS7RE61I	/photo-1617550702778-ac78537dd90a?ixid=M3wxMjA3fDB8MXxzZWFyY2h8MXx8c2hhbmdoYWklMjBidW5kJTIwbmlnaHQlMjBza3lsaW5lfGVufDB8MHx8fDE3ODczODEwMjh8MA	The Bund, China	Giorgio Manenti	gmph	#231923	#070407
night-cities	l78uWzhX1Lo	/photo-1617550698903-7e87fe1b1b2a?ixid=M3wxMjA3fDB8MXxzZWFyY2h8Mnx8c2hhbmdoYWklMjBidW5kJTIwbmlnaHQlMjBza3lsaW5lfGVufDB8MHx8fDE3ODczODEwMjh8MA	The Bund, China	Giorgio Manenti	gmph	#301f29	#06040a
night-cities	5z4Ri55tIec	/photo-1609153755058-a7cbbf264e9c?ixid=M3wxMjA3fDB8MXxzZWFyY2h8M3x8c2hhbmdoYWklMjBidW5kJTIwbmlnaHQlMjBza3lsaW5lfGVufDB8MHx8fDE3ODczODEwMjh8MA	The Bund, China	Beth Macdonald	elsbethcat	#3b3233	#1a1518
night-cities	_LjTgglOWzU	/photo-1609138453840-2d3af828f61d?ixid=M3wxMjA3fDB8MXxzZWFyY2h8NHx8c2hhbmdoYWklMjBidW5kJTIwbmlnaHQlMjBza3lsaW5lfGVufDB8MHx8fDE3ODczODEwMjh8MA	The Bund, China	Beth Macdonald	elsbethcat	#463b3e	#271816
night-cities	ZRWWPNXL89M	/photo-1784988465479-3c78dcbf6b5b?ixid=M3wxMjA3fDB8MXxzZWFyY2h8NXx8c2hhbmdoYWklMjBidW5kJTIwbmlnaHQlMjBza3lsaW5lfGVufDB8MHx8fDE3ODczODEwMjh8MA	The Bund, China	Kevin Zymela	starsonny	#58362b	#281716
night-cities	09OHLEhDpDg	/photo-1614600395952-7b883e6a7d79?ixid=M3wxMjA3fDB8MXxzZWFyY2h8Nnx8c2hhbmdoYWklMjBidW5kJTIwbmlnaHQlMjBza3lsaW5lfGVufDB8MHx8fDE3ODczODEwMjh8MA	The Bund, China	Yang🙋‍♂️🙏❤️ Song	starsy	#2f4a57	#022439
night-cities	5h_dMuX_7RE	/photo-1474181487882-5abf3f0ba6c2?ixid=M3wxMjA3fDB8MXxzZWFyY2h8Mnx8c2hhbmdoYWklMjBwdWRvbmclMjBuaWdodCUyMHJhaW58ZW58MHwwfHx8MTc4NzM4MTAyOXww	Pudong, China	Li Yang	ly0ns	#40597e	#263858
night-cities	Q_tepVowbhU	/photo-1556489038-d373fcb1bbe8?ixid=M3wxMjA3fDB8MXxzZWFyY2h8M3x8c2hhbmdoYWklMjBwdWRvbmclMjBuaWdodCUyMHJhaW58ZW58MHwwfHx8MTc4NzM4MTAyOXww	Pudong, China	Darren Nunis	dnunis	#697388	#7989a6
night-cities	17pT3enVJPQ	/photo-1566133268509-751af2207426?ixid=M3wxMjA3fDB8MXxzZWFyY2h8NHx8c2hhbmdoYWklMjBwdWRvbmclMjBuaWdodCUyMHJhaW58ZW58MHwwfHx8MTc4NzM4MTAyOXww	Pudong, China	Terry	blueskin	#755d4f	#775847
night-cities	tokHORex_as	/photo-1707414241569-e98e70240fba?ixid=M3wxMjA3fDB8MXxzZWFyY2h8Nnx8c2hhbmdoYWklMjBwdWRvbmclMjBuaWdodCUyMHJhaW58ZW58MHwwfHx8MTc4NzM4MTAyOXww	Pudong, China	Alicja Ziajowska	alicja_photos	#3f322b	#251b17
night-cities	-4K1uEPOGys	/photo-1582715885845-205449088fd3?ixid=M3wxMjA3fDB8MXxzZWFyY2h8N3x8c2hhbmdoYWklMjBwdWRvbmclMjBuaWdodCUyMHJhaW58ZW58MHwwfHx8MTc4NzM4MTAyOXww	Pudong, China	Max van den Oetelaar	maxvdo	#3a3333	#241917
night-cities	8BN2ZMYtdZ8	/photo-1609138453733-a2cf8ac73473?ixid=M3wxMjA3fDB8MXxzZWFyY2h8OHx8c2hhbmdoYWklMjBwdWRvbmclMjBuaWdodCUyMHJhaW58ZW58MHwwfHx8MTc4NzM4MTAyOXww	Pudong, China	Beth Macdonald	elsbethcat	#473d41	#29262a
night-cities	x1-4c42c8k4	/photo-1645451365229-676df30167f0?ixid=M3wxMjA3fDB8MXxzZWFyY2h8Mnx8c2VvdWwlMjBuaWdodCUyMHNreWxpbmUlMjBuYW1zYW58ZW58MHwwfHx8MTc4NzM4MTAzMHww	Seoul, South Korea	Clark Gu	atluminon	#2a2d3d	#141b2a
night-cities	M2VtwQSkQFs	/photo-1556513584-e1cf4603b0ad?ixid=M3wxMjA3fDB8MXxzZWFyY2h8M3x8c2VvdWwlMjBuaWdodCUyMHNreWxpbmUlMjBuYW1zYW58ZW58MHwwfHx8MTc4NzM4MTAzMHww	Seoul, South Korea	Ethan Brooke	seoulinspired	#30302d	#18130b
night-cities	iiSc0BneGys	/photo-1555425293-16e3d1e49b85?ixid=M3wxMjA3fDB8MXxzZWFyY2h8NHx8c2VvdWwlMjBuaWdodCUyMHNreWxpbmUlMjBuYW1zYW58ZW58MHwwfHx8MTc4NzM4MTAzMHww	Seoul, South Korea	Ethan Brooke	seoulinspired	#352d2a	#182731
night-cities	8dR9ZEF6EFU	/photo-1639905808227-4c987d4a71bd?ixid=M3wxMjA3fDB8MXxzZWFyY2h8NXx8c2VvdWwlMjBuaWdodCUyMHNreWxpbmUlMjBuYW1zYW58ZW58MHwwfHx8MTc4NzM4MTAzMHww	Seoul, South Korea	Riza Gabriela	rshimjeong	#1d4155	#013856
night-cities	k0ubhCjScNo	/photo-1645451350581-2aebd3932286?ixid=M3wxMjA3fDB8MXxzZWFyY2h8Nnx8c2VvdWwlMjBuaWdodCUyMHNreWxpbmUlMjBuYW1zYW58ZW58MHwwfHx8MTc4NzM4MTAzMHww	Seoul, South Korea	Clark Gu	atluminon	#101422	#0d1324
night-cities	xwAbetJF3Js	/photo-1768006273763-85c9ff25e5fa?ixid=M3wxMjA3fDB8MXxzZWFyY2h8N3x8c2VvdWwlMjBuaWdodCUyMHNreWxpbmUlMjBuYW1zYW58ZW58MHwwfHx8MTc4NzM4MTAzMHww	Seoul, South Korea	zero take	zerotake	#9b7c8f	#a7aab7
night-cities	rHvBQyfLPjk	/photo-1533577116850-9cc66cad8a9b?ixid=M3wxMjA3fDB8MXxzZWFyY2h8Mnx8c2VvdWwlMjBteWVvbmdkb25nJTIwbmlnaHQlMjByYWluJTIwbmVvbnxlbnwwfDB8fHwxNzg3MzgxMDMxfDA	Myeongdong, South Korea	Ciaran O'Brien	icidius	#175561	#042737
night-cities	jCXMsJQTsQw	/photo-1532959928979-120739b438fb?ixid=M3wxMjA3fDB8MXxzZWFyY2h8M3x8c2VvdWwlMjBteWVvbmdkb25nJTIwbmlnaHQlMjByYWluJTIwbmVvbnxlbnwwfDB8fHwxNzg3MzgxMDMxfDA	Myeongdong, South Korea	Ciaran O'Brien	icidius	#305d76	#062939
night-cities	iT5yCpdvZAM	/photo-1683132603709-adbd52d7590d?ixid=M3wxMjA3fDB8MXxzZWFyY2h8NHx8c2VvdWwlMjBteWVvbmdkb25nJTIwbmlnaHQlMjByYWluJTIwbmVvbnxlbnwwfDB8fHwxNzg3MzgxMDMxfDA	Myeongdong, South Korea	INHYEOK PARK	travelershigh	#423032	#241a16
night-cities	qvAnF4KZB14	/photo-1647638904869-a295bc8aa415?ixid=M3wxMjA3fDB8MXxzZWFyY2h8Nnx8c2VvdWwlMjBteWVvbmdkb25nJTIwbmlnaHQlMjByYWluJTIwbmVvbnxlbnwwfDB8fHwxNzg3MzgxMDMxfDA	Myeongdong, South Korea	Andrea De Santis	santesson89	#22283f	#060818
night-cities	14hvbdpA2bk	/photo-1605323858652-cc50d7744eb0?ixid=M3wxMjA3fDB8MXxzZWFyY2h8N3x8c2VvdWwlMjBteWVvbmdkb25nJTIwbmlnaHQlMjByYWluJTIwbmVvbnxlbnwwfDB8fHwxNzg3MzgxMDMxfDA	Myeongdong, South Korea	Melody Zhang	mellw	#49423b	#020203
night-cities	Xvxu4Temztk	/photo-1533619025797-cb54d7bcb5e2?ixid=M3wxMjA3fDB8MXxzZWFyY2h8OHx8c2VvdWwlMjBteWVvbmdkb25nJTIwbmlnaHQlMjByYWluJTIwbmVvbnxlbnwwfDB8fHwxNzg3MzgxMDMxfDA	Myeongdong, South Korea	Ciaran O'Brien	icidius	#42373a	#040704
night-cities	QMWOP3xl7ho	/photo-1624003974266-7cdbf877ec00?ixid=M3wxMjA3fDB8MXxzZWFyY2h8M3x8c2luZ2Fwb3JlJTIwbWFyaW5hJTIwYmF5JTIwbmlnaHR8ZW58MHwwfHx8MTc4NzM4MTAzMXww	Marina Bay, Singapore	Arul Kumaran	arul00	#66666e	#252a36
night-cities	go_HussHCpE	/photo-1628933978021-818a464f9f5d?ixid=M3wxMjA3fDB8MXxzZWFyY2h8NHx8c2luZ2Fwb3JlJTIwbWFyaW5hJTIwYmF5JTIwbmlnaHR8ZW58MHwwfHx8MTc4NzM4MTAzMXww	Marina Bay, Singapore	Roce Vu	rocevu	#222938	#030c16
night-cities	_vwVHqGkHUg	/photo-1672068245918-d99e9bf4b1e2?ixid=M3wxMjA3fDB8MXxzZWFyY2h8Nnx8c2luZ2Fwb3JlJTIwbWFyaW5hJTIwYmF5JTIwbmlnaHR8ZW58MHwwfHx8MTc4NzM4MTAzMXww	Marina Bay, Singapore	Dennis Schmidt	dmrschmidt	#5f4034	#382618
night-cities	b3XbYqnJ-KM	/photo-1628933978056-81ee94ad6856?ixid=M3wxMjA3fDB8MXxzZWFyY2h8N3x8c2luZ2Fwb3JlJTIwbWFyaW5hJTIwYmF5JTIwbmlnaHR8ZW58MHwwfHx8MTc4NzM4MTAzMXww	Marina Bay, Singapore	Roce Vu	rocevu	#362d39	#0b0915
night-cities	7fB4HZVTtyI	/photo-1529075892017-4dd3070cac86?ixid=M3wxMjA3fDB8MXxzZWFyY2h8OHx8c2luZ2Fwb3JlJTIwbWFyaW5hJTIwYmF5JTIwbmlnaHR8ZW58MHwwfHx8MTc4NzM4MTAzMXww	Marina Bay, Singapore	Christian Chen	christianchen	#5b6b65	#67b8bc
night-cities	hABDS3HYAfg	/photo-1724211669471-f28de2d4c7c2?ixid=M3wxMjA3fDB8MXxzZWFyY2h8MTB8fHNpbmdhcG9yZSUyMG1hcmluYSUyMGJheSUyMG5pZ2h0fGVufDB8MHx8fDE3ODczODEwMzF8MA	Marina Bay, Singapore	Zion C	jcs_chen	#435166	#3b79c4
night-cities	jdar5rVdlas	/photo-1652998060272-313862d0a145?ixid=M3wxMjA3fDB8MXxzZWFyY2h8Mnx8dGltZXMlMjBzcXVhcmUlMjBuZXclMjB5b3JrJTIwbmlnaHR8ZW58MHwwfHx8MTc4NzM4MTAzMnww	Times Square, United States	Amelia	redtulipsky	#5b485f	#0a0a23
night-cities	SrC5iuVJk_c	/photo-1542375774-eb74c694f60b?ixid=M3wxMjA3fDB8MXxzZWFyY2h8M3x8dGltZXMlMjBzcXVhcmUlMjBuZXclMjB5b3JrJTIwbmlnaHR8ZW58MHwwfHx8MTc4NzM4MTAzMnww	Times Square, United States	Alina Grubnyak	alinnnaaaa	#594143	#77251a
night-cities	2uMXNKAPn2o	/photo-1620926410022-8f9349b38b3f?ixid=M3wxMjA3fDB8MXxzZWFyY2h8NHx8dGltZXMlMjBzcXVhcmUlMjBuZXclMjB5b3JrJTIwbmlnaHR8ZW58MHwwfHx8MTc4NzM4MTAzMnww	Times Square, United States	David Vives	davidvives	#473d3c	#150b08
night-cities	5ueXpGTzlxI	/photo-1639180568787-e3fd0ebff33a?ixid=M3wxMjA3fDB8MXxzZWFyY2h8Nnx8dGltZXMlMjBzcXVhcmUlMjBuZXclMjB5b3JrJTIwbmlnaHR8ZW58MHwwfHx8MTc4NzM4MTAzMnww	Times Square, United States	B C	c_b_a	#585568	#081626
night-cities	MItdk0DPHWk	/photo-1617330398267-a31a40af84ce?ixid=M3wxMjA3fDB8MXxzZWFyY2h8N3x8dGltZXMlMjBzcXVhcmUlMjBuZXclMjB5b3JrJTIwbmlnaHR8ZW58MHwwfHx8MTc4NzM4MTAzMnww	Times Square, United States	Ahmer Kalam	ahmerkalam	#474658	#090809
night-cities	2cV_vvlnCJg	/photo-1659354486226-119f75dcafe3?ixid=M3wxMjA3fDB8MXxzZWFyY2h8OHx8dGltZXMlMjBzcXVhcmUlMjBuZXclMjB5b3JrJTIwbmlnaHR8ZW58MHwwfHx8MTc4NzM4MTAzMnww	Times Square, United States	Claudio Schwarz	purzlbaum	#646667	#0a1419
night-cities	1nlhZy86uPU	/photo-1460551204960-763bc82b7d8f?ixid=M3wxMjA3fDB8MXxzZWFyY2h8Mnx8YnJvb2tseW4lMjBicmlkZ2UlMjBuZXclMjB5b3JrJTIwbmlnaHR8ZW58MHwwfHx8MTc4NzM4MTAzM3ww	Brooklyn Bridge, United States	Jonathan Pease	jpease	#0f151b	#040b17
night-cities	R4FNA3RyIHA	/photo-1515163988842-60ece4c9a5bb?ixid=M3wxMjA3fDB8MXxzZWFyY2h8M3x8YnJvb2tseW4lMjBicmlkZ2UlMjBuZXclMjB5b3JrJTIwbmlnaHR8ZW58MHwwfHx8MTc4NzM4MTAzM3ww	Brooklyn Bridge, United States	Zac Ong	zacong	#1f305d	#013698
night-cities	R1xgso_3UDQ	/photo-1599854171059-d91f0fee45cd?ixid=M3wxMjA3fDB8MXxzZWFyY2h8NHx8YnJvb2tseW4lMjBicmlkZ2UlMjBuZXclMjB5b3JrJTIwbmlnaHR8ZW58MHwwfHx8MTc4NzM4MTAzM3ww	Brooklyn Bridge, United States	Partha Narasimhan	notsphinx	#3a525c	#174966
night-cities	DiBu1qTQQ8s	/photo-1477882244523-716124bf91a1?ixid=M3wxMjA3fDB8MXxzZWFyY2h8Nnx8YnJvb2tseW4lMjBicmlkZ2UlMjBuZXclMjB5b3JrJTIwbmlnaHR8ZW58MHwwfHx8MTc4NzM4MTAzM3ww	Brooklyn Bridge, United States	Pedro Lastra	peterlaster	#50454d	#473727
night-cities	XfuxG9qVTLY	/photo-1659463958698-a6eeccad7e0c?ixid=M3wxMjA3fDB8MXxzZWFyY2h8N3x8YnJvb2tseW4lMjBicmlkZ2UlMjBuZXclMjB5b3JrJTIwbmlnaHR8ZW58MHwwfHx8MTc4NzM4MTAzM3ww	Brooklyn Bridge, United States	Kevin Engelke	twopixelsdesign	#383838	#282828
night-cities	c1OVi149Y2Y	/photo-1479779978657-f97923f70d04?ixid=M3wxMjA3fDB8MXxzZWFyY2h8OHx8YnJvb2tseW4lMjBicmlkZ2UlMjBuZXclMjB5b3JrJTIwbmlnaHR8ZW58MHwwfHx8MTc4NzM4MTAzM3ww	Brooklyn Bridge, United States	Pedro Lastra	peterlaster	#57596d	#2a4586
night-cities	fPaCAQKkRqY	/photo-1515868769-ad822a0c67e9?ixid=M3wxMjA3fDB8MXxzZWFyY2h8Mnx8bWFuaGF0dGFuJTIwc2t5bGluZSUyMG5pZ2h0JTIwcmFpbnxlbnwwfDB8fHwxNzg3MzgxMDMzfDA	Manhattan, United States	Jonathan Roger	jonathanroger	#21294a	#273468
night-cities	y5zF0NwnJ7M	/photo-1567018902823-7d03ee5cb9f1?ixid=M3wxMjA3fDB8MXxzZWFyY2h8M3x8bWFuaGF0dGFuJTIwc2t5bGluZSUyMG5pZ2h0JTIwcmFpbnxlbnwwfDB8fHwxNzg3MzgxMDMzfDA	Manhattan, United States	Mike Chavarri	mikechv	#121717	#03090c
night-cities	7IFjoiS-Gxk	/photo-1642266119404-3bcf85d2f8bb?ixid=M3wxMjA3fDB8MXxzZWFyY2h8NHx8bWFuaGF0dGFuJTIwc2t5bGluZSUyMG5pZ2h0JTIwcmFpbnxlbnwwfDB8fHwxNzg3MzgxMDMzfDA	Manhattan, United States	Shai Pal	shaipal	#1d1d17	#080903
night-cities	c9N-57Is7LA	/photo-1533955153796-2ac030a3c052?ixid=M3wxMjA3fDB8MXxzZWFyY2h8Nnx8bWFuaGF0dGFuJTIwc2t5bGluZSUyMG5pZ2h0JTIwcmFpbnxlbnwwfDB8fHwxNzg3MzgxMDMzfDA	Manhattan, United States	Jesse Mills	photographybyjrmills	#2a2b38	#060b14
night-cities	2UsiOVp3SSk	/photo-1559094522-79422598840f?ixid=M3wxMjA3fDB8MXxzZWFyY2h8N3x8bWFuaGF0dGFuJTIwc2t5bGluZSUyMG5pZ2h0JTIwcmFpbnxlbnwwfDB8fHwxNzg3MzgxMDMzfDA	Manhattan, United States	Donny Jiang	dotnny	#39474d	#35444b
night-cities	o8n1bLEZof4	/photo-1561568326-77ddfce25c66?ixid=M3wxMjA3fDB8MXxzZWFyY2h8OHx8bWFuaGF0dGFuJTIwc2t5bGluZSUyMG5pZ2h0JTIwcmFpbnxlbnwwfDB8fHwxNzg3MzgxMDM0fDA	Manhattan, United States	ruddy.media	ruddymedia	#1f1b15	#27241c
night-cities	2lvZEIzFEeg	/photo-1673325334473-889c05b211b3?ixid=M3wxMjA3fDB8MXxzZWFyY2h8Mnx8Y2hpY2FnbyUyMHNreWxpbmUlMjBuaWdodCUyMHJpdmVyfGVufDB8MHx8fDE3ODczODEwMzR8MA	Chicago River, United States	Deep Doshi	shotfromdeep	#3f413f	#162428
night-cities	tpjXvedH6cs	/photo-1592028307238-e6b5a2937197?ixid=M3wxMjA3fDB8MXxzZWFyY2h8M3x8Y2hpY2FnbyUyMHNreWxpbmUlMjBuaWdodCUyMHJpdmVyfGVufDB8MHx8fDE3ODczODEwMzR8MA	Chicago River, United States	Engin Yapici	yapici	#6d4a68	#572739
night-cities	BgpAJZJGN5s	/photo-1770680027069-48280c0ff4a0?ixid=M3wxMjA3fDB8MXxzZWFyY2h8NHx8Y2hpY2FnbyUyMHNreWxpbmUlMjBuaWdodCUyMHJpdmVyfGVufDB8MHx8fDE3ODczODEwMzR8MA	Chicago River, United States	Forrest Chai	forrestchai	#51586b	#485a75
night-cities	Y8UwVP3TrtI	/photo-1784725557980-b3fbd85fa15c?ixid=M3wxMjA3fDB8MXxzZWFyY2h8Nnx8Y2hpY2FnbyUyMHNreWxpbmUlMjBuaWdodCUyMHJpdmVyfGVufDB8MHx8fDE3ODczODEwMzR8MA	Chicago River, United States	Bob Brewer	brewbottle	#3a333e	#083882
night-cities	VgqeJMh7Qpg	/photo-1591853104430-6f731408b85a?ixid=M3wxMjA3fDB8MXxzZWFyY2h8N3x8Y2hpY2FnbyUyMHNreWxpbmUlMjBuaWdodCUyMHJpdmVyfGVufDB8MHx8fDE3ODczODEwMzR8MA	Chicago River, United States	Engin Yapici	yapici	#794745	#974664
night-cities	x4NtPxqnDrs	/photo-1769353739301-34bf5864b995?ixid=M3wxMjA3fDB8MXxzZWFyY2h8OHx8Y2hpY2FnbyUyMHNreWxpbmUlMjBuaWdodCUyMHJpdmVyfGVufDB8MHx8fDE3ODczODEwMzR8MA	Chicago River, United States	Deepak Adhikari	deepsadhi	#1a2e30	#050604
night-cities	uSITM9q5pfk	/photo-1633245004101-ebb3b797ee91?ixid=M3wxMjA3fDB8MXxzZWFyY2h8MXx8c2FuJTIwZnJhbmNpc2NvJTIwbmlnaHQlMjBmb2clMjBza3lsaW5lfGVufDB8MHx8fDE3ODczODEwMzV8MA	San Francisco, United States	Zetong Li	zetong	#988694	#9794a5
night-cities	3FeZiKq2QUo	/photo-1776287966583-8e00d61b61ab?ixid=M3wxMjA3fDB8MXxzZWFyY2h8Mnx8c2FuJTIwZnJhbmNpc2NvJTIwbmlnaHQlMjBmb2clMjBza3lsaW5lfGVufDB8MHx8fDE3ODczODEwMzV8MA	San Francisco, United States	Leo Tang	leoooooot	#364677	#384a87
night-cities	XIACkyljFe4	/photo-1655756505749-428e79e9eaf4?ixid=M3wxMjA3fDB8MXxzZWFyY2h8M3x8c2FuJTIwZnJhbmNpc2NvJTIwbmlnaHQlMjBmb2clMjBza3lsaW5lfGVufDB8MHx8fDE3ODczODEwMzV8MA	San Francisco, United States	Zetong Li	zetong	#615d73	#7679a8
night-cities	Nh5kav7oSzg	/photo-1631473121056-34bbec0dfb3b?ixid=M3wxMjA3fDB8MXxzZWFyY2h8Mnx8bG9zJTIwYW5nZWxlcyUyMGRvd250b3duJTIwbmlnaHR8ZW58MHwwfHx8MTc4NzM4MTAzNnww	Los Angeles, United States	Ray Guzman	rayy__guzman	#323235	#070708
night-cities	aOLc2ENmTzo	/photo-1517462035531-76bc910a6903?ixid=M3wxMjA3fDB8MXxzZWFyY2h8M3x8bG9zJTIwYW5nZWxlcyUyMGRvd250b3duJTIwbmlnaHR8ZW58MHwwfHx8MTc4NzM4MTAzNnww	Los Angeles, United States	Denys Nevozhai	dnevozhai	#3c2e29	#171211
night-cities	ewspoqBfALg	/photo-1525876285538-4cc52d170c0d?ixid=M3wxMjA3fDB8MXxzZWFyY2h8NHx8bG9zJTIwYW5nZWxlcyUyMGRvd250b3duJTIwbmlnaHR8ZW58MHwwfHx8MTc4NzM4MTAzNnww	Los Angeles, United States	Luca Micheli	lucamicheli	#514b5f	#031a4a
night-cities	6jPgwETVziA	/photo-1650435374869-9d4f9c4a9ffc?ixid=M3wxMjA3fDB8MXxzZWFyY2h8Nnx8bG9zJTIwYW5nZWxlcyUyMGRvd250b3duJTIwbmlnaHR8ZW58MHwwfHx8MTc4NzM4MTAzNnww	Los Angeles, United States	Xuyu Chi	xccc	#3e3a3a	#010102
night-cities	0spOq1mYtZw	/photo-1594309336026-a820898c0416?ixid=M3wxMjA3fDB8MXxzZWFyY2h8N3x8bG9zJTIwYW5nZWxlcyUyMGRvd250b3duJTIwbmlnaHR8ZW58MHwwfHx8MTc4NzM4MTAzNnww	Los Angeles, United States	Jim Josef	epicjim	#3c4254	#183877
night-cities	6X6GbZ5g5ec	/photo-1740085568524-50f879818ecb?ixid=M3wxMjA3fDB8MXxzZWFyY2h8OHx8bG9zJTIwYW5nZWxlcyUyMGRvd250b3duJTIwbmlnaHR8ZW58MHwwfHx8MTc4NzM4MTAzNnww	Los Angeles, United States	Alen Gevorgyan	w0rtex	#123330	#002a34
night-cities	uxU_jyu9e7U	/photo-1581351721010-8cf859cb14a4?ixid=M3wxMjA3fDB8MXxzZWFyY2h8Mnx8bGFzJTIwdmVnYXMlMjBzdHJpcCUyMG5pZ2h0fGVufDB8MHx8fDE3ODczODEwMzZ8MA	Las Vegas, United States	Julian Paefgen	julianpaefgen	#493932	#0a0b12
night-cities	sNLdpqkr2YE	/photo-1577334928618-2ff2bf09e827?ixid=M3wxMjA3fDB8MXxzZWFyY2h8M3x8bGFzJTIwdmVnYXMlMjBzdHJpcCUyMG5pZ2h0fGVufDB8MHx8fDE3ODczODEwMzZ8MA	Las Vegas, United States	Sung Shin	ironstagram	#9d968b	#76553a
night-cities	6R1d2ihF-zE	/photo-1668261929011-4ade8c225292?ixid=M3wxMjA3fDB8MXxzZWFyY2h8NHx8bGFzJTIwdmVnYXMlMjBzdHJpcCUyMG5pZ2h0fGVufDB8MHx8fDE3ODczODEwMzZ8MA	Las Vegas, United States	Yves Scheuber	xgrt51m	#62545d	#031628
night-cities	NdBKbi1XwGw	/photo-1600616366660-ba86bf0b3dfc?ixid=M3wxMjA3fDB8MXxzZWFyY2h8Nnx8bGFzJTIwdmVnYXMlMjBzdHJpcCUyMG5pZ2h0fGVufDB8MHx8fDE3ODczODEwMzZ8MA	Las Vegas, United States	David Vives	davidvives	#61576d	#011238
night-cities	vuHYi6C6tBs	/photo-1601056645460-05fd9ad8f4e0?ixid=M3wxMjA3fDB8MXxzZWFyY2h8N3x8bGFzJTIwdmVnYXMlMjBzdHJpcCUyMG5pZ2h0fGVufDB8MHx8fDE3ODczODEwMzZ8MA	Las Vegas, United States	David Vives	davidvives	#473b38	#040205
night-cities	NF9s89qIaL0	/photo-1575540616469-cc6185554e1c?ixid=M3wxMjA3fDB8MXxzZWFyY2h8OHx8bGFzJTIwdmVnYXMlMjBzdHJpcCUyMG5pZ2h0fGVufDB8MHx8fDE3ODczODEwMzZ8MA	Las Vegas, United States	Matthias Mullie	matthiasmullie	#524b52	#676997
night-cities	P4tbpnpz61Y	/photo-1530686577637-0ccce382b327?ixid=M3wxMjA3fDB8MXxzZWFyY2h8Mnx8bWlhbWklMjBza3lsaW5lJTIwbmlnaHR8ZW58MHwwfHx8MTc4NzM4MTAzN3ww	Miami, United States	Steele Rutherford	rutherford2020	#203231	#010306
night-cities	QtTHy9MUVoQ	/photo-1590477330634-ba4fb18090f8?ixid=M3wxMjA3fDB8MXxzZWFyY2h8M3x8bWlhbWklMjBza3lsaW5lJTIwbmlnaHR8ZW58MHwwfHx8MTc4NzM4MTAzN3ww	Miami, United States	Eric Christian King	ericchristianking	#11110f	#040706
night-cities	Sq_v-LpVlTo	/photo-1546709344-8be01dfbc721?ixid=M3wxMjA3fDB8MXxzZWFyY2h8NHx8bWlhbWklMjBza3lsaW5lJTIwbmlnaHR8ZW58MHwwfHx8MTc4NzM4MTAzN3ww	Miami, United States	Joe deSousa	mustangjoe	#776673	#462629
night-cities	dS2L5bKTSaM	/photo-1690398388394-6a57f7f4fff1?ixid=M3wxMjA3fDB8MXxzZWFyY2h8Nnx8bWlhbWklMjBza3lsaW5lJTIwbmlnaHR8ZW58MHwwfHx8MTc4NzM4MTAzN3ww	Miami, United States	Nick Rickert	nick_rickert	#10292f	#04151b
night-cities	EKTmc1tpfhA	/photo-1574570120202-87f6842d5569?ixid=M3wxMjA3fDB8MXxzZWFyY2h8N3x8bWlhbWklMjBza3lsaW5lJTIwbmlnaHR8ZW58MHwwfHx8MTc4NzM4MTAzN3ww	Miami, United States	Jose Garcia	jg_creative	#505652	#563826
night-cities	gPPi3cEPiwc	/photo-1719427802451-433d1b549832?ixid=M3wxMjA3fDB8MXxzZWFyY2h8OHx8bWlhbWklMjBza3lsaW5lJTIwbmlnaHR8ZW58MHwwfHx8MTc4NzM4MTAzN3ww	Miami, United States	Michael J. Vega	michaeljvega	#745f4e	#2c2738
night-cities	QEob0Fp4rdg	/photo-1438401171849-74ac270044ee?ixid=M3wxMjA3fDB8MXxzZWFyY2h8Mnx8c2VhdHRsZSUyMHNreWxpbmUlMjBuaWdodHxlbnwwfDB8fHwxNzg3MzgxMDM4fDA	Seattle, United States	Zhifei Zhou	phoebezzf	#545574	#97a6db
night-cities	QfhbK2pY0Ao	/photo-1542223616-740d5dff7f56?ixid=M3wxMjA3fDB8MXxzZWFyY2h8M3x8c2VhdHRsZSUyMHNreWxpbmUlMjBuaWdodHxlbnwwfDB8fHwxNzg3MzgxMDM4fDA	Seattle, United States	Andrea Leopardi	whatyouhide	#323c41	#032b42
night-cities	4q4nvQFkSnk	/photo-1568358415928-2752cdb085b6?ixid=M3wxMjA3fDB8MXxzZWFyY2h8NHx8c2VhdHRsZSUyMHNreWxpbmUlMjBuaWdodHxlbnwwfDB8fHwxNzg3MzgxMDM4fDA	Seattle, United States	Leon LEE	polipond	#3a4260	#27427a
night-cities	aJmmebD4NpE	/photo-1540745291638-2c71059043e5?ixid=M3wxMjA3fDB8MXxzZWFyY2h8Nnx8c2VhdHRsZSUyMHNreWxpbmUlMjBuaWdodHxlbnwwfDB8fHwxNzg3MzgxMDM4fDA	Seattle, United States	Eric Zhang	eric_zhang	#705049	#855a5a
night-cities	QdBI1hkgMpY	/photo-1586758056237-a602a089a196?ixid=M3wxMjA3fDB8MXxzZWFyY2h8N3x8c2VhdHRsZSUyMHNreWxpbmUlMjBuaWdodHxlbnwwfDB8fHwxNzg3MzgxMDM4fDA	Seattle, United States	Varadh Jain	anekanta	#2d526a	#0b547a
night-cities	kAfTkGOuis8	/photo-1594664233467-708a77a3299f?ixid=M3wxMjA3fDB8MXxzZWFyY2h8OHx8c2VhdHRsZSUyMHNreWxpbmUlMjBuaWdodHxlbnwwfDB8fHwxNzg3MzgxMDM4fDA	Seattle, United States	Caleb Riston	calebriston	#4b6273	#5794b8
night-cities	AaBI5iGNcVo	/photo-1614261229399-a4ab437afcdf?ixid=M3wxMjA3fDB8MXxzZWFyY2h8Mnx8bG9uZG9uJTIwdGhhbWVzJTIwbmlnaHQlMjBza3lsaW5lfGVufDB8MHx8fDE3ODczODEwMzl8MA	London, United Kingdom	Nick Fewings	jannerboy62	#4d2b23	#170702
night-cities	I1Vxp-sp6lg	/photo-1682696606364-93bfe925ce6b?ixid=M3wxMjA3fDB8MXxzZWFyY2h8M3x8bG9uZG9uJTIwdGhhbWVzJTIwbmlnaHQlMjBza3lsaW5lfGVufDB8MHx8fDE3ODczODEwMzl8MA	London, United Kingdom	Dennis_TM	dennis_tm	#22232b	#04060a
night-cities	KPJnO93ps7Y	/photo-1663669719518-4d4ec6f61192?ixid=M3wxMjA3fDB8MXxzZWFyY2h8NHx8bG9uZG9uJTIwdGhhbWVzJTIwbmlnaHQlMjBza3lsaW5lfGVufDB8MHx8fDE3ODczODEwMzl8MA	London, United Kingdom	Michael Fousert	michaelfousert	#21202b	#000617
night-cities	_ciNfJf_cNY	/photo-1569504863571-455d58d82038?ixid=M3wxMjA3fDB8MXxzZWFyY2h8Nnx8bG9uZG9uJTIwdGhhbWVzJTIwbmlnaHQlMjBza3lsaW5lfGVufDB8MHx8fDE3ODczODEwMzl8MA	London, United Kingdom	Alvaro Polo	alpoher_	#5c4431	#462a17
night-cities	GcOhvRwxeUg	/photo-1683023634479-f2a709f5b255?ixid=M3wxMjA3fDB8MXxzZWFyY2h8N3x8bG9uZG9uJTIwdGhhbWVzJTIwbmlnaHQlMjBza3lsaW5lfGVufDB8MHx8fDE3ODczODEwMzl8MA	London, United Kingdom	Tadas Petrokas	petrokas	#205361	#004866
night-cities	BOy6r0e2Iqs	/photo-1672140542406-bfbd6a7f654a?ixid=M3wxMjA3fDB8MXxzZWFyY2h8OHx8bG9uZG9uJTIwdGhhbWVzJTIwbmlnaHQlMjBza3lsaW5lfGVufDB8MHx8fDE3ODczODEwMzl8MA	London, United Kingdom	zubair.works	zubair_works	#363344	#232236
night-cities	V9lFsmelUOo	/photo-1667271331041-0454c9f5902e?ixid=M3wxMjA3fDB8MXxzZWFyY2h8Mnx8cGFyaXMlMjBlaWZmZWwlMjB0b3dlciUyMG5pZ2h0fGVufDB8MHx8fDE3ODczODEwNDB8MA	Paris, France	Amelia Cui	ameliacui	#99a3c4	#85aaea
night-cities	wTSXKJBtznA	/photo-1509299349698-dd22323b5963?ixid=M3wxMjA3fDB8MXxzZWFyY2h8M3x8cGFyaXMlMjBlaWZmZWwlMjB0b3dlciUyMG5pZ2h0fGVufDB8MHx8fDE3ODczODEwNDB8MA	Paris, France	Alexis Minchella	alexmnch	#706c74	#4c67a5
night-cities	wyb8VksgmlA	/photo-1633982341410-a6dbc348f9d5?ixid=M3wxMjA3fDB8MXxzZWFyY2h8NHx8cGFyaXMlMjBlaWZmZWwlMjB0b3dlciUyMG5pZ2h0fGVufDB8MHx8fDE3ODczODEwNDB8MA	Paris, France	Ignacio Giri	ignaciogiri	#727f92	#5797c5
night-cities	Qyq6grewe_Q	/photo-1597933794920-a313c09b8022?ixid=M3wxMjA3fDB8MXxzZWFyY2h8Nnx8cGFyaXMlMjBlaWZmZWwlMjB0b3dlciUyMG5pZ2h0fGVufDB8MHx8fDE3ODczODEwNDB8MA	Paris, France	Harika Digumarthi	harika_273	#3f261a	#26181a
night-cities	z090RHwnLSs	/photo-1769374343062-23dd6e672352?ixid=M3wxMjA3fDB8MXxzZWFyY2h8N3x8cGFyaXMlMjBlaWZmZWwlMjB0b3dlciUyMG5pZ2h0fGVufDB8MHx8fDE3ODczODEwNDB8MA	Paris, France	Vinicius Brasil	vinib	#505e65	#285364
night-cities	cwy7-CUpjmc	/photo-1717737809416-6245f5036830?ixid=M3wxMjA3fDB8MXxzZWFyY2h8OHx8cGFyaXMlMjBlaWZmZWwlMjB0b3dlciUyMG5pZ2h0fGVufDB8MHx8fDE3ODczODEwNDB8MA	Paris, France	Daryan Shamkhali	daryan	#5f5c59	#060503
night-cities	NwgTMorEtMg	/photo-1602940112683-1bec84261027?ixid=M3wxMjA3fDB8MXxzZWFyY2h8Mnx8YmVybGluJTIwbmlnaHQlMjBza3lsaW5lfGVufDB8MHx8fDE3ODczODEwNDF8MA	Berlin, Germany	Andreas Niendorf	ndrf	#625b58	#372824
night-cities	b-ssmNhiudw	/photo-1691144493524-0b4be1476aa6?ixid=M3wxMjA3fDB8MXxzZWFyY2h8M3x8YmVybGluJTIwbmlnaHQlMjBza3lsaW5lfGVufDB8MHx8fDE3ODczODEwNDF8MA	Berlin, Germany	Christian Ladewig	dozy_de	#0a0f12	#091113
night-cities	bzM60RS_59w	/photo-1754327071851-03a2e0606d71?ixid=M3wxMjA3fDB8MXxzZWFyY2h8NHx8YmVybGluJTIwbmlnaHQlMjBza3lsaW5lfGVufDB8MHx8fDE3ODczODEwNDF8MA	Berlin, Germany	Samuel Girven	sgir_v	#0d1015	#010205
night-cities	3RbWk0KjPjQ	/photo-1754327066297-6155b0693b55?ixid=M3wxMjA3fDB8MXxzZWFyY2h8Nnx8YmVybGluJTIwbmlnaHQlMjBza3lsaW5lfGVufDB8MHx8fDE3ODczODEwNDF8MA	Berlin, Germany	Samuel Girven	sgir_v	#170e06	#050201
night-cities	ErVaO6qDnAE	/photo-1641531223361-6b91d8605d8b?ixid=M3wxMjA3fDB8MXxzZWFyY2h8N3x8YmVybGluJTIwbmlnaHQlMjBza3lsaW5lfGVufDB8MHx8fDE3ODczODEwNDF8MA	Berlin, Germany	Norbert Braun	medion4you	#53627f	#2859a6
night-cities	39HMc-VnSxQ	/photo-1708659844953-3523d8d191f0?ixid=M3wxMjA3fDB8MXxzZWFyY2h8OHx8YmVybGluJTIwbmlnaHQlMjBza3lsaW5lfGVufDB8MHx8fDE3ODczODEwNDF8MA	Berlin, Germany	Michael Busch	migelon	#303644	#060405
night-cities	t2hgHV1R7_g	/photo-1512470876302-972faa2aa9a4?ixid=M3wxMjA3fDB8MXxzZWFyY2h8Mnx8YW1zdGVyZGFtJTIwY2FuYWxzJTIwbmlnaHR8ZW58MHwwfHx8MTc4NzM4MTA0Mnww	Amsterdam, Netherlands	Azhar J	azhrjl	#766d6b	#a5a4aa
night-cities	QeLYBMvOk-A	/photo-1557251407-6356f6384370?ixid=M3wxMjA3fDB8MXxzZWFyY2h8M3x8YW1zdGVyZGFtJTIwY2FuYWxzJTIwbmlnaHR8ZW58MHwwfHx8MTc4NzM4MTA0Mnww	Amsterdam, Netherlands	Ansgar Scheffold	ansgarscheffold	#53463c	#19120c
night-cities	xQQShnDWY-Q	/photo-1524047934617-cb782c24e5f3?ixid=M3wxMjA3fDB8MXxzZWFyY2h8NHx8YW1zdGVyZGFtJTIwY2FuYWxzJTIwbmlnaHR8ZW58MHwwfHx8MTc4NzM4MTA0Mnww	Amsterdam, Netherlands	Leif Niemczik	leifniem	#61626e	#494856
night-cities	a9_izTcPXJc	/photo-1520672038346-9b20a2c9c173?ixid=M3wxMjA3fDB8MXxzZWFyY2h8Nnx8YW1zdGVyZGFtJTIwY2FuYWxzJTIwbmlnaHR8ZW58MHwwfHx8MTc4NzM4MTA0Mnww	Amsterdam, Netherlands	Sávio Félix	saviofelix	#787f7a	#88b5c2
night-cities	Ls3eX4BSBWA	/photo-1518622923628-f909e4f7c583?ixid=M3wxMjA3fDB8MXxzZWFyY2h8N3x8YW1zdGVyZGFtJTIwY2FuYWxzJTIwbmlnaHR8ZW58MHwwfHx8MTc4NzM4MTA0Mnww	Amsterdam, Netherlands	Jordan Pulmano	jordanpulmano	#4a3c34	#051a1a
night-cities	SSn67Rmg0Zw	/photo-1696793858596-8edd7e6d87fd?ixid=M3wxMjA3fDB8MXxzZWFyY2h8OHx8YW1zdGVyZGFtJTIwY2FuYWxzJTIwbmlnaHR8ZW58MHwwfHx8MTc4NzM4MTA0Mnww	Amsterdam, Netherlands	Dmitrii E.	dmitriielj	#6b6a75	#262a36
night-cities	h0qUUgi2WZg	/photo-1627764164847-eb86d3ed27c9?ixid=M3wxMjA3fDB8MXxzZWFyY2h8Mnx8YmFyY2Vsb25hJTIwbmlnaHQlMjBza3lsaW5lfGVufDB8MHx8fDE3ODczODEwNDJ8MA	Barcelona, Spain	Jordi Vich Navarro	jvich	#6a8bb1	#2777c8
night-cities	Q48MVbC1m40	/photo-1585310952719-b76425d15a98?ixid=M3wxMjA3fDB8MXxzZWFyY2h8M3x8YmFyY2Vsb25hJTIwbmlnaHQlMjBza3lsaW5lfGVufDB8MHx8fDE3ODczODEwNDJ8MA	Barcelona, Spain	Leyre	leyy	#372b28	#273c3a
night-cities	C6oFJKusQPs	/photo-1711534283558-812f4dadb433?ixid=M3wxMjA3fDB8MXxzZWFyY2h8NHx8YmFyY2Vsb25hJTIwbmlnaHQlMjBza3lsaW5lfGVufDB8MHx8fDE3ODczODEwNDJ8MA	Barcelona, Spain	Javier Bosch	_javitxu	#655453	#261406
night-cities	wPnWOFQkfKo	/photo-1583190299014-883b05791ae0?ixid=M3wxMjA3fDB8MXxzZWFyY2h8NXx8YmFyY2Vsb25hJTIwbmlnaHQlMjBza3lsaW5lfGVufDB8MHx8fDE3ODczODEwNDJ8MA	Barcelona, Spain	Leyre	leyy	#696c72	#939599
night-cities	sFu7FAnEkSA	/photo-1672264685340-810d585cf40a?ixid=M3wxMjA3fDB8MXxzZWFyY2h8Nnx8YmFyY2Vsb25hJTIwbmlnaHQlMjBza3lsaW5lfGVufDB8MHx8fDE3ODczODEwNDJ8MA	Barcelona, Spain	Boris Hadjur	keepxploring	#716a76	#9993aa
night-cities	n25I3em2V-k	/photo-1769859177810-f381afe1d9c5?ixid=M3wxMjA3fDB8MXxzZWFyY2h8N3x8YmFyY2Vsb25hJTIwbmlnaHQlMjBza3lsaW5lfGVufDB8MHx8fDE3ODczODEwNDJ8MA	Barcelona, Spain	David Vives	davidvives	#59594f	#021c45
night-cities	frx-gt8La2E	/photo-1535723129303-6a7635e28cd3?ixid=M3wxMjA3fDB8MXxzZWFyY2h8Mnx8cHJhZ3VlJTIwbmlnaHQlMjBjaGFybGVzJTIwYnJpZGdlfGVufDB8MHx8fDE3ODczODEwNDN8MA	Prague Night, Czechia	Lachlan Gowen	lachlangowen	#5f4c52	#151419
night-cities	TLJWlBPToWY	/photo-1683636539533-c49b7daafee5?ixid=M3wxMjA3fDB8MXxzZWFyY2h8M3x8cHJhZ3VlJTIwbmlnaHQlMjBjaGFybGVzJTIwYnJpZGdlfGVufDB8MHx8fDE3ODczODEwNDN8MA	Prague Night, Czechia	Timothy Cuenat	timothycuenat	#65686d	#7b8395
night-cities	ke_R5V2x4tU	/photo-1657657489408-60416a82af16?ixid=M3wxMjA3fDB8MXxzZWFyY2h8NHx8cHJhZ3VlJTIwbmlnaHQlMjBjaGFybGVzJTIwYnJpZGdlfGVufDB8MHx8fDE3ODczODEwNDN8MA	Prague Night, Czechia	Josef Stepanek	josefstepanek	#2f3034	#061428
night-cities	PMXr4YjheEg	/photo-1700457833724-8fb2e43a61ba?ixid=M3wxMjA3fDB8MXxzZWFyY2h8Nnx8cHJhZ3VlJTIwbmlnaHQlMjBjaGFybGVzJTIwYnJpZGdlfGVufDB8MHx8fDE3ODczODEwNDN8MA	Prague Night, Czechia	Vlad Namashko	nvv	#2f3230	#011c37
night-cities	a_0j5ASxrm8	/photo-1681130904343-f63454210a6b?ixid=M3wxMjA3fDB8MXxzZWFyY2h8N3x8cHJhZ3VlJTIwbmlnaHQlMjBjaGFybGVzJTIwYnJpZGdlfGVufDB8MHx8fDE3ODczODEwNDN8MA	Prague Night, Czechia	Xihao Liu	xihao_liu	#644932	#523a35
night-cities	4PPRGY1uxpo	/photo-1736495577971-4f14451c93fa?ixid=M3wxMjA3fDB8MXxzZWFyY2h8OHx8cHJhZ3VlJTIwbmlnaHQlMjBjaGFybGVzJTIwYnJpZGdlfGVufDB8MHx8fDE3ODczODEwNDN8MA	Prague Night, Czechia	Mikheil Kuzmidi	mikkuz	#432a15	#010000
night-cities	LiE-pn2fJ5I	/photo-1610752400564-c97cbbb5cfba?ixid=M3wxMjA3fDB8MXxzZWFyY2h8Mnx8YnVkYXBlc3QlMjBwYXJsaWFtZW50JTIwbmlnaHR8ZW58MHwwfHx8MTc4NzM4MTA0NHww	Budapest Night, Hungary	Gabriel Miklós	gebgramm	#3b5369	#2a76a5
night-cities	-9Ap357MJ8s	/photo-1555958493-1380d49ac1ef?ixid=M3wxMjA3fDB8MXxzZWFyY2h8M3x8YnVkYXBlc3QlMjBwYXJsaWFtZW50JTIwbmlnaHR8ZW58MHwwfHx8MTc4NzM4MTA0NHww	Budapest Night, Hungary	Jason Mavrommatis	jasonblackeye	#3b291c	#0a0603
night-cities	jOyTeT946cw	/photo-1558392606-89f76d482685?ixid=M3wxMjA3fDB8MXxzZWFyY2h8NHx8YnVkYXBlc3QlMjBwYXJsaWFtZW50JTIwbmlnaHR8ZW58MHwwfHx8MTc4NzM4MTA0NHww	Budapest Night, Hungary	Jure Tufekcic	tufo	#888a9b	#8b9bb3
night-cities	KiUE0O5pVeI	/photo-1698657792682-48f73d9d0b8c?ixid=M3wxMjA3fDB8MXxzZWFyY2h8Nnx8YnVkYXBlc3QlMjBwYXJsaWFtZW50JTIwbmlnaHR8ZW58MHwwfHx8MTc4NzM4MTA0NHww	Budapest Night, Hungary	Leonhard Niederwimmer	lnlnln	#313248	#002659
night-cities	5-TYLHGcde4	/photo-1582063411725-9d0778d662de?ixid=M3wxMjA3fDB8MXxzZWFyY2h8N3x8YnVkYXBlc3QlMjBwYXJsaWFtZW50JTIwbmlnaHR8ZW58MHwwfHx8MTc4NzM4MTA0NHww	Budapest Night, Hungary	Vojtěch Bulant	vbulant	#4f4850	#455979
night-cities	KFjZByheKT4	/photo-1523649943785-3ea395fefd8e?ixid=M3wxMjA3fDB8MXxzZWFyY2h8OHx8YnVkYXBlc3QlMjBwYXJsaWFtZW50JTIwbmlnaHR8ZW58MHwwfHx8MTc4NzM4MTA0NHww	Budapest Night, Hungary	Dan Novac	dnovac	#482c14	#1b1917
night-cities	VI3tGaeARs0	/photo-1691194268444-dbad414ef0e3?ixid=M3wxMjA3fDB8MXxzZWFyY2h8MXx8dmllbm5hJTIwbmlnaHQlMjBjaXR5fGVufDB8MHx8fDE3ODczODEwNDV8MA	Vienna, Austria	Iveri MODEBADZE	iversonmodo	#3c3d32	#060709
night-cities	nICikKgRps0	/photo-1642443151463-272661eae959?ixid=M3wxMjA3fDB8MXxzZWFyY2h8Mnx8dmllbm5hJTIwbmlnaHQlMjBjaXR5fGVufDB8MHx8fDE3ODczODEwNDV8MA	Vienna, Austria	Soheil Alizadeh	soheilalizadeh	#0e1e27	#040408
night-cities	bTTxO1xNZpo	/photo-1637955580355-106b68e18112?ixid=M3wxMjA3fDB8MXxzZWFyY2h8M3x8dmllbm5hJTIwbmlnaHQlMjBjaXR5fGVufDB8MHx8fDE3ODczODEwNDV8MA	Vienna, Austria	Nitish Surelia	indianpixelguy	#1f1b1b	#010005
night-cities	HH3yoy4N6hk	/photo-1641849315225-e15a10c3f1e3?ixid=M3wxMjA3fDB8MXxzZWFyY2h8NHx8dmllbm5hJTIwbmlnaHQlMjBjaXR5fGVufDB8MHx8fDE3ODczODEwNDV8MA	Vienna, Austria	Ashkan	ashk_mm	#4e3d2e	#070504
night-cities	CyAhjVp7-Tc	/photo-1659950082451-65da1815cd42?ixid=M3wxMjA3fDB8MXxzZWFyY2h8NXx8dmllbm5hJTIwbmlnaHQlMjBjaXR5fGVufDB8MHx8fDE3ODczODEwNDV8MA	Vienna, Austria	Kaja Sariwating	k_sariwating	#5c4e41	#685645
night-cities	-rrmxYSrxis	/photo-1749764637668-d8c66cbd921b?ixid=M3wxMjA3fDB8MXxzZWFyY2h8Nnx8dmllbm5hJTIwbmlnaHQlMjBjaXR5fGVufDB8MHx8fDE3ODczODEwNDV8MA	Vienna, Austria	Carrie Borden	carrie_borden	#333d4d	#15375c
night-cities	9FkQpB2rVjw	/photo-1636537511494-c3e558e0702b?ixid=M3wxMjA3fDB8MXxzZWFyY2h8Mnx8aXN0YW5idWwlMjBuaWdodCUyMGdhbGF0YXxlbnwwfDB8fHwxNzg3MzgxMDQ1fDA	Istanbul, Türkiye	Ibrahim Uzun	ibuzn	#60808e	#0194c9
night-cities	OS4m30K7KeI	/photo-1661935635412-fa36cf42ae35?ixid=M3wxMjA3fDB8MXxzZWFyY2h8M3x8aXN0YW5idWwlMjBuaWdodCUyMGdhbGF0YXxlbnwwfDB8fHwxNzg3MzgxMDQ1fDA	Istanbul, Türkiye	Osman Özavcı	osman23	#55586a	#040804
night-cities	iQTmygr_WTY	/photo-1623439845420-6eb167001b2a?ixid=M3wxMjA3fDB8MXxzZWFyY2h8NHx8aXN0YW5idWwlMjBuaWdodCUyMGdhbGF0YXxlbnwwfDB8fHwxNzg3MzgxMDQ1fDA	Istanbul, Türkiye	Ibrahim Uzun	ibuzn	#726057	#d6ac89
night-cities	cmWcpcscSGA	/photo-1696711551721-458511adcd86?ixid=M3wxMjA3fDB8MXxzZWFyY2h8Nnx8aXN0YW5idWwlMjBuaWdodCUyMGdhbGF0YXxlbnwwfDB8fHwxNzg3MzgxMDQ1fDA	Istanbul, Türkiye	Joshua Kettle	joshuakettle	#2c293b	#050303
night-cities	aSVQ_wMEPTY	/photo-1738334383330-cce0db3cdee1?ixid=M3wxMjA3fDB8MXxzZWFyY2h8N3x8aXN0YW5idWwlMjBuaWdodCUyMGdhbGF0YXxlbnwwfDB8fHwxNzg3MzgxMDQ1fDA	Istanbul, Türkiye	Ahmet Kahveci	kahveci	#505f63	#020914
night-cities	JcfQY4nzQ-I	/photo-1608677663465-bc94c1c72416?ixid=M3wxMjA3fDB8MXxzZWFyY2h8OHx8aXN0YW5idWwlMjBuaWdodCUyMGdhbGF0YXxlbnwwfDB8fHwxNzg3MzgxMDQ1fDA	Istanbul, Türkiye	Ervo Rocks	ervorocks	#2d2831	#060305
deep-forest	nFOt5CiWsko	/photo-1665531476560-2b96aefa094c?ixid=M3wxMjA3fDB8MXxzZWFyY2h8Mnx8cmVkd29vZCUyMGZvcmVzdCUyMGNhbGlmb3JuaWElMjBmb2d8ZW58MHwwfHx8MTc4NzM4MTA0Nnww	Redwood National Park, United States	Divya Shankar	divyshankar	#797870	#766667
deep-forest	tEWF0EiXyUQ	/photo-1725323292803-2f72392904cc?ixid=M3wxMjA3fDB8MXxzZWFyY2h8M3x8cmVkd29vZCUyMGZvcmVzdCUyMGNhbGlmb3JuaWElMjBmb2d8ZW58MHwwfHx8MTc4NzM4MTA0Nnww	Redwood National Park, United States	CURTIS HYSTAD	extralongexposure	#736d68	#493228
deep-forest	ql4jRa2y8Qc	/photo-1770883399188-4c28f631a36e?ixid=M3wxMjA3fDB8MXxzZWFyY2h8NHx8cmVkd29vZCUyMGZvcmVzdCUyMGNhbGlmb3JuaWElMjBmb2d8ZW58MHwwfHx8MTc4NzM4MTA0Nnww	Redwood National Park, United States	Adam Young	hossua34	#393828	#282616
deep-forest	vLX1N30FOEY	/photo-1786748012490-1fdddb1b52dd?ixid=M3wxMjA3fDB8MXxzZWFyY2h8Nnx8cmVkd29vZCUyMGZvcmVzdCUyMGNhbGlmb3JuaWElMjBmb2d8ZW58MHwwfHx8MTc4NzM4MTA0Nnww	Redwood National Park, United States	Dylan Taylor	dyltayl	#2e2818	#171608
deep-forest	BSMx7Tudo5I	/photo-1787242184238-a7713decb1ff?ixid=M3wxMjA3fDB8MXxzZWFyY2h8N3x8cmVkd29vZCUyMGZvcmVzdCUyMGNhbGlmb3JuaWElMjBmb2d8ZW58MHwwfHx8MTc4NzM4MTA0Nnww	Redwood National Park, United States	Dylan Taylor	dyltayl	#232014	#17150b
deep-forest	M-hEzsn9eiI	/photo-1786912094118-46a05470172e?ixid=M3wxMjA3fDB8MXxzZWFyY2h8OHx8cmVkd29vZCUyMGZvcmVzdCUyMGNhbGlmb3JuaWElMjBmb2d8ZW58MHwwfHx8MTc4NzM4MTA0Nnww	Redwood National Park, United States	Dylan Taylor	dyltayl	#3f3f3f	#150b0c
deep-forest	VTk4a5vfT9M	/photo-1659692748563-428457b15036?ixid=M3wxMjA3fDB8MXxzZWFyY2h8Mnx8aG9oJTIwcmFpbmZvcmVzdCUyMG9seW1waWMlMjBtb3NzfGVufDB8MHx8fDE3ODczODEwNDd8MA	Hoh Rain Forest, United States	Griffin Quinn	griffinquinn	#353226	#282517
deep-forest	A4W3EwylWZo	/photo-1659692748333-46ee151f3c9b?ixid=M3wxMjA3fDB8MXxzZWFyY2h8M3x8aG9oJTIwcmFpbmZvcmVzdCUyMG9seW1waWMlMjBtb3NzfGVufDB8MHx8fDE3ODczODEwNDd8MA	Hoh Rain Forest, United States	Griffin Quinn	griffinquinn	#504b32	#494625
deep-forest	DKpQT3trKn4	/photo-1659692812197-af24255835bc?ixid=M3wxMjA3fDB8MXxzZWFyY2h8NHx8aG9oJTIwcmFpbmZvcmVzdCUyMG9seW1waWMlMjBtb3NzfGVufDB8MHx8fDE3ODczODEwNDd8MA	Hoh Rain Forest, United States	Griffin Quinn	griffinquinn	#2a2712	#191608
deep-forest	E8euERG09gM	/photo-1659692748357-090821ec3f4e?ixid=M3wxMjA3fDB8MXxzZWFyY2h8NXx8aG9oJTIwcmFpbmZvcmVzdCUyMG9seW1waWMlMjBtb3NzfGVufDB8MHx8fDE3ODczODEwNDd8MA	Hoh Rain Forest, United States	Griffin Quinn	griffinquinn	#31301c	#282714
deep-forest	Bs4QKwsLw0Y	/photo-1659692812268-c2c6e48a438a?ixid=M3wxMjA3fDB8MXxzZWFyY2h8Nnx8aG9oJTIwcmFpbmZvcmVzdCUyMG9seW1waWMlMjBtb3NzfGVufDB8MHx8fDE3ODczODEwNDd8MA	Hoh Rain Forest, United States	Griffin Quinn	griffinquinn	#424242	#171717
deep-forest	yHfuM_mV-v4	/photo-1779819450900-e03ab01bbbad?ixid=M3wxMjA3fDB8MXxzZWFyY2h8N3x8aG9oJTIwcmFpbmZvcmVzdCUyMG9seW1waWMlMjBtb3NzfGVufDB8MHx8fDE3ODczODEwNDd8MA	Hoh Rain Forest, United States	Wei Liang	whopperlover	#433f0f	#090701
deep-forest	xHAznkryH88	/photo-1628425192308-c85c44ee177e?ixid=M3wxMjA3fDB8MXxzZWFyY2h8Mnx8b2x5bXBpYyUyMG5hdGlvbmFsJTIwcGFyayUyMG1vc3N5JTIwZm9yZXN0fGVufDB8MHx8fDE3ODczODEwNDh8MA	Olympic Peninsula Woods, United States	Georg Eiermann	georgeiermann	#7c8648	#788746
deep-forest	UEdCdoF7F4c	/photo-1682904553432-178e8219cf1d?ixid=M3wxMjA3fDB8MXxzZWFyY2h8NHx8b2x5bXBpYyUyMG5hdGlvbmFsJTIwcGFyayUyMG1vc3N5JTIwZm9yZXN0fGVufDB8MHx8fDE3ODczODEwNDh8MA	Olympic Peninsula Woods, United States	Elizabeth Gottwald	wanderlustphotography	#59553c	#383825
deep-forest	SAlGafuQ9n8	/photo-1628425184542-97f1193bba54?ixid=M3wxMjA3fDB8MXxzZWFyY2h8OHx8b2x5bXBpYyUyMG5hdGlvbmFsJTIwcGFyayUyMG1vc3N5JTIwZm9yZXN0fGVufDB8MHx8fDE3ODczODEwNDh8MA	Olympic Peninsula Woods, United States	Georg Eiermann	georgeiermann	#847b44	#686625
deep-forest	_glgclBJq5M	/photo-1718420720735-f5103fd6ad62?ixid=M3wxMjA3fDB8MXxzZWFyY2h8OXx8b2x5bXBpYyUyMG5hdGlvbmFsJTIwcGFyayUyMG1vc3N5JTIwZm9yZXN0fGVufDB8MHx8fDE3ODczODEwNDh8MA	Olympic Peninsula Woods, United States	Brianna Parks	briannaparksphotography	#6b724c	#484726
deep-forest	RLDpoEOd3IU	/photo-1714053072973-2dc8078162bf?ixid=M3wxMjA3fDB8MXxzZWFyY2h8MTB8fG9seW1waWMlMjBuYXRpb25hbCUyMHBhcmslMjBtb3NzeSUyMGZvcmVzdHxlbnwwfDB8fHwxNzg3MzgxMDQ4fDA	Olympic Peninsula Woods, United States	Georg Eiermann	georgeiermann	#504b27	#191709
deep-forest	A_l2z-CQ7og	/photo-1714053067949-34beb7950a4d?ixid=M3wxMjA3fDB8MXxzZWFyY2h8MTF8fG9seW1waWMlMjBuYXRpb25hbCUyMHBhcmslMjBtb3NzeSUyMGZvcmVzdHxlbnwwfDB8fHwxNzg3MzgxMDQ4fDA	Olympic Peninsula Woods, United States	Georg Eiermann	georgeiermann	#6a6d40	#767747
deep-forest	TdJGS3T3vlA	/photo-1708895615079-dace1646b9d5?ixid=M3wxMjA3fDB8MXxzZWFyY2h8NHx8c2VxdW9pYSUyMGdyb3ZlJTIwZm9nJTIwY2FsaWZvcm5pYXxlbnwwfDB8fHwxNzg3MzgxMDQ4fDA	Sequoia Grove, United States	Angela Wang	designfoundersf	#a5a5a4	#d7d7d9
deep-forest	lW-2C8UH7yg	/photo-1665531358046-f379b2102ab6?ixid=M3wxMjA3fDB8MXxzZWFyY2h8Nnx8c2VxdW9pYSUyMGdyb3ZlJTIwZm9nJTIwY2FsaWZvcm5pYXxlbnwwfDB8fHwxNzg3MzgxMDQ4fDA	Sequoia Grove, United States	Divya Shankar	divyshankar	#73746b	#777776
deep-forest	ovN-HGgI2e0	/photo-1590737303008-a86b2108fa94?ixid=M3wxMjA3fDB8MXxzZWFyY2h8N3x8c2VxdW9pYSUyMGdyb3ZlJTIwZm9nJTIwY2FsaWZvcm5pYXxlbnwwfDB8fHwxNzg3MzgxMDQ4fDA	Sequoia Grove, United States	Lucas Myers	unthunk	#585852	#33342b
deep-forest	my4anrW_NPU	/photo-1512020636042-e3cef970b0c0?ixid=M3wxMjA3fDB8MXxzZWFyY2h8OHx8c2VxdW9pYSUyMGdyb3ZlJTIwZm9nJTIwY2FsaWZvcm5pYXxlbnwwfDB8fHwxNzg3MzgxMDQ4fDA	Sequoia Grove, United States	pine watt	pinewatt	#53625d	#192524
deep-forest	Eg2ansp904o	/photo-1583504020879-cf69dcf15986?ixid=M3wxMjA3fDB8MXxzZWFyY2h8MTB8fHNlcXVvaWElMjBncm92ZSUyMGZvZyUyMGNhbGlmb3JuaWF8ZW58MHwwfHx8MTc4NzM4MTA0OHww	Sequoia Grove, United States	Max Jakob	iimvxvmii	#3b4652	#151616
deep-forest	YF-5iSBCiu8	/photo-1598534936501-9136f5b44a59?ixid=M3wxMjA3fDB8MXxzZWFyY2h8MTF8fHNlcXVvaWElMjBncm92ZSUyMGZvZyUyMGNhbGlmb3JuaWF8ZW58MHwwfHx8MTc4NzM4MTA0OHww	Sequoia Grove, United States	Mick Haupt	rocinante_11	#5e697e	#95aad5
deep-forest	yj4Jjl2sCL0	/photo-1675702662605-57e37a8cb2c3?ixid=M3wxMjA3fDB8MXxzZWFyY2h8Mnx8c21va3klMjBtb3VudGFpbnMlMjBmb3Jlc3QlMjBtaXN0fGVufDB8MHx8fDE3ODczODEwNDl8MA	Great Smoky Mountains Woods, United States	Brice Cooper	brice_cooper18	#555f64	#596469
deep-forest	VazdXrGvLnQ	/photo-1565823891176-f25f4f740fb6?ixid=M3wxMjA3fDB8MXxzZWFyY2h8M3x8c21va3klMjBtb3VudGFpbnMlMjBmb3Jlc3QlMjBtaXN0fGVufDB8MHx8fDE3ODczODEwNDl8MA	Great Smoky Mountains Woods, United States	Stephen Ellis	fstopusa	#4e585e	#08141b
deep-forest	cA5m1s8S1Z4	/photo-1698759087676-f1c08f7d160a?ixid=M3wxMjA3fDB8MXxzZWFyY2h8NHx8c21va3klMjBtb3VudGFpbnMlMjBmb3Jlc3QlMjBtaXN0fGVufDB8MHx8fDE3ODczODEwNDl8MA	Great Smoky Mountains Woods, United States	Shreyas Sane	shreyasdbz	#90989c	#eaf3fb
deep-forest	znPa4dg4rT8	/photo-1675702664508-0235c0e9d4e2?ixid=M3wxMjA3fDB8MXxzZWFyY2h8Nnx8c21va3klMjBtb3VudGFpbnMlMjBmb3Jlc3QlMjBtaXN0fGVufDB8MHx8fDE3ODczODEwNDl8MA	Great Smoky Mountains Woods, United States	Brice Cooper	brice_cooper18	#5b656c	#75838b
deep-forest	mKaOe_ZgSOw	/photo-1641785763493-caefce1552ae?ixid=M3wxMjA3fDB8MXxzZWFyY2h8N3x8c21va3klMjBtb3VudGFpbnMlMjBmb3Jlc3QlMjBtaXN0fGVufDB8MHx8fDE3ODczODEwNDl8MA	Great Smoky Mountains Woods, United States	Leslie Cross	leslie_outofdoors	#737877	#171904
deep-forest	2JSO1J9RhqM	/photo-1641785763501-64b2cf787be8?ixid=M3wxMjA3fDB8MXxzZWFyY2h8OHx8c21va3klMjBtb3VudGFpbnMlMjBmb3Jlc3QlMjBtaXN0fGVufDB8MHx8fDE3ODczODEwNDl8MA	Great Smoky Mountains Woods, United States	Leslie Cross	leslie_outofdoors	#757571	#292813
deep-forest	sNosbWsH9wE	/photo-1631941461005-a915d514ef03?ixid=M3wxMjA3fDB8MXxzZWFyY2h8Mnx8YXBwYWxhY2hpYW4lMjBmb3Jlc3QlMjBhdXR1bW4lMjBtaXN0fGVufDB8MHx8fDE3ODczODEwNTB8MA	Appalachian Forest, United States	Gary Yost	gyostimages	#8f8771	#493605
deep-forest	erN8WfGWZfg	/photo-1633618108575-7b4047d521d0?ixid=M3wxMjA3fDB8MXxzZWFyY2h8M3x8YXBwYWxhY2hpYW4lMjBmb3Jlc3QlMjBhdXR1bW4lMjBtaXN0fGVufDB8MHx8fDE3ODczODEwNTB8MA	Appalachian Forest, United States	Sean Foster	fosterious	#768690	#a8c8d3
deep-forest	jQoJVCVD9uY	/photo-1633618106838-3ece12438204?ixid=M3wxMjA3fDB8MXxzZWFyY2h8NHx8YXBwYWxhY2hpYW4lMjBmb3Jlc3QlMjBhdXR1bW4lMjBtaXN0fGVufDB8MHx8fDE3ODczODEwNTB8MA	Appalachian Forest, United States	Sean Foster	fosterious	#838a90	#c6dbe2
deep-forest	CZWWCsEv6LQ	/photo-1633618110230-f877fbe73130?ixid=M3wxMjA3fDB8MXxzZWFyY2h8NXx8YXBwYWxhY2hpYW4lMjBmb3Jlc3QlMjBhdXR1bW4lMjBtaXN0fGVufDB8MHx8fDE3ODczODEwNTB8MA	Appalachian Forest, United States	Sean Foster	fosterious	#877b74	#372516
deep-forest	XPZu8CfuZLY	/photo-1777235154415-08beda3aa5c0?ixid=M3wxMjA3fDB8MXxzZWFyY2h8Nnx8YXBwYWxhY2hpYW4lMjBmb3Jlc3QlMjBhdXR1bW4lMjBtaXN0fGVufDB8MHx8fDE3ODczODEwNTB8MA	Appalachian Forest, United States	Girma Nigusse	xgirma	#666b69	#353929
deep-forest	hBIqShuUJjI	/photo-1634662550417-528b19757f34?ixid=M3wxMjA3fDB8MXxzZWFyY2h8N3x8YXBwYWxhY2hpYW4lMjBmb3Jlc3QlMjBhdXR1bW4lMjBtaXN0fGVufDB8MHx8fDE3ODczODEwNTB8MA	Appalachian Forest, United States	Alex Diaz	memory_terra	#625437	#36280a
deep-forest	jbMowHlOo9A	/photo-1586283214021-7d1f6506c6c8?ixid=M3wxMjA3fDB8MXxzZWFyY2h8MXx8dG9uZ2FzcyUyMG5hdGlvbmFsJTIwZm9yZXN0JTIwYWxhc2thfGVufDB8MHx8fDE3ODczODEwNTF8MA	Tongass, United States	Laura Heuer	lauragwd7	#556e80	#4785d8
deep-forest	w3DZQvp4tMc	/photo-1506807992321-ae5abac1e188?ixid=M3wxMjA3fDB8MXxzZWFyY2h8Mnx8dG9uZ2FzcyUyMG5hdGlvbmFsJTIwZm9yZXN0JTIwYWxhc2thfGVufDB8MHx8fDE3ODczODEwNTF8MA	Tongass, United States	Matt Artz	mattartz	#778486	#a6b7b9
deep-forest	fRy-9V1TtXI	/photo-1605568922056-e9aa04ab7342?ixid=M3wxMjA3fDB8MXxzZWFyY2h8M3x8dG9uZ2FzcyUyMG5hdGlvbmFsJTIwZm9yZXN0JTIwYWxhc2thfGVufDB8MHx8fDE3ODczODEwNTF8MA	Tongass, United States	Hannah Wernecke	hannahwernecke	#616e64	#4a7963
deep-forest	qAMeblMsFJI	/photo-1582339882749-20f9776984a9?ixid=M3wxMjA3fDB8MXxzZWFyY2h8NHx8dG9uZ2FzcyUyMG5hdGlvbmFsJTIwZm9yZXN0JTIwYWxhc2thfGVufDB8MHx8fDE3ODczODEwNTF8MA	Tongass, United States	Ronald Wong	ronaldwong57	#5e5f5a	#273435
deep-forest	hLmL1rNlC8A	/photo-1589851353888-7d23a7d4b31d?ixid=M3wxMjA3fDB8MXxzZWFyY2h8NXx8dG9uZ2FzcyUyMG5hdGlvbmFsJTIwZm9yZXN0JTIwYWxhc2thfGVufDB8MHx8fDE3ODczODEwNTF8MA	Tongass, United States	Rod Ramsell	ramblinrod	#747b75	#163846
deep-forest	7jNuwZ1JX-Q	/photo-1506807901327-1571506e9832?ixid=M3wxMjA3fDB8MXxzZWFyY2h8Nnx8dG9uZ2FzcyUyMG5hdGlvbmFsJTIwZm9yZXN0JTIwYWxhc2thfGVufDB8MHx8fDE3ODczODEwNTF8MA	Tongass, United States	Matt Artz	mattartz	#8f8e7c	#555739
deep-forest	hFH1bK2CYSE	/photo-1604038706886-0befcbbb273c?ixid=M3wxMjA3fDB8MXxzZWFyY2h8Mnx8eWFrdXNoaW1hJTIwamFwYW4lMjBtb3NzJTIwY2VkYXIlMjBmb3Jlc3R8ZW58MHwwfHx8MTc4NzM4MTA1Mnww	Yakushima, Japan	Masaaki Komori	gaspanik	#26271e	#242818
deep-forest	ELdu-u5A5Us	/photo-1685875863103-753f715ce8f6?ixid=M3wxMjA3fDB8MXxzZWFyY2h8M3x8eWFrdXNoaW1hJTIwamFwYW4lMjBtb3NzJTIwY2VkYXIlMjBmb3Jlc3R8ZW58MHwwfHx8MTc4NzM4MTA1Mnww	Yakushima, Japan	Artem Shuba	ashuba	#333e2f	#394634
deep-forest	SowPhAbCbcs	/photo-1518058488548-9da59a9b1fef?ixid=M3wxMjA3fDB8MXxzZWFyY2h8NHx8eWFrdXNoaW1hJTIwamFwYW4lMjBtb3NzJTIwY2VkYXIlMjBmb3Jlc3R8ZW58MHwwfHx8MTc4NzM4MTA1Mnww	Yakushima, Japan	Stephen Hocking	shocking57	#374420	#172805
deep-forest	MJ5In_lcDUQ	/photo-1648471514937-4b9c1ccf8f5d?ixid=M3wxMjA3fDB8MXxzZWFyY2h8Nnx8eWFrdXNoaW1hJTIwamFwYW4lMjBtb3NzJTIwY2VkYXIlMjBmb3Jlc3R8ZW58MHwwfHx8MTc4NzM4MTA1Mnww	Yakushima, Japan	katsuma tanaka	kt2080	#303627	#080602
deep-forest	iblB6Vm6fGM	/photo-1786081473055-e908057a516e?ixid=M3wxMjA3fDB8MXxzZWFyY2h8N3x8eWFrdXNoaW1hJTIwamFwYW4lMjBtb3NzJTIwY2VkYXIlMjBmb3Jlc3R8ZW58MHwwfHx8MTc4NzM4MTA1Mnww	Yakushima, Japan	Terumi Tokino	driftingislander	#3e622b	#345718
deep-forest	trs6l8UHIuA	/photo-1777037449104-0ae6364742ce?ixid=M3wxMjA3fDB8MXxzZWFyY2h8OHx8eWFrdXNoaW1hJTIwamFwYW4lMjBtb3NzJTIwY2VkYXIlMjBmb3Jlc3R8ZW58MHwwfHx8MTc4NzM4MTA1Mnww	Yakushima, Japan	Stefano Bucciarelli	stbuccia	#6b642c	#585616
deep-forest	zVgNO0VO7Lk	/photo-1766585902572-927903b6fe9e?ixid=M3wxMjA3fDB8MXxzZWFyY2h8MXx8c2hpcmFrYW1pJTIwc2FuY2hpJTIwamFwYW4lMjBiZWVjaCUyMGZvcmVzdHxlbnwwfDB8fHwxNzg3MzgxMDUyfDA	Shirakami, Japan	Yosuke Ota	yosuke_ota	#55564f	#272a28
deep-forest	AZcuCaacyK0	/photo-1754390032135-00ecfaa00cc0?ixid=M3wxMjA3fDB8MXxzZWFyY2h8MXx8a2FtaWtvY2hpJTIwamFwYW4lMjBmb3Jlc3QlMjByaXZlcnxlbnwwfDB8fHwxNzg3MzgxMDUzfDA	Kamikochi Woods, Japan	Joris Beugels	jorisbeugels	#6f8984	#78a8f2
deep-forest	4-dLEqr352A	/photo-1762104505505-0364501e1187?ixid=M3wxMjA3fDB8MXxzZWFyY2h8Mnx8a2FtaWtvY2hpJTIwamFwYW4lMjBmb3Jlc3QlMjByaXZlcnxlbnwwfDB8fHwxNzg3MzgxMDUzfDA	Kamikochi Woods, Japan	Nizar F	rfniza	#5a5b4e	#4586a8
deep-forest	qy5VLB3bkjE	/photo-1754390032251-953abfedc34c?ixid=M3wxMjA3fDB8MXxzZWFyY2h8M3x8a2FtaWtvY2hpJTIwamFwYW4lMjBmb3Jlc3QlMjByaXZlcnxlbnwwfDB8fHwxNzg3MzgxMDUzfDA	Kamikochi Woods, Japan	Joris Beugels	jorisbeugels	#7c8c7f	#97d5f8
deep-forest	0OB2CeEIYlg	/photo-1754390032197-2f2e5958907a?ixid=M3wxMjA3fDB8MXxzZWFyY2h8NHx8a2FtaWtvY2hpJTIwamFwYW4lMjBmb3Jlc3QlMjByaXZlcnxlbnwwfDB8fHwxNzg3MzgxMDUzfDA	Kamikochi Woods, Japan	Joris Beugels	jorisbeugels	#7b968b	#77b8f3
deep-forest	HO001e7qcFM	/photo-1762104505320-ac8814cf8435?ixid=M3wxMjA3fDB8MXxzZWFyY2h8NXx8a2FtaWtvY2hpJTIwamFwYW4lMjBmb3Jlc3QlMjByaXZlcnxlbnwwfDB8fHwxNzg3MzgxMDUzfDA	Kamikochi Woods, Japan	Nizar F	rfniza	#656351	#65a9c8
deep-forest	Jemdkeh1WXs	/photo-1762178904924-d2ee569a3086?ixid=M3wxMjA3fDB8MXxzZWFyY2h8Nnx8a2FtaWtvY2hpJTIwamFwYW4lMjBmb3Jlc3QlMjByaXZlcnxlbnwwfDB8fHwxNzg3MzgxMDUzfDA	Kamikochi Woods, Japan	Nizar F	rfniza	#5c6764	#99cae2
deep-forest	wj7KcbiAGz4	/photo-1541771491867-fea9a09d3032?ixid=M3wxMjA3fDB8MXxzZWFyY2h8Mnx8YmxhY2slMjBmb3Jlc3QlMjBnZXJtYW55JTIwZm9nJTIwdHJlZXN8ZW58MHwwfHx8MTc4NzM4MTA1NHww	Black Forest Woods, Germany	Pascal van de Vendel	pascalvendel	#c0c0c0	#fcfcfc
deep-forest	hoiTOIWjE9A	/photo-1725307502920-bdeb2384548f?ixid=M3wxMjA3fDB8MXxzZWFyY2h8M3x8YmxhY2slMjBmb3Jlc3QlMjBnZXJtYW55JTIwZm9nJTIwdHJlZXN8ZW58MHwwfHx8MTc4NzM4MTA1NHww	Black Forest Woods, Germany	Katelyn Warner	katewarner	#7e8183	#e3eaf7
deep-forest	a1pBCs2FHYk	/photo-1535968912493-225f09ecbd50?ixid=M3wxMjA3fDB8MXxzZWFyY2h8NHx8YmxhY2slMjBmb3Jlc3QlMjBnZXJtYW55JTIwZm9nJTIwdHJlZXN8ZW58MHwwfHx8MTc4NzM4MTA1NHww	Black Forest Woods, Germany	stephan sorkin	sorkin	#797774	#070603
deep-forest	8QhCG2PQpHc	/photo-1692031867581-848213a189fc?ixid=M3wxMjA3fDB8MXxzZWFyY2h8Nnx8YmxhY2slMjBmb3Jlc3QlMjBnZXJtYW55JTIwZm9nJTIwdHJlZXN8ZW58MHwwfHx8MTc4NzM4MTA1NHww	Black Forest Woods, Germany	Elisa Photography	elisamoldovan	#534d47	#2a231c
deep-forest	-Wb0Cb31bMI	/photo-1514907490263-5a2607f411ff?ixid=M3wxMjA3fDB8MXxzZWFyY2h8N3x8YmxhY2slMjBmb3Jlc3QlMjBnZXJtYW55JTIwZm9nJTIwdHJlZXN8ZW58MHwwfHx8MTc4NzM4MTA1NHww	Black Forest Woods, Germany	Jonas Tebbe	jonastebbe	#5e5d5d	#373736
deep-forest	rfaRPwMrtd8	/photo-1722842914532-3a9fa21fae09?ixid=M3wxMjA3fDB8MXxzZWFyY2h8OHx8YmxhY2slMjBmb3Jlc3QlMjBnZXJtYW55JTIwZm9nJTIwdHJlZXN8ZW58MHwwfHx8MTc4NzM4MTA1NHww	Black Forest Woods, Germany	James Jeremy Beckers	jerrografie	#727f7b	#0a1713
deep-forest	dxPVN4lq6Qo	/photo-1767991836301-55a32d27af89?ixid=M3wxMjA3fDB8MXxzZWFyY2h8MXx8YmF2YXJpYW4lMjBmb3Jlc3QlMjBnZXJtYW55JTIwbWlzdHxlbnwwfDB8fHwxNzg3MzgxMDU0fDA	Bavarian Forest, Germany	Anastasiia Polishchuk	polishuchka	#877977	#c6a7a1
deep-forest	4Ga5ZmgMbVQ	/photo-1681035270684-1858a561bab3?ixid=M3wxMjA3fDB8MXxzZWFyY2h8Mnx8YmF2YXJpYW4lMjBmb3Jlc3QlMjBnZXJtYW55JTIwbWlzdHxlbnwwfDB8fHwxNzg3MzgxMDU0fDA	Bavarian Forest, Germany	Noppon Meenuch	noppon_me	#a7a9aa	#e5e7ea
deep-forest	vhzxwu7HJBw	/photo-1681035270901-8857d69487d5?ixid=M3wxMjA3fDB8MXxzZWFyY2h8M3x8YmF2YXJpYW4lMjBmb3Jlc3QlMjBnZXJtYW55JTIwbWlzdHxlbnwwfDB8fHwxNzg3MzgxMDU0fDA	Bavarian Forest, Germany	Noppon Meenuch	noppon_me	#677074	#454629
deep-forest	z--cHpOBQ6M	/photo-1674122506494-78d9ac13a1a8?ixid=M3wxMjA3fDB8MXxzZWFyY2h8NHx8YmF2YXJpYW4lMjBmb3Jlc3QlMjBnZXJtYW55JTIwbWlzdHxlbnwwfDB8fHwxNzg3MzgxMDU0fDA	Bavarian Forest, Germany	Anatol Rurac	tolikrurac82	#878077	#876436
deep-forest	9oVtEKvCeno	/photo-1673613569416-59293b06b014?ixid=M3wxMjA3fDB8MXxzZWFyY2h8NXx8YmF2YXJpYW4lMjBmb3Jlc3QlMjBnZXJtYW55JTIwbWlzdHxlbnwwfDB8fHwxNzg3MzgxMDU0fDA	Bavarian Forest, Germany	Anatol Rurac	tolikrurac82	#746965	#886547
deep-forest	hpt8vCxXtSo	/photo-1541843713287-e0d5de49a384?ixid=M3wxMjA3fDB8MXxzZWFyY2h8Nnx8YmF2YXJpYW4lMjBmb3Jlc3QlMjBnZXJtYW55JTIwbWlzdHxlbnwwfDB8fHwxNzg3MzgxMDU0fDA	Bavarian Forest, Germany	Markus Spiske	markusspiske	#a0aaa1	#969839
deep-forest	SrASYZZpyjw	/photo-1506452305024-9d3f02d1c9b5?ixid=M3wxMjA3fDB8MXxzZWFyY2h8Mnx8YmlhbG93aWV6YSUyMGZvcmVzdCUyMG1pc3QlMjB0cmVlc3xlbnwwfDB8fHwxNzg3MzgxMDU1fDA	Białowieża Woods, Poland	Kyle Glenn	kylejglenn	#454845	#131617
deep-forest	ugnrXk1129g	/photo-1542273917363-3b1817f69a2d?ixid=M3wxMjA3fDB8MXxzZWFyY2h8M3x8YmlhbG93aWV6YSUyMGZvcmVzdCUyMG1pc3QlMjB0cmVlc3xlbnwwfDB8fHwxNzg3MzgxMDU1fDA	Białowieża Woods, Poland	Marita Kavelashvili	maritaextrabold	#6a8075	#153928
deep-forest	OYFHT4X5isg	/photo-1502252430442-aac78f397426?ixid=M3wxMjA3fDB8MXxzZWFyY2h8NHx8YmlhbG93aWV6YSUyMGZvcmVzdCUyMG1pc3QlMjB0cmVlc3xlbnwwfDB8fHwxNzg3MzgxMDU1fDA	Białowieża Woods, Poland	Dan Otis	danotis	#313831	#232b24
deep-forest	4CDdd1RCt6w	/photo-1544039161-b0c20826c6f6?ixid=M3wxMjA3fDB8MXxzZWFyY2h8Nnx8YmlhbG93aWV6YSUyMGZvcmVzdCUyMG1pc3QlMjB0cmVlc3xlbnwwfDB8fHwxNzg3MzgxMDU1fDA	Białowieża Woods, Poland	Marek Szturc	marxgall	#3b413e	#262826
deep-forest	R4bsmYIc6FI	/photo-1491838592561-ab572ec2d2cb?ixid=M3wxMjA3fDB8MXxzZWFyY2h8N3x8YmlhbG93aWV6YSUyMGZvcmVzdCUyMG1pc3QlMjB0cmVlc3xlbnwwfDB8fHwxNzg3MzgxMDU1fDA	Białowieża Woods, Poland	Mel	melindapack	#626864	#353937
deep-forest	BS-Uxe8wU5Y	/photo-1476362555312-ab9e108a0b7e?ixid=M3wxMjA3fDB8MXxzZWFyY2h8OHx8YmlhbG93aWV6YSUyMGZvcmVzdCUyMG1pc3QlMjB0cmVlc3xlbnwwfDB8fHwxNzg3MzgxMDU1fDA	Białowieża Woods, Poland	Thomas Griesbeck	jack_scorner	#5d6066	#14191b
deep-forest	Q60sEG5Un9I	/photo-1579091266804-d32541902871?ixid=M3wxMjA3fDB8MXxzZWFyY2h8Mnx8Y2FycGF0aGlhbiUyMGZvcmVzdCUyMHJvbWFuaWElMjBtaXN0fGVufDB8MHx8fDE3ODczODEwNTZ8MA	Carpathian Forest, Romania	Daniel Mirlea	danielmirlea	#afa79d	#e9e2db
deep-forest	fcPTjUQa7hY	/photo-1572817519612-d8fadd929b00?ixid=M3wxMjA3fDB8MXxzZWFyY2h8M3x8Y2FycGF0aGlhbiUyMGZvcmVzdCUyMHJvbWFuaWElMjBtaXN0fGVufDB8MHx8fDE3ODczODEwNTZ8MA	Carpathian Forest, Romania	Daniel Mirlea	danielmirlea	#2f3d48	#2b3944
deep-forest	y9mQJ4VKXUg	/photo-1660674242466-d09dce2ce661?ixid=M3wxMjA3fDB8MXxzZWFyY2h8NHx8Y2FycGF0aGlhbiUyMGZvcmVzdCUyMHJvbWFuaWElMjBtaXN0fGVufDB8MHx8fDE3ODczODEwNTZ8MA	Carpathian Forest, Romania	Adrian Mag	l2space	#838b9b	#848ca6
deep-forest	YPf-s2ktsuo	/photo-1643829343557-d017c41ca4a5?ixid=M3wxMjA3fDB8MXxzZWFyY2h8Nnx8Y2FycGF0aGlhbiUyMGZvcmVzdCUyMHJvbWFuaWElMjBtaXN0fGVufDB8MHx8fDE3ODczODEwNTZ8MA	Carpathian Forest, Romania	Daniel Mirlea	danielmirlea	#454e43	#364737
deep-forest	ikgmBELD7PQ	/photo-1524316607912-93c3468d9d28?ixid=M3wxMjA3fDB8MXxzZWFyY2h8Mnx8YW5jaWVudCUyMHdvb2RsYW5kJTIwZW5nbGFuZCUyMGJsdWViZWxsc3xlbnwwfDB8fHwxNzg3MzgxMDU3fDA	Ancient Woodland, United Kingdom	Jez Timms	jeztimms	#8fadd2	#c6d7e9
deep-forest	rMrYg2lA7b8	/photo-1621403905924-ccf0f1154ae1?ixid=M3wxMjA3fDB8MXxzZWFyY2h8M3x8YW5jaWVudCUyMHdvb2RsYW5kJTIwZW5nbGFuZCUyMGJsdWViZWxsc3xlbnwwfDB8fHwxNzg3MzgxMDU3fDA	Ancient Woodland, United Kingdom	Jonny Gios	supergios	#5f725e	#597647
deep-forest	HDvnh6yRq8I	/photo-1622104532466-5cb4e25a0e90?ixid=M3wxMjA3fDB8MXxzZWFyY2h8NHx8YW5jaWVudCUyMHdvb2RsYW5kJTIwZW5nbGFuZCUyMGJsdWViZWxsc3xlbnwwfDB8fHwxNzg3MzgxMDU3fDA	Ancient Woodland, United Kingdom	Tom Allport	t_mallp_rt	#767d6a	#778796
deep-forest	RnF3JY0k7dg	/photo-1586013910473-a63a8f753d0e?ixid=M3wxMjA3fDB8MXxzZWFyY2h8Nnx8YW5jaWVudCUyMHdvb2RsYW5kJTIwZW5nbGFuZCUyMGJsdWViZWxsc3xlbnwwfDB8fHwxNzg3MzgxMDU3fDA	Ancient Woodland, United Kingdom	Nick Page	nickpage	#617173	#768778
deep-forest	4JptLoJQqNk	/photo-1734362850055-a7174dfb5567?ixid=M3wxMjA3fDB8MXxzZWFyY2h8N3x8YW5jaWVudCUyMHdvb2RsYW5kJTIwZW5nbGFuZCUyMGJsdWViZWxsc3xlbnwwfDB8fHwxNzg3MzgxMDU3fDA	Ancient Woodland, United Kingdom	Colin Watts	colinwatts	#60704e	#688757
deep-forest	QF2kkrpmx34	/photo-1748808562877-6cb4f1a2e477?ixid=M3wxMjA3fDB8MXxzZWFyY2h8OHx8YW5jaWVudCUyMHdvb2RsYW5kJTIwZW5nbGFuZCUyMGJsdWViZWxsc3xlbnwwfDB8fHwxNzg3MzgxMDU3fDA	Ancient Woodland, United Kingdom	Rob Wingate	robwingate	#5a643c	#677735
deep-forest	By8voeozTos	/photo-1762504582218-84873d97e624?ixid=M3wxMjA3fDB8MXxzZWFyY2h8Mnx8aXJhdGklMjBmb3Jlc3QlMjBzcGFpbiUyMGJlZWNofGVufDB8MHx8fDE3ODczODEwNTh8MA	Irati Forest, Spain	Claudio Grande	klaus20	#5d5a4d	#887557
deep-forest	KeT4B8uI9cc	/photo-1737061512101-49c3855634e9?ixid=M3wxMjA3fDB8MXxzZWFyY2h8M3x8aXJhdGklMjBmb3Jlc3QlMjBzcGFpbiUyMGJlZWNofGVufDB8MHx8fDE3ODczODEwNTh8MA	Irati Forest, Spain	Maria Kovalets	marylooo	#897f65	#878777
deep-forest	x-OGWGTO76Y	/photo-1544473810-eaf8177a9f7f?ixid=M3wxMjA3fDB8MXxzZWFyY2h8NHx8aXJhdGklMjBmb3Jlc3QlMjBzcGFpbiUyMGJlZWNofGVufDB8MHx8fDE3ODczODEwNTh8MA	Irati Forest, Spain	Guillermo Álvarez	guillermoalvarez	#8d9082	#979688
deep-forest	LRsjQYs9iBc	/photo-1755772470698-d6dc9d0f7efa?ixid=M3wxMjA3fDB8MXxzZWFyY2h8Nnx8aXJhdGklMjBmb3Jlc3QlMjBzcGFpbiUyMGJlZWNofGVufDB8MHx8fDE3ODczODEwNTh8MA	Irati Forest, Spain	Alba Calbetó	albacalbeto	#74713d	#757937
deep-forest	qXwlqrWpUVA	/photo-1698948742482-d25e65d406e6?ixid=M3wxMjA3fDB8MXxzZWFyY2h8N3x8aXJhdGklMjBmb3Jlc3QlMjBzcGFpbiUyMGJlZWNofGVufDB8MHx8fDE3ODczODEwNTh8MA	Irati Forest, Spain	Alessandro Crespina	alessandro_77	#919193	#957b75
deep-forest	mwEwys0CWog	/photo-1600606622606-eeb2a11a9320?ixid=M3wxMjA3fDB8MXxzZWFyY2h8OHx8aXJhdGklMjBmb3Jlc3QlMjBzcGFpbiUyMGJlZWNofGVufDB8MHx8fDE3ODczODEwNTh8MA	Irati Forest, Spain	Belinda Fewings	bel2000a	#697752	#587647
deep-forest	N9UPGvRXmPw	/photo-1577116417848-3b7424b18ac4?ixid=M3wxMjA3fDB8MXxzZWFyY2h8MXx8Zm9udGFpbmVibGVhdSUyMGZvcmVzdCUyMGZyYW5jZXxlbnwwfDB8fHwxNzg3MzgxMDU5fDA	Fontainebleau, France	Milan Camus	mistergooddeal	#534737	#554937
deep-forest	c3Y2KFCHHHg	/photo-1590588677439-02797597cbec?ixid=M3wxMjA3fDB8MXxzZWFyY2h8Mnx8Zm9udGFpbmVibGVhdSUyMGZvcmVzdCUyMGZyYW5jZXxlbnwwfDB8fHwxNzg3MzgxMDU5fDA	Fontainebleau, France	Rémy Penet	remypnt	#5c634a	#5b6445
deep-forest	UCGRBSekoDA	/photo-1606086822541-740d17371a9c?ixid=M3wxMjA3fDB8MXxzZWFyY2h8M3x8Zm9udGFpbmVibGVhdSUyMGZvcmVzdCUyMGZyYW5jZXxlbnwwfDB8fHwxNzg3MzgxMDU5fDA	Fontainebleau, France	Olivier M	ofp	#766656	#473629
deep-forest	FcCn77_0VGc	/photo-1560781935-edd538728082?ixid=M3wxMjA3fDB8MXxzZWFyY2h8NHx8Zm9udGFpbmVibGVhdSUyMGZvcmVzdCUyMGZyYW5jZXxlbnwwfDB8fHwxNzg3MzgxMDU5fDA	Fontainebleau, France	Yoann Laheurte	yoannlaheurte	#524a36	#393626
deep-forest	NQJbqQf890c	/photo-1577116417762-fc83edb45a19?ixid=M3wxMjA3fDB8MXxzZWFyY2h8NXx8Zm9udGFpbmVibGVhdSUyMGZvcmVzdCUyMGZyYW5jZXxlbnwwfDB8fHwxNzg3MzgxMDU5fDA	Fontainebleau, France	Milan Camus	mistergooddeal	#635644	#1a130a
deep-forest	7iEO_qy0pO4	/photo-1702902598525-5dc0c2669ed8?ixid=M3wxMjA3fDB8MXxzZWFyY2h8Nnx8Zm9udGFpbmVibGVhdSUyMGZvcmVzdCUyMGZyYW5jZXxlbnwwfDB8fHwxNzg3MzgxMDU5fDA	Fontainebleau, France	Kyle Hinkson	whereiskylenow	#48594b	#0c1814
deep-forest	Biy5ZEX2Ipk	/photo-1507720086028-7e85560593bf?ixid=M3wxMjA3fDB8MXxzZWFyY2h8MXx8YXJkZW5uZXMlMjBmb3Jlc3QlMjBtaXN0fGVufDB8MHx8fDE3ODczODEwNjB8MA	Ardennes, Belgium	Marc Marchal	marcmarchal	#859093	#001927
deep-forest	kOz9wjtOJ1A	/photo-1587630456552-f9cf99e246d4?ixid=M3wxMjA3fDB8MXxzZWFyY2h8Mnx8YXJkZW5uZXMlMjBmb3Jlc3QlMjBtaXN0fGVufDB8MHx8fDE3ODczODEwNjB8MA	Ardennes, Belgium	Tom Geerts	geertstom	#999b94	#e7e4da
deep-forest	C-4qOnZONEE	/photo-1640437118448-95fabc032a68?ixid=M3wxMjA3fDB8MXxzZWFyY2h8M3x8YXJkZW5uZXMlMjBmb3Jlc3QlMjBtaXN0fGVufDB8MHx8fDE3ODczODEwNjB8MA	Ardennes, Belgium	Call Me Fred	callmefred	#6d696a	#070201
deep-forest	8aTNU1zqZvE	/photo-1646744957389-99b0b4fdda7d?ixid=M3wxMjA3fDB8MXxzZWFyY2h8NHx8YXJkZW5uZXMlMjBmb3Jlc3QlMjBtaXN0fGVufDB8MHx8fDE3ODczODEwNjB8MA	Ardennes, Belgium	Geike Verniers	geikeverniers	#677685	#567798
deep-forest	vBhGIjJJogY	/photo-1507971891494-a62477ff535c?ixid=M3wxMjA3fDB8MXxzZWFyY2h8NXx8YXJkZW5uZXMlMjBmb3Jlc3QlMjBtaXN0fGVufDB8MHx8fDE3ODczODEwNjB8MA	Ardennes, Belgium	Marc Marchal	marcmarchal	#575658	#142836
deep-forest	ZAkvvGckxsQ	/photo-1545765574-d42bf96e7c0c?ixid=M3wxMjA3fDB8MXxzZWFyY2h8Nnx8YXJkZW5uZXMlMjBmb3Jlc3QlMjBtaXN0fGVufDB8MHx8fDE3ODczODEwNjB8MA	Ardennes, Belgium	Call Me Fred	callmefred	#745b48	#2a2621
deep-forest	od287vQyufw	/photo-1543968996-ee822b8176ba?ixid=M3wxMjA3fDB8MXxzZWFyY2h8Mnx8ZmlubmlzaCUyMHRhaWdhJTIwcGluZSUyMGZvcmVzdCUyMG1pc3R8ZW58MHwwfHx8MTc4NzM4MTA2MXww	Taiga, Finland	Dave Hoefler	iamthedave	#a1a3a6	#6a7985
deep-forest	J2jtcRbiL-4	/photo-1509101758186-479a713d3687?ixid=M3wxMjA3fDB8MXxzZWFyY2h8M3x8ZmlubmlzaCUyMHRhaWdhJTIwcGluZSUyMGZvcmVzdCUyMG1pc3R8ZW58MHwwfHx8MTc4NzM4MTA2MXww	Taiga, Finland	Haseeb Jamil	haseebjkhan	#606761	#061516
deep-forest	6tfO1M8_gas	/photo-1512923927402-a9867a68180e?ixid=M3wxMjA3fDB8MXxzZWFyY2h8NHx8ZmlubmlzaCUyMHRhaWdhJTIwcGluZSUyMGZvcmVzdCUyMG1pc3R8ZW58MHwwfHx8MTc4NzM4MTA2MXww	Taiga, Finland	Chris Lawton	chrislawton	#93897a	#a48769
deep-forest	ALFL1XaTxqE	/photo-1718891541630-97b7027c9452?ixid=M3wxMjA3fDB8MXxzZWFyY2h8Nnx8ZmlubmlzaCUyMHRhaWdhJTIwcGluZSUyMGZvcmVzdCUyMG1pc3R8ZW58MHwwfHx8MTc4NzM4MTA2MXww	Taiga, Finland	Doga Dogan	dogadogans	#7b8c84	#0b1409
deep-forest	yIWXizbj7dM	/photo-1628841380003-90e0e39b3ba1?ixid=M3wxMjA3fDB8MXxzZWFyY2h8N3x8ZmlubmlzaCUyMHRhaWdhJTIwcGluZSUyMGZvcmVzdCUyMG1pc3R8ZW58MHwwfHx8MTc4NzM4MTA2MXww	Taiga, Finland	Julian Steenbergen	mamanofficial	#54625e	#15261a
deep-forest	IPSB5Jcft-A	/photo-1641483226564-6d88086888fd?ixid=M3wxMjA3fDB8MXxzZWFyY2h8OHx8ZmlubmlzaCUyMHRhaWdhJTIwcGluZSUyMGZvcmVzdCUyMG1pc3R8ZW58MHwwfHx8MTc4NzM4MTA2MXww	Taiga, Finland	Saad Chaudhry	saadchdhry	#c0c5cd	#89a4c8
deep-forest	5Grp3LPzs1M	/photo-1705573948122-6f4385ac8528?ixid=M3wxMjA3fDB8MXxzZWFyY2h8MXx8c2liZXJpYW4lMjB0YWlnYSUyMGZvcmVzdHxlbnwwfDB8fHwxNzg3MzgxMDYxfDA	Siberian Taiga, Russia	Dmitrii Shirnin	shirnind	#476967	#0893c4
deep-forest	zwlmxFCGZNQ	/photo-1554481644-50d52b6fe742?ixid=M3wxMjA3fDB8MXxzZWFyY2h8Mnx8c2liZXJpYW4lMjB0YWlnYSUyMGZvcmVzdHxlbnwwfDB8fHwxNzg3MzgxMDYxfDA	Siberian Taiga, Russia	Max Sudyin	msudyin	#647786	#78a4da
deep-forest	Z4TxOexZrjY	/photo-1624450137776-d4c1916879ca?ixid=M3wxMjA3fDB8MXxzZWFyY2h8M3x8c2liZXJpYW4lMjB0YWlnYSUyMGZvcmVzdHxlbnwwfDB8fHwxNzg3MzgxMDYxfDA	Siberian Taiga, Russia	Roman Purtov	roman_purtow	#8392a0	#697785
deep-forest	iIbmvxaICzs	/photo-1624449423679-ef8670b0c694?ixid=M3wxMjA3fDB8MXxzZWFyY2h8NHx8c2liZXJpYW4lMjB0YWlnYSUyMGZvcmVzdHxlbnwwfDB8fHwxNzg3MzgxMDYxfDA	Siberian Taiga, Russia	Roman Purtov	roman_purtow	#7d8861	#778846
deep-forest	ltxtSCJHBjs	/photo-1614005163625-a370cd736460?ixid=M3wxMjA3fDB8MXxzZWFyY2h8NXx8c2liZXJpYW4lMjB0YWlnYSUyMGZvcmVzdHxlbnwwfDB8fHwxNzg3MzgxMDYxfDA	Siberian Taiga, Russia	Ната Рута	nataruta	#384e60	#364656
deep-forest	b773pAWoRts	/photo-1707361868753-c97d352ee6ed?ixid=M3wxMjA3fDB8MXxzZWFyY2h8Nnx8c2liZXJpYW4lMjB0YWlnYSUyMGZvcmVzdHxlbnwwfDB8fHwxNzg3MzgxMDYxfDA	Siberian Taiga, Russia	Dmitrii Shirnin	shirnind	#6c7b85	#083b56
deep-forest	l6xt5JTmcPM	/photo-1668314832395-484e51f0c1cf?ixid=M3wxMjA3fDB8MXxzZWFyY2h8Mnx8ZGFpbnRyZWUlMjByYWluZm9yZXN0JTIwYXVzdHJhbGlhfGVufDB8MHx8fDE3ODczODEwNjJ8MA	Daintree, Australia	Tyler Mower	tyler_mower	#5e5b55	#292726
deep-forest	bNiLJXwqvAA	/photo-1643633612522-23a0133e838a?ixid=M3wxMjA3fDB8MXxzZWFyY2h8M3x8ZGFpbnRyZWUlMjByYWluZm9yZXN0JTIwYXVzdHJhbGlhfGVufDB8MHx8fDE3ODczODEwNjJ8MA	Daintree, Australia	N Storey	nathan_aus	#727065	#aaa397
deep-forest	EBqqezoLWOw	/photo-1659354985247-78fb5893c3d4?ixid=M3wxMjA3fDB8MXxzZWFyY2h8NHx8ZGFpbnRyZWUlMjByYWluZm9yZXN0JTIwYXVzdHJhbGlhfGVufDB8MHx8fDE3ODczODEwNjJ8MA	Daintree, Australia	Griffin Quinn	griffinquinn	#8b9392	#c8d4e6
deep-forest	POGPgDmxQ3o	/photo-1652363464777-30f7527d488c?ixid=M3wxMjA3fDB8MXxzZWFyY2h8NXx8ZGFpbnRyZWUlMjByYWluZm9yZXN0JTIwYXVzdHJhbGlhfGVufDB8MHx8fDE3ODczODEwNjJ8MA	Daintree, Australia	MC Kontext	kontext	#868c7e	#283518
deep-forest	X9TEqJWmM6Q	/photo-1587139223877-04cb899fa3e8?ixid=M3wxMjA3fDB8MXxzZWFyY2h8Nnx8ZGFpbnRyZWUlMjByYWluZm9yZXN0JTIwYXVzdHJhbGlhfGVufDB8MHx8fDE3ODczODEwNjJ8MA	Daintree, Australia	Manny Moreno	mannydream	#508483	#14d5eb
deep-forest	ccu6RY3dbRg	/photo-1632104065665-1e2d5bd8573e?ixid=M3wxMjA3fDB8MXxzZWFyY2h8N3x8ZGFpbnRyZWUlMjByYWluZm9yZXN0JTIwYXVzdHJhbGlhfGVufDB8MHx8fDE3ODczODEwNjJ8MA	Daintree, Australia	David Clode	davidclode	#4e5942	#293626
deep-forest	dFxHzcxQEwM	/photo-1581396773122-a991c46a13ff?ixid=M3wxMjA3fDB8MXxzZWFyY2h8MXx8d2FpcG91YSUyMGthdXJpJTIwZm9yZXN0JTIwbmV3JTIwemVhbGFuZHxlbnwwfDB8fHwxNzg3MzgxMDY0fDA	Waipoua, New Zealand	Yathursan G	yathursan	#3a452c	#485737
deep-forest	x1GGkMX9sUs	/photo-1580508180805-643cc2631f64?ixid=M3wxMjA3fDB8MXxzZWFyY2h8Mnx8d2FpcG91YSUyMGthdXJpJTIwZm9yZXN0JTIwbmV3JTIwemVhbGFuZHxlbnwwfDB8fHwxNzg3MzgxMDY0fDA	Waipoua, New Zealand	Yathursan G	yathursan	#555a44	#252817
deep-forest	yeoEdrZ2pTA	/photo-1673679890534-b5cc511f0ae5?ixid=M3wxMjA3fDB8MXxzZWFyY2h8M3x8d2FpcG91YSUyMGthdXJpJTIwZm9yZXN0JTIwbmV3JTIwemVhbGFuZHxlbnwwfDB8fHwxNzg3MzgxMDY0fDA	Waipoua, New Zealand	Shadrach Warid	shadrach_warid	#343523	#17160a
deep-forest	oU9Ig25YS08	/photo-1495072667656-424d680e6299?ixid=M3wxMjA3fDB8MXxzZWFyY2h8Mnx8ZmlvcmRsYW5kJTIwcmFpbmZvcmVzdCUyMG5ldyUyMHplYWxhbmR8ZW58MHwwfHx8MTc4NzM4MTA2NHww	Fiordland Forest, New Zealand	Adam Edgerton	adamedgerton	#737972	#949b95
deep-forest	rNazg-0I_k8	/photo-1486572775914-2370617517fd?ixid=M3wxMjA3fDB8MXxzZWFyY2h8M3x8ZmlvcmRsYW5kJTIwcmFpbmZvcmVzdCUyMG5ldyUyMHplYWxhbmR8ZW58MHwwfHx8MTc4NzM4MTA2NHww	Fiordland Forest, New Zealand	Cassie Matias	cass4504	#5c655e	#222c28
deep-forest	_VG4Da0e840	/photo-1735924527360-5d9e8dd8bebf?ixid=M3wxMjA3fDB8MXxzZWFyY2h8NHx8ZmlvcmRsYW5kJTIwcmFpbmZvcmVzdCUyMG5ldyUyMHplYWxhbmR8ZW58MHwwfHx8MTc4NzM4MTA2NHww	Fiordland Forest, New Zealand	Sandro Scalco	unrushed539	#677467	#a6c4cd
deep-forest	qSvADu1VscM	/photo-1585878601774-23a3114162f4?ixid=M3wxMjA3fDB8MXxzZWFyY2h8N3x8ZmlvcmRsYW5kJTIwcmFpbmZvcmVzdCUyMG5ldyUyMHplYWxhbmR8ZW58MHwwfHx8MTc4NzM4MTA2NHww	Fiordland Forest, New Zealand	Lily	lilysphotography	#808077	#272716
deep-forest	_ace95mpjz8	/photo-1654053252793-417c7df08fad?ixid=M3wxMjA3fDB8MXxzZWFyY2h8OHx8ZmlvcmRsYW5kJTIwcmFpbmZvcmVzdCUyMG5ldyUyMHplYWxhbmR8ZW58MHwwfHx8MTc4NzM4MTA2NHww	Fiordland Forest, New Zealand	Matthew Buchanan	mthwbchn	#263840	#092439
deep-forest	lp9NkPA1BKo	/photo-1612607096985-cd38809b9423?ixid=M3wxMjA3fDB8MXxzZWFyY2h8MTB8fGZpb3JkbGFuZCUyMHJhaW5mb3Jlc3QlMjBuZXclMjB6ZWFsYW5kfGVufDB8MHx8fDE3ODczODEwNjR8MA	Fiordland Forest, New Zealand	Patrick McGregor	patricktravelist	#2f3629	#050803
deep-forest	hDqlONspQIY	/photo-1769794142260-c4115835231a?ixid=M3wxMjA3fDB8MXxzZWFyY2h8MXx8YW1hem9uJTIwcmFpbmZvcmVzdCUyMHJpdmVyJTIwY2Fub3B5fGVufDB8MHx8fDE3ODczODEwNjV8MA	Amazon Rainforest, Brazil	Rohit Tandon	sepoys	#70929a	#95c8e5
deep-forest	pnH67P93nYE	/photo-1769794268307-7ceb5afa8975?ixid=M3wxMjA3fDB8MXxzZWFyY2h8Mnx8YW1hem9uJTIwcmFpbmZvcmVzdCUyMHJpdmVyJTIwY2Fub3B5fGVufDB8MHx8fDE3ODczODEwNjV8MA	Amazon Rainforest, Brazil	Rohit Tandon	sepoys	#607955	#596846
deep-forest	wM1EMSkgu7U	/photo-1460078370929-3b28ad7313f7?ixid=M3wxMjA3fDB8MXxzZWFyY2h8MXx8YW5kZWFuJTIwY2xvdWQlMjBmb3Jlc3QlMjBlY3VhZG9yfGVufDB8MHx8fDE3ODczODEwNjd8MA	Andean Cloud Forest, Ecuador	Jaime Serrano	jaime_serrano	#3f4d5e	#245488
deep-forest	4LtB_b0JRkc	/photo-1661792218938-3dac2bffb4ec?ixid=M3wxMjA3fDB8MXxzZWFyY2h8Mnx8YW5kZWFuJTIwY2xvdWQlMjBmb3Jlc3QlMjBlY3VhZG9yfGVufDB8MHx8fDE3ODczODEwNjd8MA	Andean Cloud Forest, Ecuador	Lucy Mui	lsmui	#919996	#d4dce7
deep-forest	EJs0erytBmA	/photo-1661208688050-ebce0583adfd?ixid=M3wxMjA3fDB8MXxzZWFyY2h8M3x8YW5kZWFuJTIwY2xvdWQlMjBmb3Jlc3QlMjBlY3VhZG9yfGVufDB8MHx8fDE3ODczODEwNjd8MA	Andean Cloud Forest, Ecuador	Lucy Mui	lsmui	#94a390	#4a6536
deep-forest	6xgOBhzsNjE	/photo-1671705671802-d399344dc1c4?ixid=M3wxMjA3fDB8MXxzZWFyY2h8NHx8YW5kZWFuJTIwY2xvdWQlMjBmb3Jlc3QlMjBlY3VhZG9yfGVufDB8MHx8fDE3ODczODEwNjd8MA	Andean Cloud Forest, Ecuador	Jeroen van de Water	joenevdw	#636870	#262c33
deep-forest	g4oR7JOeqtY	/photo-1672104419326-06ea8241ab03?ixid=M3wxMjA3fDB8MXxzZWFyY2h8NXx8YW5kZWFuJTIwY2xvdWQlMjBmb3Jlc3QlMjBlY3VhZG9yfGVufDB8MHx8fDE3ODczODEwNjd8MA	Andean Cloud Forest, Ecuador	Florian Delée	florian_delee	#7d868a	#a6bbc9
deep-forest	HUHvCNtNP_o	/photo-1693594120791-3e6d62c3e9a2?ixid=M3wxMjA3fDB8MXxzZWFyY2h8Nnx8YW5kZWFuJTIwY2xvdWQlMjBmb3Jlc3QlMjBlY3VhZG9yfGVufDB8MHx8fDE3ODczODEwNjd8MA	Andean Cloud Forest, Ecuador	Juan Ordonez	juzu_me	#9d9f8b	#b6a569
deep-forest	vrSJKeOiLbE	/photo-1638809782100-e30874e220ea?ixid=M3wxMjA3fDB8MXxzZWFyY2h8MXx8bW9udGV2ZXJkZSUyMGNsb3VkJTIwZm9yZXN0JTIwbWlzdHxlbnwwfDB8fHwxNzg3MzgxMDY3fDA	Monteverde Woods, Costa Rica	Frames For Your Heart	framesforyourheart	#77725c	#b8a894
deep-forest	WOPk6ozgRvs	/photo-1701111361992-083d91062fda?ixid=M3wxMjA3fDB8MXxzZWFyY2h8M3x8bW9udGV2ZXJkZSUyMGNsb3VkJTIwZm9yZXN0JTIwbWlzdHxlbnwwfDB8fHwxNzg3MzgxMDY3fDA	Monteverde Woods, Costa Rica	Dulce Wilson	sweetywilson	#513e54	#040204
deep-forest	eWc0BlIluRQ	/photo-1640715436534-42237c38bd03?ixid=M3wxMjA3fDB8MXxzZWFyY2h8NHx8bW9udGV2ZXJkZSUyMGNsb3VkJTIwZm9yZXN0JTIwbWlzdHxlbnwwfDB8fHwxNzg3MzgxMDY3fDA	Monteverde Woods, Costa Rica	Frames For Your Heart	framesforyourheart	#79706a	#1a121c
deep-forest	BPVMw_V7raw	/photo-1639521241683-bdb8b296f4b1?ixid=M3wxMjA3fDB8MXxzZWFyY2h8Nnx8bW9udGV2ZXJkZSUyMGNsb3VkJTIwZm9yZXN0JTIwbWlzdHxlbnwwfDB8fHwxNzg3MzgxMDY3fDA	Monteverde Woods, Costa Rica	Frames For Your Heart	framesforyourheart	#67594d	#3b3227
deep-forest	kuKJ4tkoyCo	/photo-1701289870791-594cf2ce0448?ixid=M3wxMjA3fDB8MXxzZWFyY2h8Mnx8Ym9ybmVvJTIwcmFpbmZvcmVzdCUyMG1pc3R8ZW58MHwwfHx8MTc4NzM4MTA2OHww	Borneo Rainforest, Malaysia	Polina Koroleva	polinakoroleva	#7f857a	#656837
deep-forest	Z9rh7L1_jvk	/photo-1712024281073-bf3f9b3432d7?ixid=M3wxMjA3fDB8MXxzZWFyY2h8M3x8Ym9ybmVvJTIwcmFpbmZvcmVzdCUyMG1pc3R8ZW58MHwwfHx8MTc4NzM4MTA2OHww	Borneo Rainforest, Malaysia	Roni Darmanto	yobbyrony	#465043	#293628
deep-forest	myXXlk-k0Tw	/photo-1707085015463-8a3c3d359db1?ixid=M3wxMjA3fDB8MXxzZWFyY2h8NHx8Ym9ybmVvJTIwcmFpbmZvcmVzdCUyMG1pc3R8ZW58MHwwfHx8MTc4NzM4MTA2OHww	Borneo Rainforest, Malaysia	David Pardo Bernal	davidpb90	#424242	#373737
deep-forest	sH3ytCLQLOU	/photo-1701289851874-e826fb069819?ixid=M3wxMjA3fDB8MXxzZWFyY2h8NXx8Ym9ybmVvJTIwcmFpbmZvcmVzdCUyMG1pc3R8ZW58MHwwfHx8MTc4NzM4MTA2OHww	Borneo Rainforest, Malaysia	Polina Koroleva	polinakoroleva	#676865	#040503
deep-forest	FJ4HrTV4vsg	/photo-1592303108307-76383e202af9?ixid=M3wxMjA3fDB8MXxzZWFyY2h8Nnx8Ym9ybmVvJTIwcmFpbmZvcmVzdCUyMG1pc3R8ZW58MHwwfHx8MTc4NzM4MTA2OHww	Borneo Rainforest, Malaysia	Ken Shono	kenshono	#727964	#789776
deep-forest	o7OlNNejU98	/photo-1768700203107-aeccfcc4447c?ixid=M3wxMjA3fDB8MXxzZWFyY2h8N3x8Ym9ybmVvJTIwcmFpbmZvcmVzdCUyMG1pc3R8ZW58MHwwfHx8MTc4NzM4MTA2OHww	Borneo Rainforest, Malaysia	You Le	le_y0u	#697959	#677856
deep-forest	vQKXEfXBSZk	/photo-1703566567802-e1945c83f0cb?ixid=M3wxMjA3fDB8MXxzZWFyY2h8Mnx8c2luaGFyYWphJTIwcmFpbmZvcmVzdCUyMHNyaSUyMGxhbmthfGVufDB8MHx8fDE3ODczODEwNzB8MA	Sinharaja, Sri Lanka	Sadeep Jayashankha	sadeeep	#74755c	#535939
deep-forest	fKNhlnADy5I	/photo-1687488802693-db85cc7783e4?ixid=M3wxMjA3fDB8MXxzZWFyY2h8MXx8c3VtYXRyYSUyMHJhaW5mb3Jlc3QlMjBpbmRvbmVzaWF8ZW58MHwwfHx8MTc4NzM4MTA3MHww	Sumatra Rainforest, Indonesia	Taufiq SunValley	taufiqakbar	#5a666a	#567788
deep-forest	93vQgR6X0aI	/photo-1647728170847-5dbbd40ba777?ixid=M3wxMjA3fDB8MXxzZWFyY2h8Mnx8c3VtYXRyYSUyMHJhaW5mb3Jlc3QlMjBpbmRvbmVzaWF8ZW58MHwwfHx8MTc4NzM4MTA3MHww	Sumatra Rainforest, Indonesia	Steffen Bertram	steffen_bertram	#7a6e69	#594646
deep-forest	eXAcQz94bss	/photo-1641697975041-b5f967d3a4b9?ixid=M3wxMjA3fDB8MXxzZWFyY2h8M3x8c3VtYXRyYSUyMHJhaW5mb3Jlc3QlMjBpbmRvbmVzaWF8ZW58MHwwfHx8MTc4NzM4MTA3MHww	Sumatra Rainforest, Indonesia	uzumaki anam	uzumakianam	#62544d	#372625
deep-forest	hkH651pINSI	/photo-1656163158260-31176db49014?ixid=M3wxMjA3fDB8MXxzZWFyY2h8Mnx8bWFkYWdhc2NhciUyMHJhaW5mb3Jlc3QlMjBtaXN0fGVufDB8MHx8fDE3ODczODEwNzF8MA	Madagascar Forest, Madagascar	Sandy Ravaloniaina	th3sand7	#6e726b	#091713
deep-forest	N7uMsGw0xOY	/photo-1656955191905-933687661eeb?ixid=M3wxMjA3fDB8MXxzZWFyY2h8M3x8bWFkYWdhc2NhciUyMHJhaW5mb3Jlc3QlMjBtaXN0fGVufDB8MHx8fDE3ODczODEwNzF8MA	Madagascar Forest, Madagascar	Sandy Ravaloniaina	th3sand7	#8d9d95	#79bae4
deep-forest	cveHghdVxWA	/photo-1656955191770-daab447a1105?ixid=M3wxMjA3fDB8MXxzZWFyY2h8NHx8bWFkYWdhc2NhciUyMHJhaW5mb3Jlc3QlMjBtaXN0fGVufDB8MHx8fDE3ODczODEwNzF8MA	Madagascar Forest, Madagascar	Sandy Ravaloniaina	th3sand7	#a7b9c0	#96c4ea
deep-forest	G40jEUyEsEk	/photo-1570742544137-3a469196c32b?ixid=M3wxMjA3fDB8MXxzZWFyY2h8NXx8bWFkYWdhc2NhciUyMHJhaW5mb3Jlc3QlMjBtaXN0fGVufDB8MHx8fDE3ODczODEwNzF8MA	Madagascar Forest, Madagascar	Yasmine Arfaoui	yasmine_photo	#a0866d	#684727
deep-forest	RgKKnccJ2Gw	/photo-1680334690246-97fe34558a33?ixid=M3wxMjA3fDB8MXxzZWFyY2h8Nnx8bWFkYWdhc2NhciUyMHJhaW5mb3Jlc3QlMjBtaXN0fGVufDB8MHx8fDE3ODczODEwNzF8MA	Madagascar Forest, Madagascar	Rado Rafidinjatovo	rado_r	#85847e	#664925
deep-forest	nGVZadUNvvw	/photo-1699622596057-991b7474cf5e?ixid=M3wxMjA3fDB8MXxzZWFyY2h8N3x8bWFkYWdhc2NhciUyMHJhaW5mb3Jlc3QlMjBtaXN0fGVufDB8MHx8fDE3ODczODEwNzF8MA	Madagascar Forest, Madagascar	Sandy Ravaloniaina	th3sand7	#94abb1	#a6c6e4
deep-forest	WJb-xJq-Ze8	/photo-1598372864207-fc74557a2350?ixid=M3wxMjA3fDB8MXxzZWFyY2h8MXx8YndpbmRpJTIwZm9yZXN0JTIwbWlzdCUyMHVnYW5kYXxlbnwwfDB8fHwxNzg3MzgxMDcyfDA	Bwindi Woods, Uganda	Bike and Boat Motorcycle Tours	bikeandboat	#687155	#3a4727
deep-forest	5SujvqCTuJc	/photo-1653645800971-b46f2322da3c?ixid=M3wxMjA3fDB8MXxzZWFyY2h8Mnx8YndpbmRpJTIwZm9yZXN0JTIwbWlzdCUyMHVnYW5kYXxlbnwwfDB8fHwxNzg3MzgxMDcyfDA	Bwindi Woods, Uganda	william pietermans	williampietermans	#616444	#555937
deep-forest	PIU27R-xL04	/photo-1673624522244-8de0d50b8492?ixid=M3wxMjA3fDB8MXxzZWFyY2h8M3x8YndpbmRpJTIwZm9yZXN0JTIwbWlzdCUyMHVnYW5kYXxlbnwwfDB8fHwxNzg3MzgxMDcyfDA	Bwindi Woods, Uganda	2H Media	2hmedia	#3c4d29	#283717
deep-forest	SmHZ1ziZ2P0	/photo-1673308328828-1fbd12d31a7e?ixid=M3wxMjA3fDB8MXxzZWFyY2h8NHx8YndpbmRpJTIwZm9yZXN0JTIwbWlzdCUyMHVnYW5kYXxlbnwwfDB8fHwxNzg3MzgxMDcyfDA	Bwindi Woods, Uganda	2H Media	2hmedia	#2b3c23	#081608
night-sky	QbuxfHpGHlA	/photo-1632175497777-b634a3536237?ixid=M3wxMjA3fDB8MXxzZWFyY2h8Mnx8bG9mb3RlbiUyMG5vcndheSUyMGF1cm9yYSUyMGJvcmVhbGlzfGVufDB8MHx8fDE3ODczODEwNzN8MA	Lofoten Aurora, Norway	Joshua Kettle	joshuakettle	#1f202f	#031329
night-sky	cb1xSplprkg	/photo-1520955058322-d9b1f5df0fa7?ixid=M3wxMjA3fDB8MXxzZWFyY2h8M3x8bG9mb3RlbiUyMG5vcndheSUyMGF1cm9yYSUyMGJvcmVhbGlzfGVufDB8MHx8fDE3ODczODEwNzN8MA	Lofoten Aurora, Norway	Pascal Debrunner	debrupas	#6b78a1	#6786ca
night-sky	gP4Uc6E3LXM	/photo-1546882418-73fb64201ec4?ixid=M3wxMjA3fDB8MXxzZWFyY2h8NHx8bG9mb3RlbiUyMG5vcndheSUyMGF1cm9yYSUyMGJvcmVhbGlzfGVufDB8MHx8fDE3ODczODEwNzN8MA	Lofoten Aurora, Norway	Ansgar Scheffold	ansgarscheffold	#1f342a	#040604
night-sky	ejEdpGYGgrA	/photo-1505246464763-5f59c5b9a2d8?ixid=M3wxMjA3fDB8MXxzZWFyY2h8Nnx8bG9mb3RlbiUyMG5vcndheSUyMGF1cm9yYSUyMGJvcmVhbGlzfGVufDB8MHx8fDE3ODczODEwNzN8MA	Lofoten Aurora, Norway	Max Stoiber	mxstbr	#425843	#010201
night-sky	8MEUg87ASGE	/photo-1520339297263-81f90d3f1eff?ixid=M3wxMjA3fDB8MXxzZWFyY2h8N3x8bG9mb3RlbiUyMG5vcndheSUyMGF1cm9yYSUyMGJvcmVhbGlzfGVufDB8MHx8fDE3ODczODEwNzN8MA	Lofoten Aurora, Norway	Pascal Debrunner	debrupas	#2a3d3f	#05242a
night-sky	P3VS33mGkNo	/photo-1551372851-ec8825a2c2b0?ixid=M3wxMjA3fDB8MXxzZWFyY2h8OHx8bG9mb3RlbiUyMG5vcndheSUyMGF1cm9yYSUyMGJvcmVhbGlzfGVufDB8MHx8fDE3ODczODEwNzN8MA	Lofoten Aurora, Norway	Wolfgang Hasselmann	wolfgang_hasselmann	#243a39	#283737
night-sky	LtnPejWDSAY	/photo-1531366936337-7c912a4589a7?ixid=M3wxMjA3fDB8MXxzZWFyY2h8MXx8dHJvbXNvJTIwYXVyb3JhJTIwYm9yZWFsaXMlMjBuaWdodHxlbnwwfDB8fHwxNzg3MzgxMDc0fDA	Tromsø Aurora, Norway	Lightscape	lightscape	#3e4d6d	#394766
night-sky	MhU4KGUjpTc	/photo-1677033467113-576f7c01b493?ixid=M3wxMjA3fDB8MXxzZWFyY2h8Mnx8dHJvbXNvJTIwYXVyb3JhJTIwYm9yZWFsaXMlMjBuaWdodHxlbnwwfDB8fHwxNzg3MzgxMDc0fDA	Tromsø Aurora, Norway	Tianxiang Ji	jetjee	#143544	#0b1826
night-sky	Nc2XBdlurY0	/photo-1677033467147-82232326249e?ixid=M3wxMjA3fDB8MXxzZWFyY2h8M3x8dHJvbXNvJTIwYXVyb3JhJTIwYm9yZWFsaXMlMjBuaWdodHxlbnwwfDB8fHwxNzg3MzgxMDc0fDA	Tromsø Aurora, Norway	Tianxiang Ji	jetjee	#193644	#0c1827
night-sky	l9cneQNE03Y	/photo-1550656722-8099c82ab00c?ixid=M3wxMjA3fDB8MXxzZWFyY2h8NHx8dHJvbXNvJTIwYXVyb3JhJTIwYm9yZWFsaXMlMjBuaWdodHxlbnwwfDB8fHwxNzg3MzgxMDc0fDA	Tromsø Aurora, Norway	Angela Compagnone	angelacompagnone	#151f21	#070c14
night-sky	ist1RQOfkcE	/photo-1531504060587-e6811129c0f2?ixid=M3wxMjA3fDB8MXxzZWFyY2h8NXx8dHJvbXNvJTIwYXVyb3JhJTIwYm9yZWFsaXMlMjBuaWdodHxlbnwwfDB8fHwxNzg3MzgxMDc0fDA	Tromsø Aurora, Norway	Lightscape	lightscape	#404f5d	#162639
night-sky	nwnGoOekc40	/photo-1531571065863-3f9e05cc1af2?ixid=M3wxMjA3fDB8MXxzZWFyY2h8Nnx8dHJvbXNvJTIwYXVyb3JhJTIwYm9yZWFsaXMlMjBuaWdodHxlbnwwfDB8fHwxNzg3MzgxMDc0fDA	Tromsø Aurora, Norway	Lightscape	lightscape	#334350	#182637
night-sky	bC2lm2hvE2g	/photo-1656068697284-6e15dec9dec7?ixid=M3wxMjA3fDB8MXxzZWFyY2h8M3x8YWJpc2tvJTIwc3dlZGVuJTIwbm9ydGhlcm4lMjBsaWdodHN8ZW58MHwwfHx8MTc4NzM4MDkxN3ww	Abisko Aurora, Sweden	Jian Liu	jian_leo	#383e2d	#18140a
night-sky	qKwbUIsRzZ8	/photo-1656068697135-c7b72f3598e4?ixid=M3wxMjA3fDB8MXxzZWFyY2h8NHx8YWJpc2tvJTIwc3dlZGVuJTIwbm9ydGhlcm4lMjBsaWdodHN8ZW58MHwwfHx8MTc4NzM4MDkxN3ww	Abisko Aurora, Sweden	Jian Liu	jian_leo	#24290f	#090901
night-sky	-luLa3--3j4	/photo-1656068697265-d31980069d28?ixid=M3wxMjA3fDB8MXxzZWFyY2h8NXx8YWJpc2tvJTIwc3dlZGVuJTIwbm9ydGhlcm4lMjBsaWdodHN8ZW58MHwwfHx8MTc4NzM4MDkxN3ww	Abisko Aurora, Sweden	Jian Liu	jian_leo	#242b12	#080903
night-sky	QPOPctyOKvA	/photo-1656068697314-392fdd937137?ixid=M3wxMjA3fDB8MXxzZWFyY2h8Nnx8YWJpc2tvJTIwc3dlZGVuJTIwbm9ydGhlcm4lMjBsaWdodHN8ZW58MHwwfHx8MTc4NzM4MDkxN3ww	Abisko Aurora, Sweden	Jian Liu	jian_leo	#22280a	#171604
night-sky	DzgDQhSoe2c	/photo-1656068696796-1abd18341b39?ixid=M3wxMjA3fDB8MXxzZWFyY2h8N3x8YWJpc2tvJTIwc3dlZGVuJTIwbm9ydGhlcm4lMjBsaWdodHN8ZW58MHwwfHx8MTc4NzM4MDkxN3ww	Abisko Aurora, Sweden	Jian Liu	jian_leo	#8791a9	#98aac7
night-sky	3ZPhUoEkzJY	/photo-1614587380478-5c9ab5ef1d3e?ixid=M3wxMjA3fDB8MXxzZWFyY2h8OHx8YWJpc2tvJTIwc3dlZGVuJTIwbm9ydGhlcm4lMjBsaWdodHN8ZW58MHwwfHx8MTc4NzM4MDkxN3ww	Abisko Aurora, Sweden	Nikola Johnny Mirkovic	thejohnnyme	#b1bfd0	#b8c7da
night-sky	fEw9RsoDEq4	/photo-1613476775431-f085e65e9605?ixid=M3wxMjA3fDB8MXxzZWFyY2h8NHx8ZmlubmlzaCUyMGxhcGxhbmQlMjBhdXJvcmElMjBjYWJpbnxlbnwwfDB8fHwxNzg3MzgwOTE2fDA	Lapland Aurora, Finland	VALO Hotel & Work	arcticguesthouse	#19272f	#030406
night-sky	3QTe0CdhcL4	/photo-1581361054863-3edb8d2a1afe?ixid=M3wxMjA3fDB8MXxzZWFyY2h8Nnx8ZmlubmlzaCUyMGxhcGxhbmQlMjBhdXJvcmElMjBjYWJpbnxlbnwwfDB8fHwxNzg3MzgwOTE2fDA	Lapland Aurora, Finland	Timo Horstschaefer	thrstschfr	#293239	#060505
night-sky	i4sLkFU0MFQ	/photo-1674973543867-b7c3864ca853?ixid=M3wxMjA3fDB8MXxzZWFyY2h8N3x8ZmlubmlzaCUyMGxhcGxhbmQlMjBhdXJvcmElMjBjYWJpbnxlbnwwfDB8fHwxNzg3MzgwOTE2fDA	Lapland Aurora, Finland	Harri P	haraldip	#6d85b2	#85a3d9
night-sky	9KZ0dP7CTPE	/photo-1483310354109-4c18fe172a1c?ixid=M3wxMjA3fDB8MXxzZWFyY2h8OHx8ZmlubmlzaCUyMGxhcGxhbmQlMjBhdXJvcmElMjBjYWJpbnxlbnwwfDB8fHwxNzg3MzgwOTE2fDA	Lapland Aurora, Finland	Jonatan Pie	r3dmax	#4c635c	#385655
night-sky	SRFoGor-74Y	/photo-1771596704354-4e7f8b85adcb?ixid=M3wxMjA3fDB8MXxzZWFyY2h8MTB8fGZpbm5pc2glMjBsYXBsYW5kJTIwYXVyb3JhJTIwY2FiaW58ZW58MHwwfHx8MTc4NzM4MDkxNnww	Lapland Aurora, Finland	Max Böttinger	maxboettinger	#b6c0c8	#f8f2f4
night-sky	f_yMvVpdZqA	/photo-1673361654018-0a7f27d8fa05?ixid=M3wxMjA3fDB8MXxzZWFyY2h8MTF8fGZpbm5pc2glMjBsYXBsYW5kJTIwYXVyb3JhJTIwY2FiaW58ZW58MHwwfHx8MTc4NzM4MDkxNnww	Lapland Aurora, Finland	Brecht Denil	brechtdenil	#4f4748	#241926
night-sky	MsQDkYw-PTk	/photo-1612686635542-2244ed9f8ddc?ixid=M3wxMjA3fDB8MXxzZWFyY2h8Mnx8aWNlbGFuZCUyMGF1cm9yYSUyMGJvcmVhbGlzJTIwbGFuZHNjYXBlfGVufDB8MHx8fDE3ODczODEwNzV8MA	Iceland Aurora, Iceland	Ken Cheung	kencheungphoto	#33586c	#163755
night-sky	IK07OmXSnmU	/photo-1513786704796-b35842f0dca6?ixid=M3wxMjA3fDB8MXxzZWFyY2h8M3x8aWNlbGFuZCUyMGF1cm9yYSUyMGJvcmVhbGlzJTIwbGFuZHNjYXBlfGVufDB8MHx8fDE3ODczODEwNzV8MA	Iceland Aurora, Iceland	Jonatan Pie	r3dmax	#092b3e	#010b27
night-sky	2FrEtvhvqYk	/photo-1577818927823-db52d416822d?ixid=M3wxMjA3fDB8MXxzZWFyY2h8NHx8aWNlbGFuZCUyMGF1cm9yYSUyMGJvcmVhbGlzJTIwbGFuZHNjYXBlfGVufDB8MHx8fDE3ODczODEwNzV8MA	Iceland Aurora, Iceland	Lucas Marcomini	lucasmarcomini	#2c5149	#0a1312
night-sky	pD2qEK_iQfw	/photo-1589392997806-0066ab70c2d9?ixid=M3wxMjA3fDB8MXxzZWFyY2h8Nnx8aWNlbGFuZCUyMGF1cm9yYSUyMGJvcmVhbGlzJTIwbGFuZHNjYXBlfGVufDB8MHx8fDE3ODczODEwNzV8MA	Iceland Aurora, Iceland	Mike Swigunski	mike_swigunski	#5a5b6b	#673b55
night-sky	kSjAPp7PvzQ	/photo-1682547095937-6765f750e429?ixid=M3wxMjA3fDB8MXxzZWFyY2h8N3x8aWNlbGFuZCUyMGF1cm9yYSUyMGJvcmVhbGlzJTIwbGFuZHNjYXBlfGVufDB8MHx8fDE3ODczODEwNzV8MA	Iceland Aurora, Iceland	David Becker	beckerworks	#40323e	#080403
night-sky	fpaSXDuoHkc	/photo-1506408117482-b60ae52a2480?ixid=M3wxMjA3fDB8MXxzZWFyY2h8OHx8aWNlbGFuZCUyMGF1cm9yYSUyMGJvcmVhbGlzJTIwbGFuZHNjYXBlfGVufDB8MHx8fDE3ODczODEwNzV8MA	Iceland Aurora, Iceland	Marc Marchal	marcmarchal	#1e8683	#039988
night-sky	yzshLrEtkpE	/photo-1589025010787-0507fa0fc20c?ixid=M3wxMjA3fDB8MXxzZWFyY2h8MXx8eXVrb24lMjBjYW5hZGElMjBub3J0aGVybiUyMGxpZ2h0c3xlbnwwfDB8fHwxNzg3MzgxMDc2fDA	Yukon Aurora, Canada	Alex	alexmette	#99b5bb	#7b95a4
night-sky	ccQ3Y9v574w	/photo-1731001209566-b6cce9b19a56?ixid=M3wxMjA3fDB8MXxzZWFyY2h8Mnx8eXVrb24lMjBjYW5hZGElMjBub3J0aGVybiUyMGxpZ2h0c3xlbnwwfDB8fHwxNzg3MzgxMDc2fDA	Yukon Aurora, Canada	UC Berkeley, Department of Geography	ucberkeley	#7c7d6d	#374528
night-sky	GkrFhmkHDgc	/photo-1755007250404-38739cf2dda6?ixid=M3wxMjA3fDB8MXxzZWFyY2h8M3x8eXVrb24lMjBjYW5hZGElMjBub3J0aGVybiUyMGxpZ2h0c3xlbnwwfDB8fHwxNzg3MzgxMDc2fDA	Yukon Aurora, Canada	Joris Beugels	jorisbeugels	#8499be	#355aa5
night-sky	6_neFmOIhJs	/photo-1706177431367-26d51b0143b1?ixid=M3wxMjA3fDB8MXxzZWFyY2h8NHx8eXVrb24lMjBjYW5hZGElMjBub3J0aGVybiUyMGxpZ2h0c3xlbnwwfDB8fHwxNzg3MzgxMDc2fDA	Yukon Aurora, Canada	Joris Beugels	jorisbeugels	#7a899d	#466599
night-sky	AOGOn4u3j2s	/photo-1740431251009-be7ffb1cf52d?ixid=M3wxMjA3fDB8MXxzZWFyY2h8NXx8eXVrb24lMjBjYW5hZGElMjBub3J0aGVybiUyMGxpZ2h0c3xlbnwwfDB8fHwxNzg3MzgxMDc2fDA	Yukon Aurora, Canada	Kael Paradis	paradisdunord	#6b758a	#141502
night-sky	9XJR74YPckw	/photo-1546684826-bf4c0a9f9474?ixid=M3wxMjA3fDB8MXxzZWFyY2h8Nnx8eXVrb24lMjBjYW5hZGElMjBub3J0aGVybiUyMGxpZ2h0c3xlbnwwfDB8fHwxNzg3MzgxMDc2fDA	Yukon Aurora, Canada	Joris Beugels	jorisbeugels	#798393	#0a1528
night-sky	62V7ntlKgL8	/photo-1483347756197-71ef80e95f73?ixid=M3wxMjA3fDB8MXxzZWFyY2h8M3x8eWVsbG93a25pZmUlMjBhdXJvcmElMjBib3JlYWxpc3xlbnwwfDB8fHwxNzg3MzgxMDc3fDA	Yellowknife Aurora, Canada	Vincent Guth	vingtcent	#364745	#070303
night-sky	WNS__aBJjl4	/photo-1517928260182-5688aead3066?ixid=M3wxMjA3fDB8MXxzZWFyY2h8NHx8eWVsbG93a25pZmUlMjBhdXJvcmElMjBib3JlYWxpc3xlbnwwfDB8fHwxNzg3MzgxMDc3fDA	Yellowknife Aurora, Canada	v2osk	v2osk	#3e671f	#467724
night-sky	vUePu7hAYAQ	/photo-1571371867188-fdc3f1f8e62d?ixid=M3wxMjA3fDB8MXxzZWFyY2h8Nnx8eWVsbG93a25pZmUlMjBhdXJvcmElMjBib3JlYWxpc3xlbnwwfDB8fHwxNzg3MzgxMDc3fDA	Yellowknife Aurora, Canada	Serey Kim	shuttergenic	#38515c	#193835
night-sky	DmA484UHAzw	/photo-1605286700104-15889419f60b?ixid=M3wxMjA3fDB8MXxzZWFyY2h8N3x8eWVsbG93a25pZmUlMjBhdXJvcmElMjBib3JlYWxpc3xlbnwwfDB8fHwxNzg3MzgxMDc3fDA	Yellowknife Aurora, Canada	Jon Anders Dalan	jonandersdalan	#0b514d	#023639
night-sky	e2MnKlEFcTg	/photo-1504858700536-882c978a3464?ixid=M3wxMjA3fDB8MXxzZWFyY2h8OHx8eWVsbG93a25pZmUlMjBhdXJvcmElMjBib3JlYWxpc3xlbnwwfDB8fHwxNzg3MzgxMDc3fDA	Yellowknife Aurora, Canada	Jonatan Pie	r3dmax	#424a54	#031719
night-sky	EvKBHBGgaUo	/photo-1488415032361-b7e238421f1b?ixid=M3wxMjA3fDB8MXxzZWFyY2h8MTB8fHllbGxvd2tuaWZlJTIwYXVyb3JhJTIwYm9yZWFsaXN8ZW58MHwwfHx8MTc4NzM4MTA3N3ww	Yellowknife Aurora, Canada	Jonatan Pie	r3dmax	#13453b	#083637
night-sky	5jfTp4KLXts	/photo-1736722322744-300b7bb4d758?ixid=M3wxMjA3fDB8MXxzZWFyY2h8MXx8YWxhc2thJTIwYXVyb3JhJTIwYm9yZWFsaXMlMjBtb3VudGFpbnN8ZW58MHwwfHx8MTc4NzM4MTA3N3ww	Alaska Aurora, United States	Erik Johnson	johnson_erik	#61566a	#373556
night-sky	7OgMtqemnPE	/photo-1736722322437-6c178efbbac5?ixid=M3wxMjA3fDB8MXxzZWFyY2h8Mnx8YWxhc2thJTIwYXVyb3JhJTIwYm9yZWFsaXMlMjBtb3VudGFpbnN8ZW58MHwwfHx8MTc4NzM4MTA3N3ww	Alaska Aurora, United States	Erik Johnson	johnson_erik	#251f25	#1a1625
night-sky	xydCf52vxa8	/photo-1786158341762-9af90330397b?ixid=M3wxMjA3fDB8MXxzZWFyY2h8M3x8YWxhc2thJTIwYXVyb3JhJTIwYm9yZWFsaXMlMjBtb3VudGFpbnN8ZW58MHwwfHx8MTc4NzM4MTA3N3ww	Alaska Aurora, United States	Everett McIntire	everettm	#5f3b37	#171327
night-sky	leZ-6thLK-Y	/photo-1774306727374-2aa9f8df5b2e?ixid=M3wxMjA3fDB8MXxzZWFyY2h8NHx8YWxhc2thJTIwYXVyb3JhJTIwYm9yZWFsaXMlMjBtb3VudGFpbnN8ZW58MHwwfHx8MTc4NzM4MTA3N3ww	Alaska Aurora, United States	Donghun Shin	chapelbeach	#6a597e	#373c75
night-sky	sceV4T54HsI	/photo-1666668152560-e6807f6ffabe?ixid=M3wxMjA3fDB8MXxzZWFyY2h8Mnx8YXRhY2FtYSUyMGRlc2VydCUyMG1pbGt5JTIwd2F5fGVufDB8MHx8fDE3ODczODEwNzh8MA	Atacama Sky, Chile	Emmanuel Hernandez	emmanems19	#c2aea9	#a98578
night-sky	w5RizGHq5_M	/photo-1620824175623-930d7a980da8?ixid=M3wxMjA3fDB8MXxzZWFyY2h8M3x8YXRhY2FtYSUyMGRlc2VydCUyMG1pbGt5JTIwd2F5fGVufDB8MHx8fDE3ODczODEwNzh8MA	Atacama Sky, Chile	Daniele Nabissi	nabozzz	#6f7c99	#0258a6
night-sky	Va3potaPIzI	/photo-1777824255435-280935f06559?ixid=M3wxMjA3fDB8MXxzZWFyY2h8NHx8YXRhY2FtYSUyMGRlc2VydCUyMG1pbGt5JTIwd2F5fGVufDB8MHx8fDE3ODczODEwNzh8MA	Atacama Sky, Chile	Frans Ruiter	frns	#a5a9a2	#a99986
night-sky	nCjMhuZEvBY	/photo-1682812371708-25d84916a62e?ixid=M3wxMjA3fDB8MXxzZWFyY2h8Nnx8YXRhY2FtYSUyMGRlc2VydCUyMG1pbGt5JTIwd2F5fGVufDB8MHx8fDE3ODczODEwNzh8MA	Atacama Sky, Chile	Thomas Griggs	viajeenparacaidas	#554d61	#65493b
night-sky	ekDKs6kqJS0	/photo-1666668005104-6181e6723d19?ixid=M3wxMjA3fDB8MXxzZWFyY2h8N3x8YXRhY2FtYSUyMGRlc2VydCUyMG1pbGt5JTIwd2F5fGVufDB8MHx8fDE3ODczODEwNzh8MA	Atacama Sky, Chile	Emmanuel Hernandez	emmanems19	#a99996	#765954
night-sky	jZDuSqMlcpc	/photo-1571864365331-928b6fb22c20?ixid=M3wxMjA3fDB8MXxzZWFyY2h8OHx8YXRhY2FtYSUyMGRlc2VydCUyMG1pbGt5JTIwd2F5fGVufDB8MHx8fDE3ODczODEwNzh8MA	Atacama Sky, Chile	Alex Wolowiecki	modernwolo	#957d7b	#473528
night-sky	7r5Jk2Af9Ow	/photo-1566160996175-f08b9991c8a4?ixid=M3wxMjA3fDB8MXxzZWFyY2h8Mnx8bmFtaWJpYSUyMGRlc2VydCUyMG1pbGt5JTIwd2F5fGVufDB8MHx8fDE3ODczODEwNzl8MA	Namib Sky, Namibia	Sergi Ferrete	sergiferrete	#221f2b	#1a1927
night-sky	smkAoRp_4Ks	/photo-1772289935653-f5a7950205cf?ixid=M3wxMjA3fDB8MXxzZWFyY2h8M3x8bmFtaWJpYSUyMGRlc2VydCUyMG1pbGt5JTIwd2F5fGVufDB8MHx8fDE3ODczODEwNzl8MA	Namib Sky, Namibia	NIR HIMI	nirhimi	#464b4d	#070a08
night-sky	EheVP3WhJYk	/photo-1579885487896-abc1a9ebb77b?ixid=M3wxMjA3fDB8MXxzZWFyY2h8NHx8bmFtaWJpYSUyMGRlc2VydCUyMG1pbGt5JTIwd2F5fGVufDB8MHx8fDE3ODczODEwNzl8MA	Namib Sky, Namibia	JP Desvigne	jpdvg	#575f6d	#183448
night-sky	294bnhBveTg	/photo-1534528229503-36fe8335507a?ixid=M3wxMjA3fDB8MXxzZWFyY2h8Nnx8bmFtaWJpYSUyMGRlc2VydCUyMG1pbGt5JTIwd2F5fGVufDB8MHx8fDE3ODczODEwNzl8MA	Namib Sky, Namibia	Vincent Beneche	elv3n12	#21201f	#181716
night-sky	Rl8WLKiV53Y	/photo-1634635976405-934ffb77aaf1?ixid=M3wxMjA3fDB8MXxzZWFyY2h8N3x8bmFtaWJpYSUyMGRlc2VydCUyMG1pbGt5JTIwd2F5fGVufDB8MHx8fDE3ODczODEwNzl8MA	Namib Sky, Namibia	Amar Hussain	gapyearescape	#9a9b90	#c58b58
night-sky	Vb8G0GOIV-E	/photo-1595341210111-a1b388eabf88?ixid=M3wxMjA3fDB8MXxzZWFyY2h8OHx8bmFtaWJpYSUyMGRlc2VydCUyMG1pbGt5JTIwd2F5fGVufDB8MHx8fDE3ODczODEwNzl8MA	Namib Sky, Namibia	Eelco Böhtlingk	eelco_bohtlingk	#556679	#545a66
night-sky	Ug7aq-cS-JY	/photo-1662747975359-9c40ddd55551?ixid=M3wxMjA3fDB8MXxzZWFyY2h8MXx8d2FkaSUyMHJ1bSUyMG1pbGt5JTIwd2F5JTIwbmlnaHR8ZW58MHwwfHx8MTc4NzM4MTA4MHww	Wadi Rum Sky, Jordan	Dylan Shaw	dylanshaw	#3a3536	#130806
night-sky	KY468wOOCaE	/photo-1569399388591-15a984a90f66?ixid=M3wxMjA3fDB8MXxzZWFyY2h8Mnx8d2FkaSUyMHJ1bSUyMG1pbGt5JTIwd2F5JTIwbmlnaHR8ZW58MHwwfHx8MTc4NzM4MTA4MHww	Wadi Rum Sky, Jordan	Alex Azabache	alexazabache	#45595f	#172c33
night-sky	9wH624ALFQA	/photo-1515705576963-95cad62945b6?ixid=M3wxMjA3fDB8MXxzZWFyY2h8Mnx8YW9yYWtpJTIwbW91bnQlMjBjb29rJTIwbWlsa3klMjB3YXl8ZW58MHwwfHx8MTc4NzM4MTA4MXww	Aoraki Sky, New Zealand	Dns Dgn	dnsdgn	#313342	#172536
night-sky	2O18Tz8QidM	/photo-1482406611936-43ea538e39d4?ixid=M3wxMjA3fDB8MXxzZWFyY2h8M3x8YW9yYWtpJTIwbW91bnQlMjBjb29rJTIwbWlsa3klMjB3YXl8ZW58MHwwfHx8MTc4NzM4MTA4MXww	Aoraki Sky, New Zealand	Des Récits	desrecits	#212334	#07050b
night-sky	eKU3JGNCCMg	/photo-1487715433499-93acdc0bd7c3?ixid=M3wxMjA3fDB8MXxzZWFyY2h8NHx8YW9yYWtpJTIwbW91bnQlMjBjb29rJTIwbWlsa3klMjB3YXl8ZW58MHwwfHx8MTc4NzM4MTA4MXww	Aoraki Sky, New Zealand	Luca Baggio	luca42	#49443e	#060401
night-sky	i3iCSXTjzTA	/photo-1618236497374-549103ce51e8?ixid=M3wxMjA3fDB8MXxzZWFyY2h8Nnx8YW9yYWtpJTIwbW91bnQlMjBjb29rJTIwbWlsa3klMjB3YXl8ZW58MHwwfHx8MTc4NzM4MTA4MXww	Aoraki Sky, New Zealand	KOTA HAMORI	rm0023pr	#504c5c	#555469
night-sky	eYXrvDWeJWs	/photo-1709804889528-66d4e8f269f4?ixid=M3wxMjA3fDB8MXxzZWFyY2h8N3x8YW9yYWtpJTIwbW91bnQlMjBjb29rJTIwbWlsa3klMjB3YXl8ZW58MHwwfHx8MTc4NzM4MTA4MXww	Aoraki Sky, New Zealand	Colin Watts	colinwatts	#294c96	#14388b
night-sky	-wEFdRCG4IU	/photo-1498611291069-aa296192f1e4?ixid=M3wxMjA3fDB8MXxzZWFyY2h8OHx8YW9yYWtpJTIwbW91bnQlMjBjb29rJTIwbWlsa3klMjB3YXl8ZW58MHwwfHx8MTc4NzM4MTA4MXww	Aoraki Sky, New Zealand	Robson Hatsukami Morgan	robsonhmorgan	#3f3d3e	#262628
night-sky	Z5ARQ6WNEqA	/photo-1591554338378-6dcc422b8249?ixid=M3wxMjA3fDB8MXxzZWFyY2h8MXx8bGFrZSUyMHRla2FwbyUyMG1pbGt5JTIwd2F5fGVufDB8MHx8fDE3ODczODEwODJ8MA	Tekapo Sky, New Zealand	Ken Cheung	kencheungphoto	#2b3343	#2a3447
night-sky	HUGWwCoOuz0	/photo-1562081011-c7eac38f00f6?ixid=M3wxMjA3fDB8MXxzZWFyY2h8Mnx8bGFrZSUyMHRla2FwbyUyMG1pbGt5JTIwd2F5fGVufDB8MHx8fDE3ODczODEwODJ8MA	Tekapo Sky, New Zealand	Will Li	willxli	#232124	#171719
night-sky	zVzu0F9z44I	/photo-1677932394762-64ff2b2250be?ixid=M3wxMjA3fDB8MXxzZWFyY2h8M3x8bGFrZSUyMHRla2FwbyUyMG1pbGt5JTIwd2F5fGVufDB8MHx8fDE3ODczODEwODJ8MA	Tekapo Sky, New Zealand	Sebastian Knoll	skenb	#693f44	#140b06
night-sky	edoink92MzY	/photo-1687175143641-e0d5554a6b9e?ixid=M3wxMjA3fDB8MXxzZWFyY2h8NHx8bGFrZSUyMHRla2FwbyUyMG1pbGt5JTIwd2F5fGVufDB8MHx8fDE3ODczODEwODJ8MA	Tekapo Sky, New Zealand	Shashank B	shadank	#1e444d	#244a56
night-sky	3LbiEXvVnLI	/photo-1687175143457-fe8a1eeb0e3a?ixid=M3wxMjA3fDB8MXxzZWFyY2h8NXx8bGFrZSUyMHRla2FwbyUyMG1pbGt5JTIwd2F5fGVufDB8MHx8fDE3ODczODEwODJ8MA	Tekapo Sky, New Zealand	Shashank B	shadank	#1a3843	#183945
night-sky	GVtizvhHFKE	/photo-1687175143875-5fc61aea7ca2?ixid=M3wxMjA3fDB8MXxzZWFyY2h8Nnx8bGFrZSUyMHRla2FwbyUyMG1pbGt5JTIwd2F5fGVufDB8MHx8fDE3ODczODEwODJ8MA	Tekapo Sky, New Zealand	Shashank B	shadank	#1e3a3e	#173639
night-sky	eodA_8CTOFo	/photo-1509773896068-7fd415d91e2e?ixid=M3wxMjA3fDB8MXxzZWFyY2h8Mnx8dWx1cnUlMjBtaWxreSUyMHdheSUyMG5pZ2h0fGVufDB8MHx8fDE3ODczODEwODN8MA	Uluru Sky, Australia	Jackson Hendry	actionjackson801	#2a304e	#384577
night-sky	RrSG1hDo8ew	/photo-1532272037986-b930d0b26075?ixid=M3wxMjA3fDB8MXxzZWFyY2h8NHx8dWx1cnUlMjBtaWxreSUyMHdheSUyMG5pZ2h0fGVufDB8MHx8fDE3ODczODEwODN8MA	Uluru Sky, Australia	Klemen Vrankar	klemenvrankar	#221d25	#050404
night-sky	H4PKDFNpnpg	/photo-1508454187457-0bca7311b8eb?ixid=M3wxMjA3fDB8MXxzZWFyY2h8OHx8dWx1cnUlMjBtaWxreSUyMHdheSUyMG5pZ2h0fGVufDB8MHx8fDE3ODczODEwODN8MA	Uluru Sky, Australia	Renden Yoder	rendenyoder	#58575a	#575965
night-sky	ar2wBygqRQc	/photo-1687172902141-67b20be1df71?ixid=M3wxMjA3fDB8MXxzZWFyY2h8MTB8fHVsdXJ1JTIwbWlsa3klMjB3YXklMjBuaWdodHxlbnwwfDB8fHwxNzg3MzgxMDgzfDA	Uluru Sky, Australia	Luca Calderone	nature_photography_by_luca	#3f3c3c	#373739
night-sky	oIHdT3LVn88	/photo-1623050079941-a19cf0f6a798?ixid=M3wxMjA3fDB8MXxzZWFyY2h8MTF8fHVsdXJ1JTIwbWlsa3klMjB3YXklMjBuaWdodHxlbnwwfDB8fHwxNzg3MzgxMDgzfDA	Uluru Sky, Australia	Evgeni Tcherkasski	evgenit	#36342d	#16150a
night-sky	SfP3THtCgXI	/photo-1681752635279-beff26a4b47d?ixid=M3wxMjA3fDB8MXxzZWFyY2h8MTJ8fHVsdXJ1JTIwbWlsa3klMjB3YXklMjBuaWdodHxlbnwwfDB8fHwxNzg3MzgxMDgzfDA	Uluru Sky, Australia	Chris Klein	astrorover	#2a3038	#2a3845
night-sky	JS4N6-Llyws	/photo-1678687536549-5d18a81e66cf?ixid=M3wxMjA3fDB8MXxzZWFyY2h8MXx8ZGVhdGglMjB2YWxsZXklMjBtaWxreSUyMHdheXxlbnwwfDB8fHwxNzg3MzgxMDg0fDA	Death Valley Sky, United States	Zhou Xian	zhou_xian	#423d52	#363449
night-sky	zo7uSiXMqOY	/photo-1785462722531-7e035d13dddd?ixid=M3wxMjA3fDB8MXxzZWFyY2h8Mnx8ZGVhdGglMjB2YWxsZXklMjBtaWxreSUyMHdheXxlbnwwfDB8fHwxNzg3MzgxMDg0fDA	Death Valley Sky, United States	Dennis Zhang	windagh	#373f4d	#040608
night-sky	xyCx5iDyoCw	/photo-1785462711025-b1bd5056d3fa?ixid=M3wxMjA3fDB8MXxzZWFyY2h8M3x8ZGVhdGglMjB2YWxsZXklMjBtaWxreSUyMHdheXxlbnwwfDB8fHwxNzg3MzgxMDg0fDA	Death Valley Sky, United States	Dennis Zhang	windagh	#282e38	#182736
night-sky	yprJIDlVX_U	/photo-1766958723495-3616b9657205?ixid=M3wxMjA3fDB8MXxzZWFyY2h8NHx8ZGVhdGglMjB2YWxsZXklMjBtaWxreSUyMHdheXxlbnwwfDB8fHwxNzg3MzgxMDg0fDA	Death Valley Sky, United States	Jim DeLillo	jimdelillo	#61575f	#453847
night-sky	JJ63JzHcHr0	/flagged/photo-1553543813-d8bdf46945c7?ixid=M3wxMjA3fDB8MXxzZWFyY2h8NXx8ZGVhdGglMjB2YWxsZXklMjBtaWxreSUyMHdheXxlbnwwfDB8fHwxNzg3MzgxMDg0fDA	Death Valley Sky, United States	Dirk Heiss	dheiss	#2e3642	#173456
night-sky	YAnOTaxbuaM	/photo-1536873602512-8e88cc8398b1?ixid=M3wxMjA3fDB8MXxzZWFyY2h8Nnx8ZGVhdGglMjB2YWxsZXklMjBtaWxreSUyMHdheXxlbnwwfDB8fHwxNzg3MzgxMDg0fDA	Death Valley Sky, United States	Will Truettner	willy_teee	#4f595b	#486369
night-sky	7V78KRaWMKQ	/photo-1445443385222-53ca40599f15?ixid=M3wxMjA3fDB8MXxzZWFyY2h8MXx8YmlnJTIwYmVuZCUyMHRleGFzJTIwbWlsa3klMjB3YXl8ZW58MHwwfHx8MTc4NzM4MTA4NXww	Big Bend Sky, United States	Jesse Sewell	jessesewell	#2c2c2c	#373737
night-sky	OgrSG2xPXQE	/photo-1626572851048-927ed1fecef8?ixid=M3wxMjA3fDB8MXxzZWFyY2h8Mnx8YmlnJTIwYmVuZCUyMHRleGFzJTIwbWlsa3klMjB3YXl8ZW58MHwwfHx8MTc4NzM4MTA4NXww	Big Bend Sky, United States	Justin Wolff	jayphoto	#5d594d	#020602
night-sky	LRdui1LP-7A	/photo-1503643384230-be0327e2d7d9?ixid=M3wxMjA3fDB8MXxzZWFyY2h8M3x8YmlnJTIwYmVuZCUyMHRleGFzJTIwbWlsa3klMjB3YXl8ZW58MHwwfHx8MTc4NzM4MTA4NXww	Big Bend Sky, United States	MJ Tangonan	mjtangonan	#3d4754	#273856
night-sky	xrjPENC-T7g	/photo-1569973560851-8c4563f4c3c8?ixid=M3wxMjA3fDB8MXxzZWFyY2h8NHx8YmlnJTIwYmVuZCUyMHRleGFzJTIwbWlsa3klMjB3YXl8ZW58MHwwfHx8MTc4NzM4MTA4NXww	Big Bend Sky, United States	Joshua Case	joshcase	#3e3e40	#464548
night-sky	VQgkE7RrV6w	/photo-1628794833496-3049ef30125b?ixid=M3wxMjA3fDB8MXxzZWFyY2h8NXx8YmlnJTIwYmVuZCUyMHRleGFzJTIwbWlsa3klMjB3YXl8ZW58MHwwfHx8MTc4NzM4MTA4NXww	Big Bend Sky, United States	Alfred Lockwood	alfred_lockwood	#413a33	#272936
night-sky	GsNGpzF0rks	/photo-1524936987904-0ee26e8730ed?ixid=M3wxMjA3fDB8MXxzZWFyY2h8Nnx8YmlnJTIwYmVuZCUyMHRleGFzJTIwbWlsa3klMjB3YXl8ZW58MHwwfHx8MTc4NzM4MTA4NXww	Big Bend Sky, United States	David Morris	davidm91	#2f2830	#292838
night-sky	vKYSvZqu_1I	/photo-1731176497854-f9ea4dd52eb6?ixid=M3wxMjA3fDB8MXxzZWFyY2h8MXx8dXRhaCUyMGRlc2VydCUyMG1pbGt5JTIwd2F5JTIwYXJjaGVzfGVufDB8MHx8fDE3ODczODEwODV8MA	Utah Sky, United States	Sebastian Knoll	skenb	#4b3838	#261815
night-sky	MUCLiUxkseI	/photo-1497024442048-0ac08ca91b00?ixid=M3wxMjA3fDB8MXxzZWFyY2h8Mnx8dXRhaCUyMGRlc2VydCUyMG1pbGt5JTIwd2F5JTIwYXJjaGVzfGVufDB8MHx8fDE3ODczODEwODV8MA	Utah Sky, United States	Lionello DelPiccolo	liodp	#5e5d5b	#17130b
night-sky	xgPDTvQQVgo	/photo-1565151344505-8dc3fe0139dc?ixid=M3wxMjA3fDB8MXxzZWFyY2h8MXx8eW9zZW1pdGUlMjBtaWxreSUyMHdheSUyMG5pZ2h0fGVufDB8MHx8fDE3ODczODEwODZ8MA	Yosemite Sky, United States	ChingYing Liu	chingying91	#2a2823	#282824
night-sky	1ArDkegzt8c	/photo-1753772898842-ed83aafa9b0b?ixid=M3wxMjA3fDB8MXxzZWFyY2h8Mnx8eW9zZW1pdGUlMjBtaWxreSUyMHdheSUyMG5pZ2h0fGVufDB8MHx8fDE3ODczODEwODZ8MA	Yosemite Sky, United States	wallace Henry	ghostdogg187	#20242e	#020202
night-sky	c5eDRYtiu_M	/photo-1696827926099-c4eab4331e51?ixid=M3wxMjA3fDB8MXxzZWFyY2h8M3x8eW9zZW1pdGUlMjBtaWxreSUyMHdheSUyMG5pZ2h0fGVufDB8MHx8fDE3ODczODEwODZ8MA	Yosemite Sky, United States	Hari Manivannan	hmanivannan	#17191c	#030304
night-sky	BQdGIBNgHyc	/photo-1569953866631-e293d79fdce9?ixid=M3wxMjA3fDB8MXxzZWFyY2h8NHx8eW9zZW1pdGUlMjBtaWxreSUyMHdheSUyMG5pZ2h0fGVufDB8MHx8fDE3ODczODEwODZ8MA	Yosemite Sky, United States	Anson Yang	konachiyang	#1e202d	#0b1c35
night-sky	Kvotgf61vkk	/photo-1598069928154-f302b8638d59?ixid=M3wxMjA3fDB8MXxzZWFyY2h8NXx8eW9zZW1pdGUlMjBtaWxreSUyMHdheSUyMG5pZ2h0fGVufDB8MHx8fDE3ODczODEwODZ8MA	Yosemite Sky, United States	Venti Views	ventiviews	#3a4647	#464636
night-sky	5SLjLJiFIdw	/photo-1504555094879-d218df4eef7d?ixid=M3wxMjA3fDB8MXxzZWFyY2h8Nnx8eW9zZW1pdGUlMjBtaWxreSUyMHdheSUyMG5pZ2h0fGVufDB8MHx8fDE3ODczODEwODZ8MA	Yosemite Sky, United States	Levi Bare	levibare1	#3d4043	#3c4249
night-sky	xlEXYFzGbrI	/photo-1623396090637-4d85d9b39c07?ixid=M3wxMjA3fDB8MXxzZWFyY2h8Mnx8Z3JhbmQlMjBjYW55b24lMjBtaWxreSUyMHdheXxlbnwwfDB8fHwxNzg3MzgxMDg3fDA	Grand Canyon Sky, United States	Parsa Mahmoudi	parsamphotography	#453f3e	#1a171a
night-sky	6HssaCeAHbo	/photo-1666490490039-f27291bff8a2?ixid=M3wxMjA3fDB8MXxzZWFyY2h8M3x8Z3JhbmQlMjBjYW55b24lMjBtaWxreSUyMHdheXxlbnwwfDB8fHwxNzg3MzgxMDg3fDA	Grand Canyon Sky, United States	Karthik Sreenivas	karthik_sreenivas	#5f584e	#655949
night-sky	68xHayBZdwQ	/photo-1605409775705-547ff216727a?ixid=M3wxMjA3fDB8MXxzZWFyY2h8NHx8Z3JhbmQlMjBjYW55b24lMjBtaWxreSUyMHdheXxlbnwwfDB8fHwxNzg3MzgxMDg3fDA	Grand Canyon Sky, United States	Ken Cheung	kencheungphoto	#364654	#263b4c
night-sky	F3yBQrqZzfM	/photo-1623780531038-0f37f1e09c4c?ixid=M3wxMjA3fDB8MXxzZWFyY2h8Nnx8Z3JhbmQlMjBjYW55b24lMjBtaWxreSUyMHdheXxlbnwwfDB8fHwxNzg3MzgxMDg3fDA	Grand Canyon Sky, United States	Sam Goodgame	sgoodgame	#595550	#271716
night-sky	_qkuc1V9Gbg	/photo-1578491133524-f33d9c7a7484?ixid=M3wxMjA3fDB8MXxzZWFyY2h8N3x8Z3JhbmQlMjBjYW55b24lMjBtaWxreSUyMHdheXxlbnwwfDB8fHwxNzg3MzgxMDg3fDA	Grand Canyon Sky, United States	Ken Cheung	kencheungphoto	#4d4b4d	#485768
night-sky	KfzBeJC752w	/photo-1623780517031-ece79306cadc?ixid=M3wxMjA3fDB8MXxzZWFyY2h8OHx8Z3JhbmQlMjBjYW55b24lMjBtaWxreSUyMHdheXxlbnwwfDB8fHwxNzg3MzgxMDg3fDA	Grand Canyon Sky, United States	Sam Goodgame	sgoodgame	#645953	#362828
night-sky	BDxozptodpU	/photo-1510922923694-5a9fca94dc4a?ixid=M3wxMjA3fDB8MXxzZWFyY2h8Mnx8bW9udW1lbnQlMjB2YWxsZXklMjBtaWxreSUyMHdheXxlbnwwfDB8fHwxNzg3MzgxMDg4fDA	Monument Valley Sky, United States	Nicolai Krämer	nicolaikraemer	#252124	#0b1727
night-sky	GLmhbqbn1WA	/photo-1516059123626-07d37ee58f94?ixid=M3wxMjA3fDB8MXxzZWFyY2h8M3x8bW9udW1lbnQlMjB2YWxsZXklMjBtaWxreSUyMHdheXxlbnwwfDB8fHwxNzg3MzgxMDg4fDA	Monument Valley Sky, United States	Ganapathy Kumar	gkumar2175	#104580	#0159a6
night-sky	wJlwjPx4bzY	/photo-1657915255363-c8b1e4f65eeb?ixid=M3wxMjA3fDB8MXxzZWFyY2h8NHx8bW9udW1lbnQlMjB2YWxsZXklMjBtaWxreSUyMHdheXxlbnwwfDB8fHwxNzg3MzgxMDg4fDA	Monument Valley Sky, United States	David Kaloczi	kaloczidev_	#63636d	#15131a
night-sky	012FTEA0ZQ0	/photo-1657915255400-66a1ad490dd6?ixid=M3wxMjA3fDB8MXxzZWFyY2h8Nnx8bW9udW1lbnQlMjB2YWxsZXklMjBtaWxreSUyMHdheXxlbnwwfDB8fHwxNzg3MzgxMDg4fDA	Monument Valley Sky, United States	David Kaloczi	kaloczidev_	#3f4457	#263449
night-sky	YHjoFcdYrS8	/photo-1717963683869-7b77f397f08f?ixid=M3wxMjA3fDB8MXxzZWFyY2h8OHx8bW9udW1lbnQlMjB2YWxsZXklMjBtaWxreSUyMHdheXxlbnwwfDB8fHwxNzg3MzgxMDg4fDA	Monument Valley Sky, United States	Gantavya Bhatt	gbhatt_2	#2e242a	#010000
night-sky	ZoyNM1-Bkro	/photo-1718584181454-49ac1a2f0047?ixid=M3wxMjA3fDB8MXxzZWFyY2h8MTB8fG1vbnVtZW50JTIwdmFsbGV5JTIwbWlsa3klMjB3YXl8ZW58MHwwfHx8MTc4NzM4MTA4OHww	Monument Valley Sky, United States	Gantavya Bhatt	gbhatt_2	#212330	#000001
night-sky	ccxSX0f6fu8	/photo-1482385916434-814664df9c5b?ixid=M3wxMjA3fDB8MXxzZWFyY2h8M3x8amFzcGVyJTIwZGFyayUyMHNreSUyMG1pbGt5JTIwd2F5fGVufDB8MHx8fDE3ODczODEwODl8MA	Jasper Sky, Canada	Nathan Anderson	nathananderson	#23404c	#173547
night-sky	pq2DJBntZW0	/photo-1465101046530-73398c7f28ca?ixid=M3wxMjA3fDB8MXxzZWFyY2h8NHx8amFzcGVyJTIwZGFyayUyMHNreSUyMG1pbGt5JTIwd2F5fGVufDB8MHx8fDE3ODczODEwODl8MA	Jasper Sky, Canada	Jeremy Thomas	jeremythomasphoto	#3e3d58	#262748
night-sky	OQKQzw4o8cU	/photo-1476764329498-e89f194558e1?ixid=M3wxMjA3fDB8MXxzZWFyY2h8MTB8fGphc3BlciUyMGRhcmslMjBza3klMjBtaWxreSUyMHdheXxlbnwwfDB8fHwxNzg3MzgxMDg5fDA	Jasper Sky, Canada	Nathan Anderson	nathananderson	#1d1123	#1b1129
night-sky	jY8VV-aMALA	/photo-1500874838097-449a123660fd?ixid=M3wxMjA3fDB8MXxzZWFyY2h8MTF8fGphc3BlciUyMGRhcmslMjBza3klMjBtaWxreSUyMHdheXxlbnwwfDB8fHwxNzg3MzgxMDg5fDA	Jasper Sky, Canada	Nathan Anderson	nathananderson	#131413	#050504
night-sky	10kjsFg6M4E	/photo-1567544568263-55b6f67b5289?ixid=M3wxMjA3fDB8MXxzZWFyY2h8MTJ8fGphc3BlciUyMGRhcmslMjBza3klMjBtaWxreSUyMHdheXxlbnwwfDB8fHwxNzg3MzgxMDg5fDA	Jasper Sky, Canada	Andy Holmes	andyjh07	#224153	#163547
night-sky	PCuuOOTo14g	/photo-1519936475307-336803f1a2f6?ixid=M3wxMjA3fDB8MXxzZWFyY2h8MTR8fGphc3BlciUyMGRhcmslMjBza3klMjBtaWxreSUyMHdheXxlbnwwfDB8fHwxNzg3MzgxMDg5fDA	Jasper Sky, Canada	Kody Dahl	kodieodie	#0c1522	#0a1626
night-sky	tZKgMf9vJkw	/photo-1635713233211-40e35e7637a3?ixid=M3wxMjA3fDB8MXxzZWFyY2h8MXx8bWF1bmElMjBrZWElMjBoYXdhaWklMjBtaWxreSUyMHdheXxlbnwwfDB8fHwxNzg3MzgxMDg5fDA	Mauna Kea, United States	ulziibayar badamdorj	ulzii_bayar	#28282b	#262b33
night-sky	qKGlg6cVVbQ	/photo-1635713232983-365e5bdf7606?ixid=M3wxMjA3fDB8MXxzZWFyY2h8Mnx8bWF1bmElMjBrZWElMjBoYXdhaWklMjBtaWxreSUyMHdheXxlbnwwfDB8fHwxNzg3MzgxMDg5fDA	Mauna Kea, United States	ulziibayar badamdorj	ulzii_bayar	#403b38	#383737
night-sky	nxLXZqY46eA	/photo-1635713232968-5db1e45a7644?ixid=M3wxMjA3fDB8MXxzZWFyY2h8M3x8bWF1bmElMjBrZWElMjBoYXdhaWklMjBtaWxreSUyMHdheXxlbnwwfDB8fHwxNzg3MzgxMDg5fDA	Mauna Kea, United States	ulziibayar badamdorj	ulzii_bayar	#262425	#292829
night-sky	0ci2-jZlZ-k	/photo-1635713232982-c2989da0c4bc?ixid=M3wxMjA3fDB8MXxzZWFyY2h8NHx8bWF1bmElMjBrZWElMjBoYXdhaWklMjBtaWxreSUyMHdheXxlbnwwfDB8fHwxNzg3MzgxMDg5fDA	Mauna Kea, United States	ulziibayar badamdorj	ulzii_bayar	#241b18	#251b16
night-sky	Yz0yhRUCLzo	/photo-1716759634690-26c47aca170d?ixid=M3wxMjA3fDB8MXxzZWFyY2h8NXx8bWF1bmElMjBrZWElMjBoYXdhaWklMjBtaWxreSUyMHdheXxlbnwwfDB8fHwxNzg3MzgxMDg5fDA	Mauna Kea, United States	Alex Wolfe	alxwlfe	#5f5e5e	#677786
night-sky	JWyxM71pvT0	/photo-1634066598233-9d6a071806e5?ixid=M3wxMjA3fDB8MXxzZWFyY2h8Nnx8bWF1bmElMjBrZWElMjBoYXdhaWklMjBtaWxreSUyMHdheXxlbnwwfDB8fHwxNzg3MzgxMDg5fDA	Mauna Kea, United States	Tell Death I'm Busy	telldeathphotography	#827c80	#262339
night-sky	CyD1Apg-b4o	/photo-1749758961899-c919010e211d?ixid=M3wxMjA3fDB8MXxzZWFyY2h8MXx8bGElMjBwYWxtYSUyMG1pbGt5JTIwd2F5JTIwb2JzZXJ2YXRvcnl8ZW58MHwwfHx8MTc4NzM4MTA5MHww	Canary Islands Sky, Spain	Sebastian Knoll	skenb	#3d3b3d	#090904
night-sky	FjZvxRuxcSE	/photo-1763146865132-ca06466678e7?ixid=M3wxMjA3fDB8MXxzZWFyY2h8Mnx8bGElMjBwYWxtYSUyMG1pbGt5JTIwd2F5JTIwb2JzZXJ2YXRvcnl8ZW58MHwwfHx8MTc4NzM4MTA5MHww	Canary Islands Sky, Spain	Evgeni Tcherkasski	evgenit	#322d27	#161509
night-sky	8r_wuRw0fuI	/photo-1609554189997-a4932370a926?ixid=M3wxMjA3fDB8MXxzZWFyY2h8Mnx8c3dpc3MlMjBhbHBzJTIwbWlsa3klMjB3YXl8ZW58MHwwfHx8MTc4NzM4MTA5MXww	Alps Sky, Switzerland	Kanata	tanakanata	#282548	#151837
night-sky	UzwJj7kFlko	/photo-1706126153482-2d563ee0b7f2?ixid=M3wxMjA3fDB8MXxzZWFyY2h8M3x8c3dpc3MlMjBhbHBzJTIwbWlsa3klMjB3YXl8ZW58MHwwfHx8MTc4NzM4MTA5MXww	Alps Sky, Switzerland	jkphotos.jpg	jkphotos_jpg	#434144	#474549
night-sky	dOA35bihSjk	/photo-1621178734002-ad899f4fec71?ixid=M3wxMjA3fDB8MXxzZWFyY2h8NHx8c3dpc3MlMjBhbHBzJTIwbWlsa3klMjB3YXl8ZW58MHwwfHx8MTc4NzM4MTA5MXww	Alps Sky, Switzerland	Sarthaak Maji	srtkmaji	#1f1e45	#090528
night-sky	3JWvFUvWukA	/photo-1567367378637-0bc5be04c616?ixid=M3wxMjA3fDB8MXxzZWFyY2h8NXx8c3dpc3MlMjBhbHBzJTIwbWlsa3klMjB3YXl8ZW58MHwwfHx8MTc4NzM4MTA5MXww	Alps Sky, Switzerland	Xavier von Erlach	xavier_von_erlach	#725e75	#585787
night-sky	hOP_M-WRUFM	/photo-1762435771860-a1fc65fa1f7e?ixid=M3wxMjA3fDB8MXxzZWFyY2h8Nnx8c3dpc3MlMjBhbHBzJTIwbWlsa3klMjB3YXl8ZW58MHwwfHx8MTc4NzM4MTA5MXww	Alps Sky, Switzerland	Philipp Düsel	philipp_dice	#50596d	#3667a8
night-sky	JCmvpvYdGII	/photo-1723514219970-ae4ac3a4a505?ixid=M3wxMjA3fDB8MXxzZWFyY2h8N3x8c3dpc3MlMjBhbHBzJTIwbWlsa3klMjB3YXl8ZW58MHwwfHx8MTc4NzM4MTA5MXww	Alps Sky, Switzerland	Christian Genov	chrgnln	#050e16	#030405
night-sky	vkIht0uQDS0	/photo-1600293121920-1a56768346e2?ixid=M3wxMjA3fDB8MXxzZWFyY2h8Mnx8ZG9sb21pdGVzJTIwbWlsa3klMjB3YXklMjBuaWdodHxlbnwwfDB8fHwxNzg3MzgxMDkyfDA	Dolomites Sky, Italy	Nikita Krassiouk	pestopasta	#1d1c22	#151418
night-sky	ADGPyb9jJKE	/photo-1683353133260-076708218ff5?ixid=M3wxMjA3fDB8MXxzZWFyY2h8M3x8ZG9sb21pdGVzJTIwbWlsa3klMjB3YXklMjBuaWdodHxlbnwwfDB8fHwxNzg3MzgxMDkyfDA	Dolomites Sky, Italy	Felix Rottmann	felixrottmann	#2e353d	#141615
night-sky	TE_qeyiqPyc	/photo-1630403248103-728dbbbe15e5?ixid=M3wxMjA3fDB8MXxzZWFyY2h8NHx8ZG9sb21pdGVzJTIwbWlsa3klMjB3YXklMjBuaWdodHxlbnwwfDB8fHwxNzg3MzgxMDkyfDA	Dolomites Sky, Italy	Sebastian Knoll	skenb	#3f4141	#080a04
night-sky	6eek54Am-3U	/photo-1630518684826-73a141396d95?ixid=M3wxMjA3fDB8MXxzZWFyY2h8Nnx8ZG9sb21pdGVzJTIwbWlsa3klMjB3YXklMjBuaWdodHxlbnwwfDB8fHwxNzg3MzgxMDkyfDA	Dolomites Sky, Italy	Sebastian Knoll	skenb	#454544	#191716
night-sky	WB4tBEyioyQ	/photo-1628087237452-c49e4bcf80a0?ixid=M3wxMjA3fDB8MXxzZWFyY2h8N3x8ZG9sb21pdGVzJTIwbWlsa3klMjB3YXklMjBuaWdodHxlbnwwfDB8fHwxNzg3MzgxMDkyfDA	Dolomites Sky, Italy	Nicola Pavan	pavan_nicola	#495569	#263956
night-sky	iUXB0DhKl74	/photo-1628087237974-007c9cac7f19?ixid=M3wxMjA3fDB8MXxzZWFyY2h8OHx8ZG9sb21pdGVzJTIwbWlsa3klMjB3YXklMjBuaWdodHxlbnwwfDB8fHwxNzg3MzgxMDkyfDA	Dolomites Sky, Italy	Nicola Pavan	pavan_nicola	#313e4e	#1a2735
night-sky	ItlpSSGhfyU	/photo-1691712820599-c159327225cb?ixid=M3wxMjA3fDB8MXxzZWFyY2h8MXx8aGltYWxheWElMjBtaWxreSUyMHdheSUyMG5pZ2h0fGVufDB8MHx8fDE3ODczODEwOTJ8MA	Himalaya Sky, Nepal	Reed Geiger	reedgeiger	#181f22	#05080c
night-sky	Zrr3c8VvmXw	/photo-1638867724168-ce46fcb6584a?ixid=M3wxMjA3fDB8MXxzZWFyY2h8Mnx8aGltYWxheWElMjBtaWxreSUyMHdheSUyMG5pZ2h0fGVufDB8MHx8fDE3ODczODEwOTJ8MA	Himalaya Sky, Nepal	Christian Nielsen	thesherpaboy	#212528	#050404
night-sky	wRvqoP2QWVg	/photo-1485872325464-50f17b82075a?ixid=M3wxMjA3fDB8MXxzZWFyY2h8M3x8aGltYWxheWElMjBtaWxreSUyMHdheSUyMG5pZ2h0fGVufDB8MHx8fDE3ODczODEwOTJ8MA	Himalaya Sky, Nepal	Martin Jernberg	martinjernberg	#3d3e41	#020705
night-sky	mFEF-6ycug4	/photo-1578014421596-10be38caaaa1?ixid=M3wxMjA3fDB8MXxzZWFyY2h8NHx8aGltYWxheWElMjBtaWxreSUyMHdheSUyMG5pZ2h0fGVufDB8MHx8fDE3ODczODEwOTJ8MA	Himalaya Sky, Nepal	Raghav Yadav	ballerbuoy	#25211e	#010203
night-sky	S0js7rafNAI	/photo-1598332504664-4717290189e5?ixid=M3wxMjA3fDB8MXxzZWFyY2h8Mnx8cGF0YWdvbmlhJTIwbWlsa3klMjB3YXklMjBmaXR6JTIwcm95fGVufDB8MHx8fDE3ODczODEwOTR8MA	Patagonia Sky, Argentina	Lukas Leitner	lukasleitner	#3b373c	#0e0e0e
night-sky	RQ1EzmpCjgo	/photo-1661457000438-550ec1b2af91?ixid=M3wxMjA3fDB8MXxzZWFyY2h8NHx8cGF0YWdvbmlhJTIwbWlsa3klMjB3YXklMjBmaXR6JTIwcm95fGVufDB8MHx8fDE3ODczODEwOTR8MA	Patagonia Sky, Argentina	Daniel Heritage	dheritage	#2e3230	#171915
night-sky	tGH7lSQTn2M	/photo-1767843077796-c472782e8a0b?ixid=M3wxMjA3fDB8MXxzZWFyY2h8Nnx8cGF0YWdvbmlhJTIwbWlsa3klMjB3YXklMjBmaXR6JTIwcm95fGVufDB8MHx8fDE3ODczODEwOTR8MA	Patagonia Sky, Argentina	Yang zhen	zheergen	#2d2e2a	#090805
night-sky	gPgS7gnavsA	/photo-1659293628278-11a9445d372a?ixid=M3wxMjA3fDB8MXxzZWFyY2h8N3x8cGF0YWdvbmlhJTIwbWlsa3klMjB3YXklMjBmaXR6JTIwcm95fGVufDB8MHx8fDE3ODczODEwOTR8MA	Patagonia Sky, Argentina	Marek Piwnicki	marekpiwnicki	#555a65	#343b47
night-sky	0hU6r-vMtao	/photo-1760083139794-3d6d69faabe1?ixid=M3wxMjA3fDB8MXxzZWFyY2h8OHx8cGF0YWdvbmlhJTIwbWlsa3klMjB3YXklMjBmaXR6JTIwcm95fGVufDB8MHx8fDE3ODczODEwOTR8MA	Patagonia Sky, Argentina	Oleg Demakov	odemakov	#3a4b61	#344a66
night-sky	UCmOC5fGflY	/photo-1523134257759-28f9744f03bf?ixid=M3wxMjA3fDB8MXxzZWFyY2h8MTB8fHBhdGFnb25pYSUyMG1pbGt5JTIwd2F5JTIwZml0eiUyMHJveXxlbnwwfDB8fHwxNzg3MzgxMDk0fDA	Patagonia Sky, Argentina	Daniel Gregoire	danielgregoire	#363635	#0b0b08
night-sky	0F2nvpob0_c	/photo-1595147389795-37094173bfd8?ixid=M3wxMjA3fDB8MXxzZWFyY2h8Mnx8aWNlbGFuZCUyMG1pbGt5JTIwd2F5JTIwa2lya2p1ZmVsbHxlbnwwfDB8fHwxNzg3MzgxMDk1fDA	Iceland Stars, Iceland	Ken Cheung	kencheungphoto	#154b6a	#011835
night-sky	fa9UZWQmWIg	/photo-1540582685196-7f031fa5354e?ixid=M3wxMjA3fDB8MXxzZWFyY2h8M3x8aWNlbGFuZCUyMG1pbGt5JTIwd2F5JTIwa2lya2p1ZmVsbHxlbnwwfDB8fHwxNzg3MzgxMDk1fDA	Iceland Stars, Iceland	Jonatan Pie	r3dmax	#1d3144	#152536
night-sky	w8TtcStjyWY	/photo-1516447599486-105e23dd5161?ixid=M3wxMjA3fDB8MXxzZWFyY2h8NHx8aWNlbGFuZCUyMG1pbGt5JTIwd2F5JTIwa2lya2p1ZmVsbHxlbnwwfDB8fHwxNzg3MzgxMDk1fDA	Iceland Stars, Iceland	ORLANDO HENRIQUES	orlandohenriques	#222b36	#162647
night-sky	Ff8JRN4bCIY	/photo-1683567935687-2e22ca8c9805?ixid=M3wxMjA3fDB8MXxzZWFyY2h8Nnx8aWNlbGFuZCUyMG1pbGt5JTIwd2F5JTIwa2lya2p1ZmVsbHxlbnwwfDB8fHwxNzg3MzgxMDk1fDA	Iceland Stars, Iceland	Marek Piwnicki	marekpiwnicki	#787173	#342a0a
grand-buildings	wlJTouPox_U	/photo-1650964827770-421afa7960ac?ixid=M3wxMjA3fDB8MXxzZWFyY2h8Mnx8c2FncmFkYSUyMGZhbWlsaWElMjBiYXJjZWxvbmElMjBhcmNoaXRlY3R1cmV8ZW58MHwwfHx8MTc4NzM4MTA5Nnww	Sagrada Família, Spain	Colin + Meg	colinandmeg	#696259	#353629
grand-buildings	j1iq-dE3mig	/photo-1587043211963-0352f1528f6a?ixid=M3wxMjA3fDB8MXxzZWFyY2h8M3x8c2FncmFkYSUyMGZhbWlsaWElMjBiYXJjZWxvbmElMjBhcmNoaXRlY3R1cmV8ZW58MHwwfHx8MTc4NzM4MTA5Nnww	Sagrada Família, Spain	Ruggiero Calabrese	calaru	#666a5c	#475816
grand-buildings	bNW-YvtON_Q	/photo-1567437890326-0084ea9d99e9?ixid=M3wxMjA3fDB8MXxzZWFyY2h8NHx8c2FncmFkYSUyMGZhbWlsaWElMjBiYXJjZWxvbmElMjBhcmNoaXRlY3R1cmV8ZW58MHwwfHx8MTc4NzM4MTA5Nnww	Sagrada Família, Spain	Ahmed Salem	mozarty	#89a2ce	#7599f9
grand-buildings	j4eJ3gXlVQ0	/photo-1578095172812-dcc191c5aed8?ixid=M3wxMjA3fDB8MXxzZWFyY2h8Nnx8c2FncmFkYSUyMGZhbWlsaWElMjBiYXJjZWxvbmElMjBhcmNoaXRlY3R1cmV8ZW58MHwwfHx8MTc4NzM4MTA5Nnww	Sagrada Família, Spain	Siyuan	jsycra	#978b84	#86a8a9
grand-buildings	ZBBJy9kNDww	/photo-1656597787628-62741d181641?ixid=M3wxMjA3fDB8MXxzZWFyY2h8N3x8c2FncmFkYSUyMGZhbWlsaWElMjBiYXJjZWxvbmElMjBhcmNoaXRlY3R1cmV8ZW58MHwwfHx8MTc4NzM4MTA5Nnww	Sagrada Família, Spain	Csaba Veres	sndcsab	#838b81	#01a7ca
grand-buildings	fiSUATdkVfo	/photo-1597374325883-40eab3b18712?ixid=M3wxMjA3fDB8MXxzZWFyY2h8OHx8c2FncmFkYSUyMGZhbWlsaWElMjBiYXJjZWxvbmElMjBhcmNoaXRlY3R1cmV8ZW58MHwwfHx8MTc4NzM4MTA5Nnww	Sagrada Família, Spain	Emmanuel Acua	acuamanny	#7a6a75	#94aaeb
grand-buildings	_eiEesMgOxA	/photo-1684516409051-0fc02981369e?ixid=M3wxMjA3fDB8MXxzZWFyY2h8Mnx8YWxoYW1icmElMjBncmFuYWRhJTIwYXJjaGl0ZWN0dXJlfGVufDB8MHx8fDE3ODczODEwOTd8MA	Alhambra, Spain	FotoFlo	flotography_91	#563b21	#271606
grand-buildings	hW9X-WG_13E	/photo-1719313441046-5b4c00bafd31?ixid=M3wxMjA3fDB8MXxzZWFyY2h8M3x8YWxoYW1icmElMjBncmFuYWRhJTIwYXJjaGl0ZWN0dXJlfGVufDB8MHx8fDE3ODczODEwOTd8MA	Alhambra, Spain	Sheila C	qld_traveller	#8b7966	#583b24
grand-buildings	5RlrlHVhYn8	/photo-1599897705618-514cd6d772b8?ixid=M3wxMjA3fDB8MXxzZWFyY2h8NHx8YWxoYW1icmElMjBncmFuYWRhJTIwYXJjaGl0ZWN0dXJlfGVufDB8MHx8fDE3ODczODEwOTd8MA	Alhambra, Spain	Pelayo Arbués	pelayoarbues	#7f7a78	#c5cbd4
grand-buildings	YU8B9FA886g	/photo-1528865972207-b47dfe0cac29?ixid=M3wxMjA3fDB8MXxzZWFyY2h8Nnx8YWxoYW1icmElMjBncmFuYWRhJTIwYXJjaGl0ZWN0dXJlfGVufDB8MHx8fDE3ODczODEwOTd8MA	Alhambra, Spain	Hari Nandakumar	hariprasad000	#b19674	#c9a579
grand-buildings	eB0hJ3BAhAo	/photo-1603816297274-13319a282957?ixid=M3wxMjA3fDB8MXxzZWFyY2h8N3x8YWxoYW1icmElMjBncmFuYWRhJTIwYXJjaGl0ZWN0dXJlfGVufDB8MHx8fDE3ODczODEwOTd8MA	Alhambra, Spain	Luís Cardoso	lfac	#936f56	#c79974
grand-buildings	JsxRMyqUWLU	/photo-1742081592851-3a1c57dff3dc?ixid=M3wxMjA3fDB8MXxzZWFyY2h8OHx8YWxoYW1icmElMjBncmFuYWRhJTIwYXJjaGl0ZWN0dXJlfGVufDB8MHx8fDE3ODczODEwOTd8MA	Alhambra, Spain	mandylin	mandylinc	#6a6969	#787776
grand-buildings	0xe2FGo7Vc0	/photo-1610016302534-6f67f1c968d8?ixid=M3wxMjA3fDB8MXxzZWFyY2h8Mnx8bWlsYW4lMjBkdW9tbyUyMGNhdGhlZHJhbCUyMGFyY2hpdGVjdHVyZXxlbnwwfDB8fHwxNzg3MzgxMDk3fDA	Duomo di Milano, Italy	Ouael Ben Salah	benwksi	#82807e	#a7a8a9
grand-buildings	I9MeNSxtoJ8	/photo-1572602648934-1d98de6dab48?ixid=M3wxMjA3fDB8MXxzZWFyY2h8M3x8bWlsYW4lMjBkdW9tbyUyMGNhdGhlZHJhbCUyMGFyY2hpdGVjdHVyZXxlbnwwfDB8fHwxNzg3MzgxMDk3fDA	Duomo di Milano, Italy	Daryan Shamkhali	daryan	#c6bdbb	#f4f4f7
grand-buildings	JhjDL3TZKJk	/photo-1516296270211-f3ae5494e65d?ixid=M3wxMjA3fDB8MXxzZWFyY2h8NHx8bWlsYW4lMjBkdW9tbyUyMGNhdGhlZHJhbCUyMGFyY2hpdGVjdHVyZXxlbnwwfDB8fHwxNzg3MzgxMDk3fDA	Duomo di Milano, Italy	Benjamin Voros	vorosbenisop	#213c3e	#013944
grand-buildings	r4GN1e3TYBU	/photo-1585854189634-9aaabcd884ed?ixid=M3wxMjA3fDB8MXxzZWFyY2h8Nnx8bWlsYW4lMjBkdW9tbyUyMGNhdGhlZHJhbCUyMGFyY2hpdGVjdHVyZXxlbnwwfDB8fHwxNzg3MzgxMDk3fDA	Duomo di Milano, Italy	Simon PALLARD	simonpallard	#798484	#67a9c6
grand-buildings	rOarincabHc	/photo-1630582750965-0ad2435b8c75?ixid=M3wxMjA3fDB8MXxzZWFyY2h8N3x8bWlsYW4lMjBkdW9tbyUyMGNhdGhlZHJhbCUyMGFyY2hpdGVjdHVyZXxlbnwwfDB8fHwxNzg3MzgxMDk3fDA	Duomo di Milano, Italy	Jonas Allert	visuallert	#abb2ae	#b7c9c9
grand-buildings	6k8hqKH6UtE	/photo-1693517502715-f139cf4f3e10?ixid=M3wxMjA3fDB8MXxzZWFyY2h8OHx8bWlsYW4lMjBkdW9tbyUyMGNhdGhlZHJhbCUyMGFyY2hpdGVjdHVyZXxlbnwwfDB8fHwxNzg3MzgxMDk3fDA	Duomo di Milano, Italy	Zach Rowlandson	zachr1992	#acb6bd	#b9e4f7
grand-buildings	IaFft-MrrpU	/photo-1691319683356-c8ac7f6647c1?ixid=M3wxMjA3fDB8MXxzZWFyY2h8Mnx8ZmxvcmVuY2UlMjBkdW9tbyUyMGFyY2hpdGVjdHVyZXxlbnwwfDB8fHwxNzg3MzgxMDk4fDA	Florence Cathedral, Italy	Alexandra Smielova	sashasmelova	#88898d	#878587
grand-buildings	RVeDbVS2v-8	/photo-1691319683176-614b7952eaaf?ixid=M3wxMjA3fDB8MXxzZWFyY2h8M3x8ZmxvcmVuY2UlMjBkdW9tbyUyMGFyY2hpdGVjdHVyZXxlbnwwfDB8fHwxNzg3MzgxMDk4fDA	Florence Cathedral, Italy	Alexandra Smielova	sashasmelova	#80848d	#6698d5
grand-buildings	ctNFPaYIDgI	/photo-1706286997196-d541025ac6cc?ixid=M3wxMjA3fDB8MXxzZWFyY2h8NHx8ZmxvcmVuY2UlMjBkdW9tbyUyMGFyY2hpdGVjdHVyZXxlbnwwfDB8fHwxNzg3MzgxMDk4fDA	Florence Cathedral, Italy	Andy Fluet	afluet	#4c443b	#564738
grand-buildings	uqw6lxbIK4M	/photo-1688401243704-8f7ed4b0c083?ixid=M3wxMjA3fDB8MXxzZWFyY2h8Nnx8ZmxvcmVuY2UlMjBkdW9tbyUyMGFyY2hpdGVjdHVyZXxlbnwwfDB8fHwxNzg3MzgxMDk4fDA	Florence Cathedral, Italy	Nikole Ceccarelli	nikohally	#898a88	#b7b4a9
grand-buildings	O1fvL8XMXHQ	/photo-1644775575768-467aba22a6b8?ixid=M3wxMjA3fDB8MXxzZWFyY2h8N3x8ZmxvcmVuY2UlMjBkdW9tbyUyMGFyY2hpdGVjdHVyZXxlbnwwfDB8fHwxNzg3MzgxMDk4fDA	Florence Cathedral, Italy	Alexa Portoraro	atlasalexa	#88898c	#97b9d2
grand-buildings	kKVPs2fuqHw	/photo-1782472032591-7bfc6d27a5ec?ixid=M3wxMjA3fDB8MXxzZWFyY2h8OHx8ZmxvcmVuY2UlMjBkdW9tbyUyMGFyY2hpdGVjdHVyZXxlbnwwfDB8fHwxNzg3MzgxMDk4fDA	Florence Cathedral, Italy	Ali Nuredini	alinuredini	#a4a2a1	#756758
grand-buildings	61rBB5NXuUw	/photo-1610655769765-be8a0dd9627a?ixid=M3wxMjA3fDB8MXxzZWFyY2h8Mnx8c3QlMjBwZXRlcnMlMjBiYXNpbGljYSUyMHZhdGljYW4lMjBhcmNoaXRlY3R1cmV8ZW58MHwwfHx8MTc4NzM4MTA5OXww	St. Peter's Basilica, Italy	Fabio Fistarol	fabiofistarol	#94aab0	#a7daf5
grand-buildings	mJDuO7CzO74	/photo-1523020286969-4de832476819?ixid=M3wxMjA3fDB8MXxzZWFyY2h8M3x8c3QlMjBwZXRlcnMlMjBiYXNpbGljYSUyMHZhdGljYW4lMjBhcmNoaXRlY3R1cmV8ZW58MHwwfHx8MTc4NzM4MTA5OXww	St. Peter's Basilica, Italy	Simone Savoldi	simonesavoldi	#a79a91	#958778
grand-buildings	Eq0LwAfwHDI	/photo-1546530967-21531b891dd4?ixid=M3wxMjA3fDB8MXxzZWFyY2h8NHx8c3QlMjBwZXRlcnMlMjBiYXNpbGljYSUyMHZhdGljYW4lMjBhcmNoaXRlY3R1cmV8ZW58MHwwfHx8MTc4NzM4MTA5OXww	St. Peter's Basilica, Italy	Xavier Coiffic	xaviercoiffic	#2d6c8a	#026796
grand-buildings	CI6wch6hco0	/photo-1620796580955-58b0db7e3227?ixid=M3wxMjA3fDB8MXxzZWFyY2h8Nnx8c3QlMjBwZXRlcnMlMjBiYXNpbGljYSUyMHZhdGljYW4lMjBhcmNoaXRlY3R1cmV8ZW58MHwwfHx8MTc4NzM4MTA5OXww	St. Peter's Basilica, Italy	Robert Arrington	robertarrington	#2f2f2f	#272727
grand-buildings	jUjwmlQUEGk	/photo-1575057584359-7e7464d0913e?ixid=M3wxMjA3fDB8MXxzZWFyY2h8N3x8c3QlMjBwZXRlcnMlMjBiYXNpbGljYSUyMHZhdGljYW4lMjBhcmNoaXRlY3R1cmV8ZW58MHwwfHx8MTc4NzM4MTA5OXww	St. Peter's Basilica, Italy	Fr. Barry Braum	fr_barry	#5b6271	#363b46
grand-buildings	1TLdxVTeO_0	/photo-1568797732023-0212d2c045b0?ixid=M3wxMjA3fDB8MXxzZWFyY2h8OHx8c3QlMjBwZXRlcnMlMjBiYXNpbGljYSUyMHZhdGljYW4lMjBhcmNoaXRlY3R1cmV8ZW58MHwwfHx8MTc4NzM4MTA5OXww	St. Peter's Basilica, Italy	Anna Church	annamariechurch	#7a6455	#966848
grand-buildings	TLYzsNu8md0	/photo-1614354987493-a010f414d0d1?ixid=M3wxMjA3fDB8MXxzZWFyY2h8Mnx8cGFudGhlb24lMjByb21lJTIwYXJjaGl0ZWN0dXJlfGVufDB8MHx8fDE3ODczODExMDB8MA	Pantheon, Italy	Gabriella Clare Marino	gabiontheroad	#918c86	#968676
grand-buildings	gmzBR1iREcs	/photo-1684275507407-28032196faeb?ixid=M3wxMjA3fDB8MXxzZWFyY2h8M3x8cGFudGhlb24lMjByb21lJTIwYXJjaGl0ZWN0dXJlfGVufDB8MHx8fDE3ODczODExMDB8MA	Pantheon, Italy	Nelson Rodz	nelsonrodz	#7e7975	#876646
grand-buildings	yJyXnySr2n8	/photo-1632660360844-78f86afcf39a?ixid=M3wxMjA3fDB8MXxzZWFyY2h8Nnx8cGFudGhlb24lMjByb21lJTIwYXJjaGl0ZWN0dXJlfGVufDB8MHx8fDE3ODczODExMDB8MA	Pantheon, Italy	Federico Di Dio photography	didiofederico_photographer	#755746	#8a6249
grand-buildings	dN20r1kO7vA	/photo-1714687399299-65bb774aa061?ixid=M3wxMjA3fDB8MXxzZWFyY2h8N3x8cGFudGhlb24lMjByb21lJTIwYXJjaGl0ZWN0dXJlfGVufDB8MHx8fDE3ODczODExMDB8MA	Pantheon, Italy	Nicholas Martinelli	nickmartinelli98	#686155	#746959
grand-buildings	kRFez7fGexE	/photo-1714687398943-3edbfd43b830?ixid=M3wxMjA3fDB8MXxzZWFyY2h8OHx8cGFudGhlb24lMjByb21lJTIwYXJjaGl0ZWN0dXJlfGVufDB8MHx8fDE3ODczODExMDB8MA	Pantheon, Italy	Nicholas Martinelli	nickmartinelli98	#5f6f77	#6ba2b8
grand-buildings	TjCLNrzuyUQ	/photo-1605200723310-5df264c13e22?ixid=M3wxMjA3fDB8MXxzZWFyY2h8MTB8fHBhbnRoZW9uJTIwcm9tZSUyMGFyY2hpdGVjdHVyZXxlbnwwfDB8fHwxNzg3MzgxMTAwfDA	Pantheon, Italy	Gabriella Clare Marino	gabiontheroad	#a8acad	#96aab3
grand-buildings	VFRTXGw1VjU	/photo-1552832230-c0197dd311b5?ixid=M3wxMjA3fDB8MXxzZWFyY2h8Mnx8Y29sb3NzZXVtJTIwcm9tZSUyMGFyY2hpdGVjdHVyZXxlbnwwfDB8fHwxNzg3MzgxMTAwfDA	Colosseum, Italy	David Köhler	davidkhlr	#5a8099	#67bbe8
grand-buildings	7Y015gklIDg	/photo-1663143050642-69240b347b2b?ixid=M3wxMjA3fDB8MXxzZWFyY2h8M3x8Y29sb3NzZXVtJTIwcm9tZSUyMGFyY2hpdGVjdHVyZXxlbnwwfDB8fHwxNzg3MzgxMTAwfDA	Colosseum, Italy	Matteo del Piano	matteodelpiano	#9e9999	#967966
grand-buildings	hi_52O-h5G8	/photo-1588614959060-4d144f28b207?ixid=M3wxMjA3fDB8MXxzZWFyY2h8NHx8Y29sb3NzZXVtJTIwcm9tZSUyMGFyY2hpdGVjdHVyZXxlbnwwfDB8fHwxNzg3MzgxMTAwfDA	Colosseum, Italy	Clay Banks	claybanks	#8a8579	#a7a499
grand-buildings	lUO-BjCiZEA	/photo-1509024644558-2f56ce76c490?ixid=M3wxMjA3fDB8MXxzZWFyY2h8Nnx8Y29sb3NzZXVtJTIwcm9tZSUyMGFyY2hpdGVjdHVyZXxlbnwwfDB8fHwxNzg3MzgxMTAwfDA	Colosseum, Italy	Dario Veronesi	dariovero_	#472c1f	#140a08
grand-buildings	jqSfmgvrIZs	/photo-1704915332184-68202025c9ba?ixid=M3wxMjA3fDB8MXxzZWFyY2h8N3x8Y29sb3NzZXVtJTIwcm9tZSUyMGFyY2hpdGVjdHVyZXxlbnwwfDB8fHwxNzg3MzgxMTAwfDA	Colosseum, Italy	Anton Volnuhin	antonme	#808985	#877b75
grand-buildings	rDB0GUsvjKc	/photo-1612986023929-569221d13721?ixid=M3wxMjA3fDB8MXxzZWFyY2h8OHx8Y29sb3NzZXVtJTIwcm9tZSUyMGFyY2hpdGVjdHVyZXxlbnwwfDB8fHwxNzg3MzgxMTAwfDA	Colosseum, Italy	Andrii Zhuk	kekent	#9f9583	#887658
grand-buildings	qv9DvC2hh44	/photo-1555425748-f780612e5634?ixid=M3wxMjA3fDB8MXxzZWFyY2h8Mnx8bm90cmUlMjBkYW1lJTIwcGFyaXMlMjBjYXRoZWRyYWwlMjBhcmNoaXRlY3R1cmV8ZW58MHwwfHx8MTc4NzM4MTEwMXww	Notre-Dame, France	Hannah Reding	hannahrdg	#a69496	#977568
grand-buildings	baA_F4zHxDo	/photo-1644603100283-5f29160acc51?ixid=M3wxMjA3fDB8MXxzZWFyY2h8M3x8bm90cmUlMjBkYW1lJTIwcGFyaXMlMjBjYXRoZWRyYWwlMjBhcmNoaXRlY3R1cmV8ZW58MHwwfHx8MTc4NzM4MTEwMXww	Notre-Dame, France	Sandip Roy	sandiproy_kolkata	#6f8496	#97c6fd
grand-buildings	xljW7eicGm0	/photo-1652893343528-453785c7878c?ixid=M3wxMjA3fDB8MXxzZWFyY2h8NHx8bm90cmUlMjBkYW1lJTIwcGFyaXMlMjBjYXRoZWRyYWwlMjBhcmNoaXRlY3R1cmV8ZW58MHwwfHx8MTc4NzM4MTEwMXww	Notre-Dame, France	HANVIN CHEONG	hktram0311	#c3bbb3	#c6b8a7
grand-buildings	t9yW6tegIRU	/photo-1574870310056-79c4b3c7d449?ixid=M3wxMjA3fDB8MXxzZWFyY2h8Nnx8bm90cmUlMjBkYW1lJTIwcGFyaXMlMjBjYXRoZWRyYWwlMjBhcmNoaXRlY3R1cmV8ZW58MHwwfHx8MTc4NzM4MTEwMXww	Notre-Dame, France	Marcel Strauß	martzzl	#868786	#162625
grand-buildings	uMBKOEtUi3w	/photo-1590964505487-fca8afc6a38c?ixid=M3wxMjA3fDB8MXxzZWFyY2h8N3x8bm90cmUlMjBkYW1lJTIwcGFyaXMlMjBjYXRoZWRyYWwlMjBhcmNoaXRlY3R1cmV8ZW58MHwwfHx8MTc4NzM4MTEwMXww	Notre-Dame, France	Sebastien	_sebastien	#a8abab	#d7e6fa
grand-buildings	WKtLEUqfYq4	/photo-1555397227-cbcbc55768de?ixid=M3wxMjA3fDB8MXxzZWFyY2h8OHx8bm90cmUlMjBkYW1lJTIwcGFyaXMlMjBjYXRoZWRyYWwlMjBhcmNoaXRlY3R1cmV8ZW58MHwwfHx8MTc4NzM4MTEwMXww	Notre-Dame, France	Rohan Reddy	rofotoqoto	#7f8987	#4787b6
grand-buildings	egilIFdiNVM	/photo-1654986589374-46fc6e485013?ixid=M3wxMjA3fDB8MXxzZWFyY2h8MXx8c2FpbnRlJTIwY2hhcGVsbGUlMjBwYXJpcyUyMHN0YWluZWQlMjBnbGFzc3xlbnwwfDB8fHwxNzg3MzgxMTAyfDA	Sainte-Chapelle, France	Divit Sharma	divitsharma	#564246	#291816
grand-buildings	MbPFxkoxTTw	/photo-1534781600251-463b503104b1?ixid=M3wxMjA3fDB8MXxzZWFyY2h8Mnx8c2FpbnRlJTIwY2hhcGVsbGUlMjBwYXJpcyUyMHN0YWluZWQlMjBnbGFzc3xlbnwwfDB8fHwxNzg3MzgxMTAyfDA	Sainte-Chapelle, France	Pascal Bernardon	pbernardon	#6e5c65	#796a86
grand-buildings	TZ5OFoQLso4	/photo-1760538587943-467641e8a64f?ixid=M3wxMjA3fDB8MXxzZWFyY2h8M3x8c2FpbnRlJTIwY2hhcGVsbGUlMjBwYXJpcyUyMHN0YWluZWQlMjBnbGFzc3xlbnwwfDB8fHwxNzg3MzgxMTAyfDA	Sainte-Chapelle, France	SOHAM BANERJEE	soham1991	#3e3237	#160b07
grand-buildings	ZlIIA-4sGXU	/photo-1546444809-d64eccd9fb88?ixid=M3wxMjA3fDB8MXxzZWFyY2h8NHx8c2FpbnRlJTIwY2hhcGVsbGUlMjBwYXJpcyUyMHN0YWluZWQlMjBnbGFzc3xlbnwwfDB8fHwxNzg3MzgxMTAyfDA	Sainte-Chapelle, France	Stephanie LeBlanc	sleblanc01	#614946	#281609
grand-buildings	Wuqqg1bS5V4	/photo-1760538587982-cb3242b1a8af?ixid=M3wxMjA3fDB8MXxzZWFyY2h8NXx8c2FpbnRlJTIwY2hhcGVsbGUlMjBwYXJpcyUyMHN0YWluZWQlMjBnbGFzc3xlbnwwfDB8fHwxNzg3MzgxMTAyfDA	Sainte-Chapelle, France	SOHAM BANERJEE	soham1991	#41363b	#150b07
grand-buildings	mL_VuCV5Phc	/photo-1769374343045-d47be24edadf?ixid=M3wxMjA3fDB8MXxzZWFyY2h8Nnx8c2FpbnRlJTIwY2hhcGVsbGUlMjBwYXJpcyUyMHN0YWluZWQlMjBnbGFzc3xlbnwwfDB8fHwxNzg3MzgxMTAyfDA	Sainte-Chapelle, France	Vinicius Brasil	vinib	#513f36	#674728
grand-buildings	E2oidfEHbjk	/photo-1745572821272-d00c87212c72?ixid=M3wxMjA3fDB8MXxzZWFyY2h8Mnx8bW9udCUyMHNhaW50JTIwbWljaGVsJTIwYWJiZXklMjBhcmNoaXRlY3R1cmV8ZW58MHwwfHx8MTc4NzM4MTEwM3ww	Mont-Saint-Michel Abbey, France	Thomas Dorgler	tom_drglr	#7b7369	#574739
grand-buildings	v_x92XjDUto	/photo-1588524605678-aaf666470ead?ixid=M3wxMjA3fDB8MXxzZWFyY2h8M3x8bW9udCUyMHNhaW50JTIwbWljaGVsJTIwYWJiZXklMjBhcmNoaXRlY3R1cmV8ZW58MHwwfHx8MTc4NzM4MTEwM3ww	Mont-Saint-Michel Abbey, France	Juliette Herlem	jherlm	#43473d	#040303
grand-buildings	K2IggZ5-wps	/photo-1626471937915-9ba230bb4449?ixid=M3wxMjA3fDB8MXxzZWFyY2h8NHx8bW9udCUyMHNhaW50JTIwbWljaGVsJTIwYWJiZXklMjBhcmNoaXRlY3R1cmV8ZW58MHwwfHx8MTc4NzM4MTEwM3ww	Mont-Saint-Michel Abbey, France	Joseph Terrence Pittman	bleriot	#aab1b5	#f8f9fa
grand-buildings	i9KAOAH76wo	/photo-1757771670090-19aecc1f45d9?ixid=M3wxMjA3fDB8MXxzZWFyY2h8Nnx8bW9udCUyMHNhaW50JTIwbWljaGVsJTIwYWJiZXklMjBhcmNoaXRlY3R1cmV8ZW58MHwwfHx8MTc4NzM4MTEwM3ww	Mont-Saint-Michel Abbey, France	Flora Orosz	o_flora	#3a3939	#242629
grand-buildings	Ua6YQ20azzk	/photo-1750874200437-0b38654fe83e?ixid=M3wxMjA3fDB8MXxzZWFyY2h8N3x8bW9udCUyMHNhaW50JTIwbWljaGVsJTIwYWJiZXklMjBhcmNoaXRlY3R1cmV8ZW58MHwwfHx8MTc4NzM4MTEwM3ww	Mont-Saint-Michel Abbey, France	Thijs	zthijs	#5c594e	#192314
grand-buildings	f4oLguc_wkI	/photo-1777307300523-6349c76ad26d?ixid=M3wxMjA3fDB8MXxzZWFyY2h8OHx8bW9udCUyMHNhaW50JTIwbWljaGVsJTIwYWJiZXklMjBhcmNoaXRlY3R1cmV8ZW58MHwwfHx8MTc4NzM4MTEwM3ww	Mont-Saint-Michel Abbey, France	Ludovic Delot	delot	#838584	#383725
grand-buildings	vOpcm_rehkg	/photo-1489910339994-ce69e94e4856?ixid=M3wxMjA3fDB8MXxzZWFyY2h8MXx8Y29sb2duZSUyMGNhdGhlZHJhbCUyMGFyY2hpdGVjdHVyZXxlbnwwfDB8fHwxNzg3MzgxMTA0fDA	Cologne Cathedral, Germany	Markus Gombocz	cernoel	#70706f	#787876
grand-buildings	AMvd81pK11I	/photo-1562400236-e0bd593eabba?ixid=M3wxMjA3fDB8MXxzZWFyY2h8Mnx8Y29sb2duZSUyMGNhdGhlZHJhbCUyMGFyY2hpdGVjdHVyZXxlbnwwfDB8fHwxNzg3MzgxMTA0fDA	Cologne Cathedral, Germany	Robby McCullough	mybbor	#4e5158	#484b54
grand-buildings	EFm82jRnl_g	/photo-1669890481687-cd30b295ef84?ixid=M3wxMjA3fDB8MXxzZWFyY2h8M3x8Y29sb2duZSUyMGNhdGhlZHJhbCUyMGFyY2hpdGVjdHVyZXxlbnwwfDB8fHwxNzg3MzgxMTA0fDA	Cologne Cathedral, Germany	Ezgi Deliklitas	ezgideliklitas	#83837f	#d8d9d9
grand-buildings	VOuIAXFMmUU	/photo-1697570550188-cac3c7d109a0?ixid=M3wxMjA3fDB8MXxzZWFyY2h8NHx8Y29sb2duZSUyMGNhdGhlZHJhbCUyMGFyY2hpdGVjdHVyZXxlbnwwfDB8fHwxNzg3MzgxMTA0fDA	Cologne Cathedral, Germany	nader saremi	nssaremi	#707d8b	#84a6cb
grand-buildings	KS7EW2d4E6g	/photo-1607778775701-dc20311cfb0f?ixid=M3wxMjA3fDB8MXxzZWFyY2h8NXx8Y29sb2duZSUyMGNhdGhlZHJhbCUyMGFyY2hpdGVjdHVyZXxlbnwwfDB8fHwxNzg3MzgxMTA0fDA	Cologne Cathedral, Germany	Omar Ramadan	omarvellous14	#201d19	#151612
grand-buildings	5q6jckzkbXs	/photo-1713214017697-a8fec78b09c6?ixid=M3wxMjA3fDB8MXxzZWFyY2h8Nnx8Y29sb2duZSUyMGNhdGhlZHJhbCUyMGFyY2hpdGVjdHVyZXxlbnwwfDB8fHwxNzg3MzgxMTA0fDA	Cologne Cathedral, Germany	Yuxiang Mah	yuxiangmah	#636c82	#5963a9
grand-buildings	tn2rBnvIl9I	/photo-1449452198679-05c7fd30f416?ixid=M3wxMjA3fDB8MXxzZWFyY2h8Mnx8bmV1c2Nod2Fuc3RlaW4lMjBjYXN0bGUlMjBhcmNoaXRlY3R1cmV8ZW58MHwwfHx8MTc4NzM4MTEwNXww	Neuschwanstein, Germany	Rachel Davis	rmaedavis	#6b7a78	#2a3526
grand-buildings	Y7BG6yO9Q9o	/photo-1485465053475-dd55ed3894b9?ixid=M3wxMjA3fDB8MXxzZWFyY2h8M3x8bmV1c2Nod2Fuc3RlaW4lMjBjYXN0bGUlMjBhcmNoaXRlY3R1cmV8ZW58MHwwfHx8MTc4NzM4MTEwNXww	Neuschwanstein, Germany	Mathias Konrath	konni	#87898b	#c6cbd6
grand-buildings	21DP3hytVHw	/photo-1514539079130-25950c84af65?ixid=M3wxMjA3fDB8MXxzZWFyY2h8NHx8bmV1c2Nod2Fuc3RlaW4lMjBjYXN0bGUlMjBhcmNoaXRlY3R1cmV8ZW58MHwwfHx8MTc4NzM4MTEwNXww	Neuschwanstein, Germany	Cederic Vandenberghe	cedericvandenberghe	#787b80	#342a27
grand-buildings	4CKnbVZ4Tew	/photo-1512424113276-fa9f6a112384?ixid=M3wxMjA3fDB8MXxzZWFyY2h8Nnx8bmV1c2Nod2Fuc3RlaW4lMjBjYXN0bGUlMjBhcmNoaXRlY3R1cmV8ZW58MHwwfHx8MTc4NzM4MTEwNXww	Neuschwanstein, Germany	Henrique Ferreira	rickpsd	#84796f	#452915
grand-buildings	2uAVyybMrHI	/photo-1599587997303-86d4294c5df7?ixid=M3wxMjA3fDB8MXxzZWFyY2h8N3x8bmV1c2Nod2Fuc3RlaW4lMjBjYXN0bGUlMjBhcmNoaXRlY3R1cmV8ZW58MHwwfHx8MTc4NzM4MTEwNXww	Neuschwanstein, Germany	Andreas Weilguny	aweilguny	#8f6d7c	#351928
grand-buildings	DcQ8dSqEosA	/photo-1516550710318-e34a9c74fd6a?ixid=M3wxMjA3fDB8MXxzZWFyY2h8OHx8bmV1c2Nod2Fuc3RlaW4lMjBjYXN0bGUlMjBhcmNoaXRlY3R1cmV8ZW58MHwwfHx8MTc4NzM4MTEwNXww	Neuschwanstein, Germany	Jacek Dylag	dylu	#7c7c6c	#14190a
grand-buildings	1K8pWXiRyIA	/photo-1596484552834-6a58f850e0a1?ixid=M3wxMjA3fDB8MXxzZWFyY2h8Mnx8c3QlMjBiYXNpbHMlMjBjYXRoZWRyYWwlMjBtb3Njb3clMjBhcmNoaXRlY3R1cmV8ZW58MHwwfHx8MTc4NzM4MTEwNnww	St. Basil's, Russia	Artem Beliaikin	belart84	#8cadba	#87d5f6
grand-buildings	0PsefHRQr8g	/photo-1580837119756-563d608dd119?ixid=M3wxMjA3fDB8MXxzZWFyY2h8M3x8c3QlMjBiYXNpbHMlMjBjYXRoZWRyYWwlMjBtb3Njb3clMjBhcmNoaXRlY3R1cmV8ZW58MHwwfHx8MTc4NzM4MTEwNnww	St. Basil's, Russia	Random Institute	randominstitute	#b4b2b1	#e6e8eb
grand-buildings	of-EmRp0jwg	/photo-1563166796-befbbd534d1b?ixid=M3wxMjA3fDB8MXxzZWFyY2h8NHx8c3QlMjBiYXNpbHMlMjBjYXRoZWRyYWwlMjBtb3Njb3clMjBhcmNoaXRlY3R1cmV8ZW58MHwwfHx8MTc4NzM4MTEwNnww	St. Basil's, Russia	Jaunt and Joy	jauntandjoy	#392e2f	#14151e
grand-buildings	NvSYy0EEVfc	/photo-1568011507675-1bf8abf804cf?ixid=M3wxMjA3fDB8MXxzZWFyY2h8Nnx8c3QlMjBiYXNpbHMlMjBjYXRoZWRyYWwlMjBtb3Njb3clMjBhcmNoaXRlY3R1cmV8ZW58MHwwfHx8MTc4NzM4MTEwNnww	St. Basil's, Russia	Felipe Simo	felipesimo	#567877	#035a63
grand-buildings	ptv4DBm2q5s	/photo-1559031230-b99456c7da6e?ixid=M3wxMjA3fDB8MXxzZWFyY2h8N3x8c3QlMjBiYXNpbHMlMjBjYXRoZWRyYWwlMjBtb3Njb3clMjBhcmNoaXRlY3R1cmV8ZW58MHwwfHx8MTc4NzM4MTEwNnww	St. Basil's, Russia	Anastasiya Romanova	nanichkar	#55739a	#2664b7
grand-buildings	cYFhronjQYA	/photo-1637619110896-2351ada6b2ba?ixid=M3wxMjA3fDB8MXxzZWFyY2h8OHx8c3QlMjBiYXNpbHMlMjBjYXRoZWRyYWwlMjBtb3Njb3clMjBhcmNoaXRlY3R1cmV8ZW58MHwwfHx8MTc4NzM4MTEwNnww	St. Basil's, Russia	Freysteinn G. Jonsson	freys	#abaeb4	#a9c2db
grand-buildings	JbWg7W953LY	/photo-1623621534850-d325a1980c7e?ixid=M3wxMjA3fDB8MXxzZWFyY2h8Mnx8aGFnaWElMjBzb3BoaWElMjBpc3RhbmJ1bCUyMGFyY2hpdGVjdHVyZXxlbnwwfDB8fHwxNzg3MzgxMTA2fDA	Hagia Sophia, Türkiye	Lewis J Goetz	lgoetz	#889696	#6799b7
grand-buildings	cDE_FDdPT6Y	/photo-1691446930608-98466a4bdd0f?ixid=M3wxMjA3fDB8MXxzZWFyY2h8M3x8aGFnaWElMjBzb3BoaWElMjBpc3RhbmJ1bCUyMGFyY2hpdGVjdHVyZXxlbnwwfDB8fHwxNzg3MzgxMTA2fDA	Hagia Sophia, Türkiye	Paul Bill	hoffman11	#9aa097	#192515
grand-buildings	IjHC6uFL-gs	/photo-1652102627171-0cc3c2c35916?ixid=M3wxMjA3fDB8MXxzZWFyY2h8NHx8aGFnaWElMjBzb3BoaWElMjBpc3RhbmJ1bCUyMGFyY2hpdGVjdHVyZXxlbnwwfDB8fHwxNzg3MzgxMTA2fDA	Hagia Sophia, Türkiye	Luna Zhang	lunaz	#b1a998	#b7c6c7
grand-buildings	Cn50Y3AxRvM	/photo-1633773246110-442d2a731938?ixid=M3wxMjA3fDB8MXxzZWFyY2h8Nnx8aGFnaWElMjBzb3BoaWElMjBpc3RhbmJ1bCUyMGFyY2hpdGVjdHVyZXxlbnwwfDB8fHwxNzg3MzgxMTA2fDA	Hagia Sophia, Türkiye	Mark König	markkoenig	#91979a	#64829b
grand-buildings	zFgdRhy7gWQ	/photo-1580139644189-14a08f064717?ixid=M3wxMjA3fDB8MXxzZWFyY2h8N3x8aGFnaWElMjBzb3BoaWElMjBpc3RhbmJ1bCUyMGFyY2hpdGVjdHVyZXxlbnwwfDB8fHwxNzg3MzgxMTA2fDA	Hagia Sophia, Türkiye	Osman Köycü	osmank	#9b9eab	#a8bdd7
grand-buildings	TpyQWcuVEpI	/photo-1644027616494-5be81d412a94?ixid=M3wxMjA3fDB8MXxzZWFyY2h8OHx8aGFnaWElMjBzb3BoaWElMjBpc3RhbmJ1bCUyMGFyY2hpdGVjdHVyZXxlbnwwfDB8fHwxNzg3MzgxMTA2fDA	Hagia Sophia, Türkiye	Johnny Africa	johnnyafrica	#848c8c	#87b7c9
grand-buildings	iQTmygr_WTY	/photo-1623439845420-6eb167001b2a?ixid=M3wxMjA3fDB8MXxzZWFyY2h8M3x8Ymx1ZSUyMG1vc3F1ZSUyMGlzdGFuYnVsJTIwYXJjaGl0ZWN0dXJlfGVufDB8MHx8fDE3ODczODExMDd8MA	Blue Mosque, Türkiye	Ibrahim Uzun	ibuzn	#726057	#d6ac89
grand-buildings	HywGjvT39Dk	/photo-1583014458773-7c633737edc9?ixid=M3wxMjA3fDB8MXxzZWFyY2h8NHx8Ymx1ZSUyMG1vc3F1ZSUyMGlzdGFuYnVsJTIwYXJjaGl0ZWN0dXJlfGVufDB8MHx8fDE3ODczODExMDd8MA	Blue Mosque, Türkiye	Ivan Aleksic	ivalex	#6b7a97	#849bc4
grand-buildings	JVGrtrh5nts	/photo-1676477242103-552c19a3e935?ixid=M3wxMjA3fDB8MXxzZWFyY2h8N3x8Ymx1ZSUyMG1vc3F1ZSUyMGlzdGFuYnVsJTIwYXJjaGl0ZWN0dXJlfGVufDB8MHx8fDE3ODczODExMDd8MA	Blue Mosque, Türkiye	Siamak	onlysiamak	#827f81	#4898a7
grand-buildings	Bh_NL4I4GI0	/photo-1616001597842-6c32246a2116?ixid=M3wxMjA3fDB8MXxzZWFyY2h8OHx8Ymx1ZSUyMG1vc3F1ZSUyMGlzdGFuYnVsJTIwYXJjaGl0ZWN0dXJlfGVufDB8MHx8fDE3ODczODExMDd8MA	Blue Mosque, Türkiye	adam hilles	adamhilles	#6f5962	#050a16
grand-buildings	GPPBIXffd1w	/photo-1572002832714-2a1a9809a1d3?ixid=M3wxMjA3fDB8MXxzZWFyY2h8MTB8fGJsdWUlMjBtb3NxdWUlMjBpc3RhbmJ1bCUyMGFyY2hpdGVjdHVyZXxlbnwwfDB8fHwxNzg3MzgxMTA3fDA	Blue Mosque, Türkiye	Soroush Karimi	soroushkarimi	#b9afa2	#fef3e9
grand-buildings	DA4-0pVigXs	/photo-1710162518260-1d200de27e1f?ixid=M3wxMjA3fDB8MXxzZWFyY2h8MTF8fGJsdWUlMjBtb3NxdWUlMjBpc3RhbmJ1bCUyMGFyY2hpdGVjdHVyZXxlbnwwfDB8fHwxNzg3MzgxMTA3fDA	Blue Mosque, Türkiye	Scorn Pion	scornpion	#568399	#0186d9
grand-buildings	iWMfiInivp4	/photo-1564507592333-c60657eea523?ixid=M3wxMjA3fDB8MXxzZWFyY2h8Mnx8dGFqJTIwbWFoYWwlMjBhZ3JhJTIwYXJjaGl0ZWN0dXJlfGVufDB8MHx8fDE3ODczODExMDh8MA	Taj Mahal, India	Jovyn Chamb	jovynchamb	#66959c	#09a9c3
grand-buildings	eU4pipU_8HA	/photo-1548013146-72479768bada?ixid=M3wxMjA3fDB8MXxzZWFyY2h8M3x8dGFqJTIwbWFoYWwlMjBhZ3JhJTIwYXJjaGl0ZWN0dXJlfGVufDB8MHx8fDE3ODczODExMDh8MA	Taj Mahal, India	Sylwia Bartyzel	sylwiabartyzel	#7c695b	#472517
grand-buildings	sAB4BWrQ4Y4	/photo-1587135941948-670b381f08ce?ixid=M3wxMjA3fDB8MXxzZWFyY2h8NHx8dGFqJTIwbWFoYWwlMjBhZ3JhJTIwYXJjaGl0ZWN0dXJlfGVufDB8MHx8fDE3ODczODExMDh8MA	Taj Mahal, India	Rowan Heuvel	insolitus	#cab08f	#fdd698
grand-buildings	3UDKNMKfFss	/photo-1567255097545-018d2b9c414c?ixid=M3wxMjA3fDB8MXxzZWFyY2h8Nnx8dGFqJTIwbWFoYWwlMjBhZ3JhJTIwYXJjaGl0ZWN0dXJlfGVufDB8MHx8fDE3ODczODExMDh8MA	Taj Mahal, India	Bharath Reddy	bharath_reddy	#508082	#378798
grand-buildings	_WuPjE-MPHo	/photo-1524492412937-b28074a5d7da?ixid=M3wxMjA3fDB8MXxzZWFyY2h8N3x8dGFqJTIwbWFoYWwlMjBhZ3JhJTIwYXJjaGl0ZWN0dXJlfGVufDB8MHx8fDE3ODczODExMDh8MA	Taj Mahal, India	Julian Yu	littlej1428	#9399a5	#9794a9
grand-buildings	DDiLYt_F88w	/photo-1576487248805-cf45f6bcc67f?ixid=M3wxMjA3fDB8MXxzZWFyY2h8OHx8dGFqJTIwbWFoYWwlMjBhZ3JhJTIwYXJjaGl0ZWN0dXJlfGVufDB8MHx8fDE3ODczODExMDh8MA	Taj Mahal, India	Shan Elahi	sublimetaj	#929083	#a5bac6
grand-buildings	rmvKPryg47I	/photo-1609947017136-9daf32a5eb16?ixid=M3wxMjA3fDB8MXxzZWFyY2h8Mnx8Z29sZGVuJTIwdGVtcGxlJTIwYW1yaXRzYXIlMjBhcmNoaXRlY3R1cmV8ZW58MHwwfHx8MTc4NzM4MTEwOXww	Golden Temple, India	Laurentiu Morariu	travelphotographer	#bbb2ae	#f8f5fd
grand-buildings	AGC8TusV2tI	/photo-1599840309126-7ece88628ded?ixid=M3wxMjA3fDB8MXxzZWFyY2h8M3x8Z29sZGVuJTIwdGVtcGxlJTIwYW1yaXRzYXIlMjBhcmNoaXRlY3R1cmV8ZW58MHwwfHx8MTc4NzM4MTEwOXww	Golden Temple, India	Harsharan Singh	harsharansingh20	#342513	#060503
grand-buildings	XdiskAdiZto	/photo-1583821017783-4333717df070?ixid=M3wxMjA3fDB8MXxzZWFyY2h8NHx8Z29sZGVuJTIwdGVtcGxlJTIwYW1yaXRzYXIlMjBhcmNoaXRlY3R1cmV8ZW58MHwwfHx8MTc4NzM4MTEwOXww	Golden Temple, India	Salil	salilkoli	#453215	#140b04
grand-buildings	terkRDo1pt8	/photo-1651910031161-7c75098bce75?ixid=M3wxMjA3fDB8MXxzZWFyY2h8Nnx8Z29sZGVuJTIwdGVtcGxlJTIwYW1yaXRzYXIlMjBhcmNoaXRlY3R1cmV8ZW58MHwwfHx8MTc4NzM4MTEwOXww	Golden Temple, India	Abhinav Sharma	enduringbuddha	#899ba0	#97b1cb
grand-buildings	aU9yXmIwfkw	/photo-1517427677506-ade074eb1432?ixid=M3wxMjA3fDB8MXxzZWFyY2h8N3x8Z29sZGVuJTIwdGVtcGxlJTIwYW1yaXRzYXIlMjBhcmNoaXRlY3R1cmV8ZW58MHwwfHx8MTc4NzM4MTEwOXww	Golden Temple, India	Ravi N Jha	dronemunda	#cac090	#f4d977
grand-buildings	1odHVtw2QXE	/photo-1606301762185-bb0256e01eca?ixid=M3wxMjA3fDB8MXxzZWFyY2h8OHx8Z29sZGVuJTIwdGVtcGxlJTIwYW1yaXRzYXIlMjBhcmNoaXRlY3R1cmV8ZW58MHwwfHx8MTc4NzM4MTEwOXww	Golden Temple, India	NARINDER PAL	narinder85	#aba794	#d4d6d4
grand-buildings	QXIBCvvA_jc	/photo-1582510003544-4d00b7f74220?ixid=M3wxMjA3fDB8MXxzZWFyY2h8Mnx8bWVlbmFrc2hpJTIwdGVtcGxlJTIwbWFkdXJhaSUyMGFyY2hpdGVjdHVyZXxlbnwwfDB8fHwxNzg3MzgxMTA5fDA	Meenakshi Temple, India	SIBY	siby_cd	#705a4e	#d8a575
grand-buildings	euPcmfnuOe8	/photo-1692173248120-59547c3d4653?ixid=M3wxMjA3fDB8MXxzZWFyY2h8M3x8bWVlbmFrc2hpJTIwdGVtcGxlJTIwbWFkdXJhaSUyMGFyY2hpdGVjdHVyZXxlbnwwfDB8fHwxNzg3MzgxMTA5fDA	Meenakshi Temple, India	Priya Singh	acolourfulnoise	#90998d	#374638
grand-buildings	0xQ1H6xMak4	/photo-1621787084849-ed98731b3071?ixid=M3wxMjA3fDB8MXxzZWFyY2h8NHx8bWVlbmFrc2hpJTIwdGVtcGxlJTIwbWFkdXJhaSUyMGFyY2hpdGVjdHVyZXxlbnwwfDB8fHwxNzg3MzgxMTA5fDA	Meenakshi Temple, India	Raimond Klavins	raimondklavins	#7d5f47	#966648
grand-buildings	rwFCF80qgns	/photo-1544186673-c4881521545f?ixid=M3wxMjA3fDB8MXxzZWFyY2h8Nnx8bWVlbmFrc2hpJTIwdGVtcGxlJTIwbWFkdXJhaSUyMGFyY2hpdGVjdHVyZXxlbnwwfDB8fHwxNzg3MzgxMTA5fDA	Meenakshi Temple, India	Balaji Malliswamy	blahji	#c4b6b3	#b79a94
grand-buildings	6UXnNEE-0OU	/photo-1717937209481-636135a9eee5?ixid=M3wxMjA3fDB8MXxzZWFyY2h8N3x8bWVlbmFrc2hpJTIwdGVtcGxlJTIwbWFkdXJhaSUyMGFyY2hpdGVjdHVyZXxlbnwwfDB8fHwxNzg3MzgxMTA5fDA	Meenakshi Temple, India	MIGUEL BAIXAULI	miguelbaixauli	#97b0b7	#ace6fe
grand-buildings	XWD66RNEg18	/photo-1679563097328-c7582da6be19?ixid=M3wxMjA3fDB8MXxzZWFyY2h8OHx8bWVlbmFrc2hpJTIwdGVtcGxlJTIwbWFkdXJhaSUyMGFyY2hpdGVjdHVyZXxlbnwwfDB8fHwxNzg3MzgxMTA5fDA	Meenakshi Temple, India	Kamakshi subramani	prasi898	#9c96a5	#a797a7
grand-buildings	z_De4o7rMTk	/photo-1688257899811-d96d969416bf?ixid=M3wxMjA3fDB8MXxzZWFyY2h8Mnx8bG90dXMlMjB0ZW1wbGUlMjBkZWxoaSUyMGFyY2hpdGVjdHVyZXxlbnwwfDB8fHwxNzg3MzgxMTEwfDA	Lotus Temple, India	Jayanth Muppaneni	jay_5	#688297	#4588d8
grand-buildings	ePyY_T5d6RI	/photo-1582450724147-0ee17201a14c?ixid=M3wxMjA3fDB8MXxzZWFyY2h8M3x8bG90dXMlMjB0ZW1wbGUlMjBkZWxoaSUyMGFyY2hpdGVjdHVyZXxlbnwwfDB8fHwxNzg3MzgxMTEwfDA	Lotus Temple, India	Swapnil Deshpandey	simplyswapnil	#afb9d2	#d7daf3
grand-buildings	gBDrLLH8aII	/photo-1668971786470-441d20a8fdca?ixid=M3wxMjA3fDB8MXxzZWFyY2h8NHx8bG90dXMlMjB0ZW1wbGUlMjBkZWxoaSUyMGFyY2hpdGVjdHVyZXxlbnwwfDB8fHwxNzg3MzgxMTEwfDA	Lotus Temple, India	Srinivas Sahu	srinivas88	#928a74	#a66648
grand-buildings	zlH-ffSPQxU	/photo-1607960346367-8ef3b7a108e3?ixid=M3wxMjA3fDB8MXxzZWFyY2h8Nnx8bG90dXMlMjB0ZW1wbGUlMjBkZWxoaSUyMGFyY2hpdGVjdHVyZXxlbnwwfDB8fHwxNzg3MzgxMTEwfDA	Lotus Temple, India	Matthew TenBruggencate	mtenbruggencate	#908f8f	#b1bac6
grand-buildings	taMC4GtAhpI	/photo-1722477249866-0a920e6d3013?ixid=M3wxMjA3fDB8MXxzZWFyY2h8N3x8bG90dXMlMjB0ZW1wbGUlMjBkZWxoaSUyMGFyY2hpdGVjdHVyZXxlbnwwfDB8fHwxNzg3MzgxMTEwfDA	Lotus Temple, India	Updesh Raj	updesh007	#7e8784	#a9b6c9
grand-buildings	cG29xbfFZHY	/photo-1667197894840-00238887e15b?ixid=M3wxMjA3fDB8MXxzZWFyY2h8OHx8bG90dXMlMjB0ZW1wbGUlMjBkZWxoaSUyMGFyY2hpdGVjdHVyZXxlbnwwfDB8fHwxNzg3MzgxMTEwfDA	Lotus Temple, India	Brijender Dua	bridgeofnoon	#b9b4ab	#fefefe
grand-buildings	WT7wePyX8Ik	/photo-1557901141-9d47c57c366b?ixid=M3wxMjA3fDB8MXxzZWFyY2h8Mnx8YW5na29yJTIwd2F0JTIwdGVtcGxlJTIwYXJjaGl0ZWN0dXJlfGVufDB8MHx8fDE3ODczODExMTF8MA	Angkor Wat, Cambodia	Souris	madsouris	#6f7d84	#474a45
grand-buildings	yoLyIFf6280	/photo-1693276206317-a78574082bfc?ixid=M3wxMjA3fDB8MXxzZWFyY2h8M3x8YW5na29yJTIwd2F0JTIwdGVtcGxlJTIwYXJjaGl0ZWN0dXJlfGVufDB8MHx8fDE3ODczODExMTF8MA	Angkor Wat, Cambodia	Somoun Bo	somoun_817	#6b8376	#98c6d4
grand-buildings	WeN5xex_Pzk	/photo-1650347648000-b9a0581a147f?ixid=M3wxMjA3fDB8MXxzZWFyY2h8NHx8YW5na29yJTIwd2F0JTIwdGVtcGxlJTIwYXJjaGl0ZWN0dXJlfGVufDB8MHx8fDE3ODczODExMTF8MA	Angkor Wat, Cambodia	Reena Yadav	reenay305	#a39b8d	#a5967b
grand-buildings	hYq1BJpiHPs	/photo-1665386949480-75643c2de56f?ixid=M3wxMjA3fDB8MXxzZWFyY2h8Nnx8YW5na29yJTIwd2F0JTIwdGVtcGxlJTIwYXJjaGl0ZWN0dXJlfGVufDB8MHx8fDE3ODczODExMTF8MA	Angkor Wat, Cambodia	Vantha So	vanthaso	#80856f	#554929
grand-buildings	GhmdYzOzrz4	/photo-1704430079872-fa36578c9010?ixid=M3wxMjA3fDB8MXxzZWFyY2h8N3x8YW5na29yJTIwd2F0JTIwdGVtcGxlJTIwYXJjaGl0ZWN0dXJlfGVufDB8MHx8fDE3ODczODExMTF8MA	Angkor Wat, Cambodia	Sheila C	qld_traveller	#78806c	#86a547
grand-buildings	uixzv5F7S6E	/photo-1650696326451-aa24307fc47e?ixid=M3wxMjA3fDB8MXxzZWFyY2h8OHx8YW5na29yJTIwd2F0JTIwdGVtcGxlJTIwYXJjaGl0ZWN0dXJlfGVufDB8MHx8fDE3ODczODExMTF8MA	Angkor Wat, Cambodia	Aritra Roy	aritraroys	#736c60	#584937
grand-buildings	hyfBZRswnWA	/photo-1689904575573-ac10f7edc6f9?ixid=M3wxMjA3fDB8MXxzZWFyY2h8Mnx8Ym9yb2J1ZHVyJTIwdGVtcGxlJTIwYXJjaGl0ZWN0dXJlfGVufDB8MHx8fDE3ODczODExMTJ8MA	Borobudur, Indonesia	Hongbin	hbsun2013	#7e7d7c	#766859
grand-buildings	hd3ODDGQzzc	/photo-1637838827219-c1604c15a01c?ixid=M3wxMjA3fDB8MXxzZWFyY2h8M3x8Ym9yb2J1ZHVyJTIwdGVtcGxlJTIwYXJjaGl0ZWN0dXJlfGVufDB8MHx8fDE3ODczODExMTJ8MA	Borobudur, Indonesia	Yassine el Ouazzani	kwarkjes	#898c92	#978677
grand-buildings	28joUilHigc	/photo-1596402184320-417e7178b2cd?ixid=M3wxMjA3fDB8MXxzZWFyY2h8NHx8Ym9yb2J1ZHVyJTIwdGVtcGxlJTIwYXJjaGl0ZWN0dXJlfGVufDB8MHx8fDE3ODczODExMTJ8MA	Borobudur, Indonesia	Steffen Bertram	steffen_bertram	#7e6558	#362a25
grand-buildings	04_KgZueVro	/photo-1711704595645-bc5216e4eeb9?ixid=M3wxMjA3fDB8MXxzZWFyY2h8Nnx8Ym9yb2J1ZHVyJTIwdGVtcGxlJTIwYXJjaGl0ZWN0dXJlfGVufDB8MHx8fDE3ODczODExMTJ8MA	Borobudur, Indonesia	Kusuma	iindahe	#91a29b	#c5e8fa
grand-buildings	uCkq6wj3hm0	/photo-1556375413-f6cdc5e17398?ixid=M3wxMjA3fDB8MXxzZWFyY2h8N3x8Ym9yb2J1ZHVyJTIwdGVtcGxlJTIwYXJjaGl0ZWN0dXJlfGVufDB8MHx8fDE3ODczODExMTJ8MA	Borobudur, Indonesia	Eugenia Clara @fleetingstill	eugeniaclara	#678491	#3897d8
grand-buildings	np4tN1ALQDE	/photo-1631340729644-8b8aad1e9dba?ixid=M3wxMjA3fDB8MXxzZWFyY2h8OHx8Ym9yb2J1ZHVyJTIwdGVtcGxlJTIwYXJjaGl0ZWN0dXJlfGVufDB8MHx8fDE3ODczODExMTJ8MA	Borobudur, Indonesia	Manya Krishnaswamy	manyaaa	#68645e	#37322c
grand-buildings	_QTeGT478_8	/photo-1578469550956-0e16b69c6a3d?ixid=M3wxMjA3fDB8MXxzZWFyY2h8Mnx8cHJhbWJhbmFuJTIwdGVtcGxlJTIwYXJjaGl0ZWN0dXJlfGVufDB8MHx8fDE3ODczODExMTN8MA	Prambanan, Indonesia	Eugenia Clara @fleetingstill	eugeniaclara	#728d9e	#489dd1
grand-buildings	timeiBVLB8E	/photo-1621869606578-1561708a7e09?ixid=M3wxMjA3fDB8MXxzZWFyY2h8M3x8cHJhbWJhbmFuJTIwdGVtcGxlJTIwYXJjaGl0ZWN0dXJlfGVufDB8MHx8fDE3ODczODExMTN8MA	Prambanan, Indonesia	Wendy Winarno	wendywinarno	#898274	#b5bab8
grand-buildings	esSYEOq4s9U	/photo-1566559631170-a462eb20c432?ixid=M3wxMjA3fDB8MXxzZWFyY2h8NHx8cHJhbWJhbmFuJTIwdGVtcGxlJTIwYXJjaGl0ZWN0dXJlfGVufDB8MHx8fDE3ODczODExMTN8MA	Prambanan, Indonesia	Afif Ramdhasuma	javaistan	#838a80	#888746
grand-buildings	Q-MaZjLD-2c	/photo-1742281741126-6ce8d4e6e7bc?ixid=M3wxMjA3fDB8MXxzZWFyY2h8Nnx8cHJhbWJhbmFuJTIwdGVtcGxlJTIwYXJjaGl0ZWN0dXJlfGVufDB8MHx8fDE3ODczODExMTN8MA	Prambanan, Indonesia	Zoshua Colah	zoshuacolah	#9d8d82	#372417
grand-buildings	9yIg3rV6sDM	/photo-1590084505160-eb05e888643a?ixid=M3wxMjA3fDB8MXxzZWFyY2h8N3x8cHJhbWJhbmFuJTIwdGVtcGxlJTIwYXJjaGl0ZWN0dXJlfGVufDB8MHx8fDE3ODczODExMTN8MA	Prambanan, Indonesia	apryan widodo	apryan_cahyo	#798d99	#87b4e5
grand-buildings	Ksga1ArE94k	/photo-1697116365584-c86999b2fb7a?ixid=M3wxMjA3fDB8MXxzZWFyY2h8OHx8cHJhbWJhbmFuJTIwdGVtcGxlJTIwYXJjaGl0ZWN0dXJlfGVufDB8MHx8fDE3ODczODExMTN8MA	Prambanan, Indonesia	Abiyyu Zahy	abizahy	#999c8d	#e8eae8
grand-buildings	B64B6-kAWlw	/photo-1563492065599-3520f775eeed?ixid=M3wxMjA3fDB8MXxzZWFyY2h8Mnx8d2F0JTIwYXJ1biUyMGJhbmdrb2slMjBhcmNoaXRlY3R1cmV8ZW58MHwwfHx8MTc4NzM4MTExM3ww	Wat Arun, Thailand	Alejandro Cartagena 🇲🇽🏳‍🌈	cartayen	#98b3b3	#57a6c5
grand-buildings	0DKDTSFBXc8	/photo-1613672803979-a6edfc5a179b?ixid=M3wxMjA3fDB8MXxzZWFyY2h8M3x8d2F0JTIwYXJ1biUyMGJhbmdrb2slMjBhcmNoaXRlY3R1cmV8ZW58MHwwfHx8MTc4NzM4MTExM3ww	Wat Arun, Thailand	Anantachai Saothong	thisismanta	#a9acab	#a6b6c7
grand-buildings	Wo0K--ktL_M	/photo-1558655838-6895927b8340?ixid=M3wxMjA3fDB8MXxzZWFyY2h8NHx8d2F0JTIwYXJ1biUyMGJhbmdrb2slMjBhcmNoaXRlY3R1cmV8ZW58MHwwfHx8MTc4NzM4MTExM3ww	Wat Arun, Thailand	REY MELVIN CARAAN	reymelvinwafu	#cfcec8	#e6eae6
grand-buildings	KipWnQeqUhc	/photo-1586098311577-520120ba3df3?ixid=M3wxMjA3fDB8MXxzZWFyY2h8Nnx8d2F0JTIwYXJ1biUyMGJhbmdrb2slMjBhcmNoaXRlY3R1cmV8ZW58MHwwfHx8MTc4NzM4MTExM3ww	Wat Arun, Thailand	Sung Shin	ironstagram	#7396a1	#358cc4
grand-buildings	VlMH50V1Ris	/photo-1690299490301-2eb3865bee58?ixid=M3wxMjA3fDB8MXxzZWFyY2h8N3x8d2F0JTIwYXJ1biUyMGJhbmdrb2slMjBhcmNoaXRlY3R1cmV8ZW58MHwwfHx8MTc4NzM4MTExM3ww	Wat Arun, Thailand	Wally Yang	wallygood	#6a7270	#76a8d5
grand-buildings	2M8lwD1KmZg	/photo-1728017237938-8829b36c1850?ixid=M3wxMjA3fDB8MXxzZWFyY2h8OHx8d2F0JTIwYXJ1biUyMGJhbmdrb2slMjBhcmNoaXRlY3R1cmV8ZW58MHwwfHx8MTc4NzM4MTExM3ww	Wat Arun, Thailand	Prashant	prashantbrahmbhatt	#aaa1a0	#cad5e4
grand-buildings	yeH36Ubdhwk	/photo-1711490553937-40b8ca4161b8?ixid=M3wxMjA3fDB8MXxzZWFyY2h8MXx8a2l5b21penUlMjBkZXJhJTIwa3lvdG8lMjBhcmNoaXRlY3R1cmV8ZW58MHwwfHx8MTc4NzM4MTExNHww	Kiyomizu-dera, Japan	realfish	realfish	#7e8286	#242a26
grand-buildings	fNSmm92MMs4	/photo-1649129683265-15a9aaf99f49?ixid=M3wxMjA3fDB8MXxzZWFyY2h8Mnx8a2l5b21penUlMjBkZXJhJTIwa3lvdG8lMjBhcmNoaXRlY3R1cmV8ZW58MHwwfHx8MTc4NzM4MTExNHww	Kiyomizu-dera, Japan	yomogi	yomogi_86	#6f5d51	#858586
grand-buildings	JKKCCaIRb4Q	/photo-1669954791579-15a45890449f?ixid=M3wxMjA3fDB8MXxzZWFyY2h8M3x8a2l5b21penUlMjBkZXJhJTIwa3lvdG8lMjBhcmNoaXRlY3R1cmV8ZW58MHwwfHx8MTc4NzM4MTExNHww	Kiyomizu-dera, Japan	Griffin Quinn	griffinquinn	#7b6b67	#170604
grand-buildings	pTl7JQ-7jYo	/photo-1580393415848-d3c798779aaa?ixid=M3wxMjA3fDB8MXxzZWFyY2h8NHx8a2l5b21penUlMjBkZXJhJTIwa3lvdG8lMjBhcmNoaXRlY3R1cmV8ZW58MHwwfHx8MTc4NzM4MTExNHww	Kiyomizu-dera, Japan	ZHIJIAN DAI	david_dai	#818fa6	#95a9c5
grand-buildings	7ZY1xQZ9u8c	/photo-1655222330870-1c2a0fc3fea7?ixid=M3wxMjA3fDB8MXxzZWFyY2h8NXx8a2l5b21penUlMjBkZXJhJTIwa3lvdG8lMjBhcmNoaXRlY3R1cmV8ZW58MHwwfHx8MTc4NzM4MTExNHww	Kiyomizu-dera, Japan	shun idota	itzshunnn	#999aa1	#e6e5ea
grand-buildings	m-l887DZgVs	/photo-1552747661-4cb48fb0dd07?ixid=M3wxMjA3fDB8MXxzZWFyY2h8Nnx8a2l5b21penUlMjBkZXJhJTIwa3lvdG8lMjBhcmNoaXRlY3R1cmV8ZW58MHwwfHx8MTc4NzM4MTExNHww	Kiyomizu-dera, Japan	Perspective Nature	perspectivenature	#7b837c	#a7b7b5
grand-buildings	0FCIDUclVoY	/photo-1593297304752-7ca5864360f5?ixid=M3wxMjA3fDB8MXxzZWFyY2h8MXx8dG9kYWlqaSUyMG5hcmElMjBhcmNoaXRlY3R1cmV8ZW58MHwwfHx8MTc4NzM4MTExNXww	Tōdai-ji, Japan	Vladimir Haltakov	haltakov	#929188	#a6a558
grand-buildings	XS83BJ5Faok	/photo-1720573166278-4ac6ba745a2a?ixid=M3wxMjA3fDB8MXxzZWFyY2h8Mnx8dG9kYWlqaSUyMG5hcmElMjBhcmNoaXRlY3R1cmV8ZW58MHwwfHx8MTc4NzM4MTExNXww	Tōdai-ji, Japan	Alex	junypr	#737c84	#86a5d9
grand-buildings	_B4O5TnrApI	/photo-1700843788786-ca0b7a5cf373?ixid=M3wxMjA3fDB8MXxzZWFyY2h8M3x8dG9kYWlqaSUyMG5hcmElMjBhcmNoaXRlY3R1cmV8ZW58MHwwfHx8MTc4NzM4MTExNXww	Tōdai-ji, Japan	Hanna May	hanna405	#828e99	#66a9f7
grand-buildings	DwCKck8G278	/photo-1735820432450-99f3cde77d5b?ixid=M3wxMjA3fDB8MXxzZWFyY2h8NHx8dG9kYWlqaSUyMG5hcmElMjBhcmNoaXRlY3R1cmV8ZW58MHwwfHx8MTc4NzM4MTExNXww	Tōdai-ji, Japan	Koon Chakhatrakan	koonspace	#877f73	#574937
grand-buildings	mD4N1p643R4	/photo-1593297371998-f3406378b8cf?ixid=M3wxMjA3fDB8MXxzZWFyY2h8NXx8dG9kYWlqaSUyMG5hcmElMjBhcmNoaXRlY3R1cmV8ZW58MHwwfHx8MTc4NzM4MTExNXww	Tōdai-ji, Japan	Vladimir Haltakov	haltakov	#a7aca8	#a6c8e4
grand-buildings	y5yOqWItXtM	/photo-1578639755533-2c52ba911914?ixid=M3wxMjA3fDB8MXxzZWFyY2h8Nnx8dG9kYWlqaSUyMG5hcmElMjBhcmNoaXRlY3R1cmV8ZW58MHwwfHx8MTc4NzM4MTExNXww	Tōdai-ji, Japan	Cosmin Georgian	cosmingeorgian	#597779	#04b5c9
grand-buildings	iBuTNlPkR84	/photo-1573042961241-2a025d463117?ixid=M3wxMjA3fDB8MXxzZWFyY2h8MXx8YnlvZG9pbiUyMHVqaSUyMGFyY2hpdGVjdHVyZXxlbnwwfDB8fHwxNzg3MzgxMTE2fDA	Byōdō-in, Japan	Zion C	jcs_chen	#96946d	#849867
grand-buildings	MCxK1wTyhCA	/photo-1777648921946-06870206787c?ixid=M3wxMjA3fDB8MXxzZWFyY2h8Mnx8YnlvZG9pbiUyMHVqaSUyMGFyY2hpdGVjdHVyZXxlbnwwfDB8fHwxNzg3MzgxMTE2fDA	Byōdō-in, Japan	Ryan Moorhouse	ryanm98981	#697578	#787736
grand-buildings	TSDzyC4HDyE	/photo-1779829278692-30fa673eef37?ixid=M3wxMjA3fDB8MXxzZWFyY2h8M3x8YnlvZG9pbiUyMHVqaSUyMGFyY2hpdGVjdHVyZXxlbnwwfDB8fHwxNzg3MzgxMTE2fDA	Byōdō-in, Japan	Jakub Tomasik	jakubeq	#505750	#2a3408
grand-buildings	T1DD_WtuXFY	/photo-1779829278713-00a4b4bf7f75?ixid=M3wxMjA3fDB8MXxzZWFyY2h8NHx8YnlvZG9pbiUyMHVqaSUyMGFyY2hpdGVjdHVyZXxlbnwwfDB8fHwxNzg3MzgxMTE2fDA	Byōdō-in, Japan	Jakub Tomasik	jakubeq	#6d6869	#361914
grand-buildings	kmV58Dd9a9A	/photo-1779829278631-41f42c827f46?ixid=M3wxMjA3fDB8MXxzZWFyY2h8NXx8YnlvZG9pbiUyMHVqaSUyMGFyY2hpdGVjdHVyZXxlbnwwfDB8fHwxNzg3MzgxMTE2fDA	Byōdō-in, Japan	Jakub Tomasik	jakubeq	#657176	#273309
grand-buildings	-XWEwWRHiUY	/photo-1777648759718-73c572fb9321?ixid=M3wxMjA3fDB8MXxzZWFyY2h8Nnx8YnlvZG9pbiUyMHVqaSUyMGFyY2hpdGVjdHVyZXxlbnwwfDB8fHwxNzg3MzgxMTE2fDA	Byōdō-in, Japan	Ryan Moorhouse	ryanm98981	#67727b	#495426
grand-buildings	0xn9T2cEigE	/photo-1584872589930-e99fe5bf4408?ixid=M3wxMjA3fDB8MXxzZWFyY2h8Mnx8Zm9yYmlkZGVuJTIwY2l0eSUyMGJlaWppbmclMjBhcmNoaXRlY3R1cmV8ZW58MHwwfHx8MTc4NzM4MTExNnww	Forbidden City, China	Victor He	victorhwn725	#859197	#a7bac8
grand-buildings	LkyYLdL3WxE	/photo-1614555383820-941c466f1b52?ixid=M3wxMjA3fDB8MXxzZWFyY2h8M3x8Zm9yYmlkZGVuJTIwY2l0eSUyMGJlaWppbmclMjBhcmNoaXRlY3R1cmV8ZW58MHwwfHx8MTc4NzM4MTExNnww	Forbidden City, China	Rafik Wahba	rafikwahba	#767982	#56a7fc
grand-buildings	wXyf-U8HqiI	/photo-1577706881850-bf7c7d8906a5?ixid=M3wxMjA3fDB8MXxzZWFyY2h8NHx8Zm9yYmlkZGVuJTIwY2l0eSUyMGJlaWppbmclMjBhcmNoaXRlY3R1cmV8ZW58MHwwfHx8MTc4NzM4MTExNnww	Forbidden City, China	__ drz __	__drz__	#bbbac0	#cac7c6
grand-buildings	Uk19VsygF9Y	/photo-1590301729964-23833732ee04?ixid=M3wxMjA3fDB8MXxzZWFyY2h8Nnx8Zm9yYmlkZGVuJTIwY2l0eSUyMGJlaWppbmclMjBhcmNoaXRlY3R1cmV8ZW58MHwwfHx8MTc4NzM4MTExNnww	Forbidden City, China	Peter Zhou	zhoup	#846d5e	#b64427
